member_id,first_name,last_name,party,state,name.x,member,alias,name.y
NA,Aaron,Schock,R,IL,aaron schock,NA,NA,NA
NA,Adam,Schiff,D,CA,adam schiff,NA,NA,NA
NA,Adam,Kinzinger,R,IL,adam kinzinger,NA,NA,NA
NA,Adam,Smith,D,WA,adam smith,NA,NA,NA
NA,Adrian,Smith,R,NE,adrian smith,NA,NA,NA
NA,Al,Green,D,TX,al green,NA,NA,NA
NA,Alan,Grayson,D,FL,alan grayson,NA,NA,NA
NA,Alan,Nunnelee,R,MS,alan nunnelee,NA,NA,NA
NA,Alan,Lowenthal,D,CA,alan lowenthal,NA,NA,NA
NA,Albio,Sires,D,NJ,albio sires,NA,NA,NA
NA,Alcee,Hastings,D,FL,alcee hastings,NA,NA,NA
NA,Allyson,Schwartz,D,PA,allyson schwartz,NA,NA,NA
NA,Alma,Adams,D,NC,alma adams,NA,NA,NA
NA,Ami,Bera,D,CA,ami bera,NA,NA,NA
NA,Ander,Crenshaw,R,FL,ander crenshaw,NA,NA,NA
NA,André,Carson,D,IN,andr carson,NA,NA,NA
NA,Garland,Barr,R,KY,garland barr,NA,NA,NA
NA,Andy,Harris,R,MD,andy harris,NA,NA,NA
NA,Ann,Kirkpatrick,D,AZ,ann kirkpatrick,NA,NA,NA
NA,Ann,Kuster,D,NH,ann kuster,NA,NA,NA
NA,Ann,Wagner,R,MO,ann wagner,NA,NA,NA
NA,Anna,Eshoo,D,CA,anna eshoo,NA,NA,NA
NA,Austin,Scott,R,GA,austin scott,NA,NA,NA
NA,Barbara,Lee,D,CA,barbara lee,NA,NA,NA
NA,Ben,Luján,D,NM,ben luj n,NA,NA,NA
NA,Bennie,Thompson,D,MS,bennie thompson,NA,NA,NA
NA,Beto,O’Rourke,D,TX,beto o rourke,NA,NA,NA
NA,Betty,McCollum,D,MN,betty mccollum,NA,NA,NA
NA,Bill,Cassidy,R,LA,bill cassidy,NA,NA,NA
NA,Bill,Flores,R,TX,bill flores,NA,NA,NA
NA,Bill,Foster,D,IL,bill foster,NA,NA,NA
NA,Bill,Huizenga,R,MI,bill huizenga,NA,NA,NA
NA,Bill,Johnson,R,OH,bill johnson,NA,NA,NA
NA,Bill,Pascrell,D,NJ,bill pascrell,NA,NA,NA
NA,Bill,Posey,R,FL,bill posey,NA,NA,NA
NA,Bill,Shuster,R,PA,bill shuster,NA,NA,NA
NA,Billy,Long,R,MO,billy long,NA,NA,NA
NA,Blaine,Luetkemeyer,R,MO,blaine luetkemeyer,NA,NA,NA
NA,Blake,Farenthold,R,TX,blake farenthold,NA,NA,NA
NA,Bob,Gibbs,R,OH,bob gibbs,NA,NA,NA
NA,Bob,Goodlatte,R,VA,bob goodlatte,NA,NA,NA
NA,Bobby,Rush,D,IL,bobby rush,NA,NA,NA
NA,Brad,Wenstrup,R,OH,brad wenstrup,NA,NA,NA
NA,Brad,Sherman,D,CA,brad sherman,NA,NA,NA
NA,Bradley,Byrne,R,AL,bradley byrne,NA,NA,NA
NA,Bradley,Schneider,D,IL,bradley schneider,NA,NA,NA
NA,Brett,Guthrie,R,KY,brett guthrie,NA,NA,NA
NA,Brian,Higgins,D,NY,brian higgins,NA,NA,NA
NA,Bruce,Braley,D,IA,bruce braley,NA,NA,NA
NA,C.,Ruppersberger,D,MD,c ruppersberger,NA,NA,NA
NA,C.,Young,R,FL,c young,NA,NA,NA
NA,Candice,Miller,R,MI,candice miller,NA,NA,NA
NA,Carol,Shea-Porter,D,NH,carol shea porter,NA,NA,NA
NA,Carolyn,Maloney,D,NY,carolyn maloney,NA,NA,NA
NA,Carolyn,McCarthy,D,NY,carolyn mccarthy,NA,NA,NA
NA,Cathy,McMorris Rodgers,R,WA,cathy mcmorris rodgers,NA,NA,NA
NA,Cedric,Richmond,D,LA,cedric richmond,NA,NA,NA
NA,Chaka,Fattah,D,PA,chaka fattah,NA,NA,NA
NA,Charles,Rangel,D,NY,charles rangel,NA,NA,NA
NA,Charles,Fleischmann,R,TN,charles fleischmann,NA,NA,NA
NA,Charles,Boustany,R,LA,charles boustany,NA,NA,NA
NA,Charles,Dent,R,PA,charles dent,NA,NA,NA
NA,Chellie,Pingree,D,ME,chellie pingree,NA,NA,NA
NA,Cheri,Bustos,D,IL,cheri bustos,NA,NA,NA
NA,Chris,Collins,R,NY,chris collins,NA,NA,NA
NA,Chris,Stewart,R,UT,chris stewart,NA,NA,NA
NA,Chris,Van Hollen,D,MD,chris van hollen,NA,NA,NA
NA,Christopher,Smith,R,NJ,christopher smith,NA,NA,NA
NA,Christopher,Gibson,R,NY,christopher gibson,NA,NA,NA
NA,Colleen,Hanabusa,D,HI,colleen hanabusa,NA,NA,NA
NA,Collin,Peterson,D,MN,collin peterson,NA,NA,NA
NA,Corrine,Brown,D,FL,corrine brown,NA,NA,NA
NA,Cory,Gardner,R,CO,cory gardner,NA,NA,NA
NA,Curtis,Clawson,R,FL,curtis clawson,NA,NA,NA
NA,Cynthia,Lummis,R,WY,cynthia lummis,NA,NA,NA
NA,Dan,Benishek,R,MI,dan benishek,NA,NA,NA
NA,Dana,Rohrabacher,R,CA,dana rohrabacher,NA,NA,NA
NA,Daniel,Maffei,D,NY,daniel maffei,NA,NA,NA
NA,Daniel,Lipinski,D,IL,daniel lipinski,NA,NA,NA
NA,Daniel,Kildee,D,MI,daniel kildee,NA,NA,NA
NA,Daniel,Webster,R,FL,daniel webster,NA,NA,NA
NA,Danny,Davis,D,IL,danny davis,NA,NA,NA
NA,Darrell,Issa,R,CA,darrell issa,NA,NA,NA
NA,David,Brat,R,VA,david brat,NA,NA,NA
NA,Dave,Camp,R,MI,dave camp,NA,NA,NA
NA,David,McKinley,R,WV,david mckinley,NA,NA,NA
NA,David,Price,D,NC,david price,NA,NA,NA
NA,David,Reichert,R,WA,david reichert,NA,NA,NA
NA,David,Valadao,R,CA,david valadao,NA,NA,NA
NA,David,Loebsack,D,IA,david loebsack,NA,NA,NA
NA,David,Cicilline,D,RI,david cicilline,NA,NA,NA
NA,David,Joyce,R,OH,david joyce,NA,NA,NA
NA,David,Roe,R,TN,david roe,NA,NA,NA
NA,David,Schweikert,R,AZ,david schweikert,NA,NA,NA
NA,David,Scott,D,GA,david scott,NA,NA,NA
NA,David,Jolly,R,FL,david jolly,NA,NA,NA
NA,Debbie,Wasserman Schultz,D,FL,debbie wasserman schultz,NA,NA,NA
NA,Dennis,Ross,R,FL,dennis ross,NA,NA,NA
NA,Denny,Heck,D,WA,denny heck,NA,NA,NA
NA,Derek,Kilmer,D,WA,derek kilmer,NA,NA,NA
NA,Devin,Nunes,R,CA,devin nunes,NA,NA,NA
NA,Diana,DeGette,D,CO,diana degette,NA,NA,NA
NA,Diane,Black,R,TN,diane black,NA,NA,NA
NA,Dina,Titus,D,NV,dina titus,NA,NA,NA
NA,Doc,Hastings,R,WA,doc hastings,NA,NA,NA
NA,Don,Young,R,AK,don young,NA,NA,NA
NA,Donald,Payne,D,NJ,donald payne,NA,NA,NA
NA,Donald,Norcross,D,NJ,donald norcross,NA,NA,NA
NA,Donna,Edwards,D,MD,donna edwards,NA,NA,NA
NA,Donna,Christensen,D,VI,donna christensen,NA,NA,NA
NA,Doris,Matsui,D,CA,doris matsui,NA,NA,NA
NA,Doug,Collins,R,GA,doug collins,NA,NA,NA
NA,Doug,LaMalfa,R,CA,doug lamalfa,NA,NA,NA
NA,Doug,Lamborn,R,CO,doug lamborn,NA,NA,NA
NA,Duncan,Hunter,R,CA,duncan hunter,NA,NA,NA
NA,Edward,Rigell,R,VA,edward rigell,NA,NA,NA
NA,Earl,Blumenauer,D,OR,earl blumenauer,NA,NA,NA
NA,Ed,Pastor,D,AZ,ed pastor,NA,NA,NA
NA,Ed,Perlmutter,D,CO,ed perlmutter,NA,NA,NA
NA,Ed,Whitfield,R,KY,ed whitfield,NA,NA,NA
NA,Eddie,Johnson,D,TX,eddie johnson,NA,NA,NA
NA,Edward,Royce,R,CA,edward royce,NA,NA,NA
NA,Eleanor,Norton,D,DC,eleanor norton,NA,NA,NA
NA,Elijah,Cummings,D,MD,elijah cummings,NA,NA,NA
NA,Eliot,Engel,D,NY,eliot engel,NA,NA,NA
NA,Elizabeth,Esty,D,CT,elizabeth esty,NA,NA,NA
NA,Emanuel,Cleaver,D,MO,emanuel cleaver,NA,NA,NA
NA,Eni,Faleomavaega,D,AS,eni faleomavaega,NA,NA,NA
NA,Eric,Crawford,R,AR,eric crawford,NA,NA,NA
NA,Eric,Cantor,R,VA,eric cantor,NA,NA,NA
NA,Eric,Swalwell,D,CA,eric swalwell,NA,NA,NA
NA,Erik,Paulsen,R,MN,erik paulsen,NA,NA,NA
NA,F.,Sensenbrenner,R,WI,f sensenbrenner,NA,NA,NA
NA,Filemon,Vela,D,TX,filemon vela,NA,NA,NA
NA,Frank,LoBiondo,R,NJ,frank lobiondo,NA,NA,NA
NA,Frank,Lucas,R,OK,frank lucas,NA,NA,NA
NA,Frank,Pallone,D,NJ,frank pallone,NA,NA,NA
NA,Frank,Wolf,R,VA,frank wolf,NA,NA,NA
NA,Fred,Upton,R,MI,fred upton,NA,NA,NA
NA,Frederica,Wilson,D,FL,frederica wilson,NA,NA,NA
NA,George,Butterfield,D,NC,george butterfield,NA,NA,NA
NA,Gary,Peters,D,MI,gary peters,NA,NA,NA
NA,Gary,Miller,R,CA,gary miller,NA,NA,NA
NA,Gene,Green,D,TX,gene green,NA,NA,NA
NA,George,Holding,R,NC,george holding,NA,NA,NA
NA,George,Miller,D,CA,george miller,NA,NA,NA
NA,Gerald,Connolly,D,VA,gerald connolly,NA,NA,NA
NA,Glenn,Thompson,R,PA,glenn thompson,NA,NA,NA
NA,Gloria,Negrete McLeod,D,CA,gloria negrete mcleod,NA,NA,NA
NA,Grace,Napolitano,D,CA,grace napolitano,NA,NA,NA
NA,Grace,Meng,D,NY,grace meng,NA,NA,NA
NA,Greg,Walden,R,OR,greg walden,NA,NA,NA
NA,Gregg,Harper,R,MS,gregg harper,NA,NA,NA
NA,Gregorio,Sablan,D,MP,gregorio sablan,NA,NA,NA
NA,Gregory,Meeks,D,NY,gregory meeks,NA,NA,NA
NA,Gus,Bilirakis,R,FL,gus bilirakis,NA,NA,NA
NA,Gwen,Moore,D,WI,gwen moore,NA,NA,NA
NA,H.,Griffith,R,VA,h griffith,NA,NA,NA
NA,Hakeem,Jeffries,D,NY,hakeem jeffries,NA,NA,NA
NA,Harold,Rogers,R,KY,harold rogers,NA,NA,NA
NA,Henry,Waxman,D,CA,henry waxman,NA,NA,NA
NA,Henry,Johnson,D,GA,henry johnson,NA,NA,NA
NA,Henry,Cuellar,D,TX,henry cuellar,NA,NA,NA
NA,Howard,Coble,R,NC,howard coble,NA,NA,NA
NA,Howard,McKeon,R,CA,howard mckeon,NA,NA,NA
NA,Ileana,Ros-Lehtinen,R,FL,ileana ros lehtinen,NA,NA,NA
NA,J.,Forbes,R,VA,j forbes,NA,NA,NA
NA,Jack,Kingston,R,GA,jack kingston,NA,NA,NA
NA,Jackie,Speier,D,CA,jackie speier,NA,NA,NA
NA,Jackie,Walorski,R,IN,jackie walorski,NA,NA,NA
NA,Jaime,Herrera Beutler,R,WA,jaime herrera beutler,NA,NA,NA
NA,James,Himes,D,CT,james himes,NA,NA,NA
NA,James,Renacci,R,OH,james renacci,NA,NA,NA
NA,James,Clyburn,D,SC,james clyburn,NA,NA,NA
NA,James,Lankford,R,OK,james lankford,NA,NA,NA
NA,James,McGovern,D,MA,james mcgovern,NA,NA,NA
NA,James,Moran,D,VA,james moran,NA,NA,NA
NA,James,Langevin,D,RI,james langevin,NA,NA,NA
NA,Janice,Schakowsky,D,IL,janice schakowsky,NA,NA,NA
NA,Janice,Hahn,D,CA,janice hahn,NA,NA,NA
NA,Jared,Huffman,D,CA,jared huffman,NA,NA,NA
NA,Jared,Polis,D,CO,jared polis,NA,NA,NA
NA,Jason,Chaffetz,R,UT,jason chaffetz,NA,NA,NA
NA,Jason,Smith,R,MO,jason smith,NA,NA,NA
NA,Jeb,Hensarling,R,TX,jeb hensarling,NA,NA,NA
NA,Jeff,Denham,R,CA,jeff denham,NA,NA,NA
NA,Jeff,Duncan,R,SC,jeff duncan,NA,NA,NA
NA,Jeff,Fortenberry,R,NE,jeff fortenberry,NA,NA,NA
NA,Jeff,Miller,R,FL,jeff miller,NA,NA,NA
NA,Jerrold,Nadler,D,NY,jerrold nadler,NA,NA,NA
NA,Jerry,McNerney,D,CA,jerry mcnerney,NA,NA,NA
NA,Jim,Bridenstine,R,OK,jim bridenstine,NA,NA,NA
NA,Jim,Cooper,D,TN,jim cooper,NA,NA,NA
NA,Jim,Costa,D,CA,jim costa,NA,NA,NA
NA,Jim,Gerlach,R,PA,jim gerlach,NA,NA,NA
NA,Jim,Jordan,R,OH,jim jordan,NA,NA,NA
NA,Jim,Matheson,D,UT,jim matheson,NA,NA,NA
NA,Jim,McDermott,D,WA,jim mcdermott,NA,NA,NA
NA,Jo Ann,Emerson,R,MO,jo ann emerson,NA,NA,NA
NA,Jo,Bonner,R,AL,jo bonner,NA,NA,NA
NA,Joaquin,Castro,D,TX,joaquin castro,NA,NA,NA
NA,Joe,Barton,R,TX,joe barton,NA,NA,NA
NA,Joe,Courtney,D,CT,joe courtney,NA,NA,NA
NA,Joe,Garcia,D,FL,joe garcia,NA,NA,NA
NA,Joe,Wilson,R,SC,joe wilson,NA,NA,NA
NA,John,Boehner,R,OH,john boehner,NA,NA,NA
NA,John,Yarmuth,D,KY,john yarmuth,NA,NA,NA
NA,John,Culberson,R,TX,john culberson,NA,NA,NA
NA,John,Larson,D,CT,john larson,NA,NA,NA
NA,John,Barrow,D,GA,john barrow,NA,NA,NA
NA,John,Carney,D,DE,john carney,NA,NA,NA
NA,John,Campbell,R,CA,john campbell,NA,NA,NA
NA,John,Conyers,D,MI,john conyers,NA,NA,NA
NA,John,Dingell,D,MI,john dingell,NA,NA,NA
NA,John,Tierney,D,MA,john tierney,NA,NA,NA
NA,John,Fleming,R,LA,john fleming,NA,NA,NA
NA,John,Garamendi,D,CA,john garamendi,NA,NA,NA
NA,John,Duncan,R,TN,john duncan,NA,NA,NA
NA,John,Delaney,D,MD,john delaney,NA,NA,NA
NA,John,Kline,R,MN,john kline,NA,NA,NA
NA,John,Mica,R,FL,john mica,NA,NA,NA
NA,John,Lewis,D,GA,john lewis,NA,NA,NA
NA,John,Sarbanes,D,MD,john sarbanes,NA,NA,NA
NA,John,Carter,R,TX,john carter,NA,NA,NA
NA,John,Shimkus,R,IL,john shimkus,NA,NA,NA
NA,Jon,Runyan,R,NJ,jon runyan,NA,NA,NA
NA,Joseph,Crowley,D,NY,joseph crowley,NA,NA,NA
NA,Joseph,Heck,R,NV,joseph heck,NA,NA,NA
NA,Joseph,Kennedy,D,MA,joseph kennedy,NA,NA,NA
NA,Joseph,Pitts,R,PA,joseph pitts,NA,NA,NA
NA,José,Serrano,D,NY,jos serrano,NA,NA,NA
NA,Joyce,Beatty,D,OH,joyce beatty,NA,NA,NA
NA,Juan,Vargas,D,CA,juan vargas,NA,NA,NA
NA,Judy,Chu,D,CA,judy chu,NA,NA,NA
NA,Julia,Brownley,D,CA,julia brownley,NA,NA,NA
NA,Justin,Amash,R,MI,justin amash,NA,NA,NA
NA,K.,Conaway,R,TX,k conaway,NA,NA,NA
NA,Karen,Bass,D,CA,karen bass,NA,NA,NA
NA,Katherine,Clark,D,MA,katherine clark,NA,NA,NA
NA,Kathy,Castor,D,FL,kathy castor,NA,NA,NA
NA,Kay,Granger,R,TX,kay granger,NA,NA,NA
NA,Keith,Ellison,D,MN,keith ellison,NA,NA,NA
NA,Keith,Rothfus,R,PA,keith rothfus,NA,NA,NA
NA,Ken,Calvert,R,CA,ken calvert,NA,NA,NA
NA,Kenny,Marchant,R,TX,kenny marchant,NA,NA,NA
NA,Kerry,Bentivolio,R,MI,kerry bentivolio,NA,NA,NA
NA,Kevin,Brady,R,TX,kevin brady,NA,NA,NA
NA,Kevin,Cramer,R,ND,kevin cramer,NA,NA,NA
NA,Kevin,McCarthy,R,CA,kevin mccarthy,NA,NA,NA
NA,Kevin,Yoder,R,KS,kevin yoder,NA,NA,NA
NA,Kristi,Noem,R,SD,kristi noem,NA,NA,NA
NA,Kurt,Schrader,D,OR,kurt schrader,NA,NA,NA
NA,Kyrsten,Sinema,D,AZ,kyrsten sinema,NA,NA,NA
NA,Lamar,Smith,R,TX,lamar smith,NA,NA,NA
NA,Larry,Bucshon,R,IN,larry bucshon,NA,NA,NA
NA,Lee,Terry,R,NE,lee terry,NA,NA,NA
NA,Leonard,Lance,R,NJ,leonard lance,NA,NA,NA
NA,Linda,Sánchez,D,CA,linda s nchez,NA,NA,NA
NA,Lloyd,Doggett,D,TX,lloyd doggett,NA,NA,NA
NA,Lois,Capps,D,CA,lois capps,NA,NA,NA
NA,Lois,Frankel,D,FL,lois frankel,NA,NA,NA
NA,Loretta,Sanchez,D,CA,loretta sanchez,NA,NA,NA
NA,Lou,Barletta,R,PA,lou barletta,NA,NA,NA
NA,Louie,Gohmert,R,TX,louie gohmert,NA,NA,NA
NA,Louise,Slaughter,D,NY,louise slaughter,NA,NA,NA
NA,Lucille,Roybal-Allard,D,CA,lucille roybal allard,NA,NA,NA
NA,Luis,Gutiérrez,D,IL,luis guti rrez,NA,NA,NA
NA,Luke,Messer,R,IN,luke messer,NA,NA,NA
NA,Lynn,Westmoreland,R,GA,lynn westmoreland,NA,NA,NA
NA,Lynn,Jenkins,R,KS,lynn jenkins,NA,NA,NA
NA,Mac,Thornberry,R,TX,mac thornberry,NA,NA,NA
NA,Madeleine,Bordallo,D,GU,madeleine bordallo,NA,NA,NA
NA,Marc,Veasey,D,TX,marc veasey,NA,NA,NA
NA,Marcia,Fudge,D,OH,marcia fudge,NA,NA,NA
NA,Marcy,Kaptur,D,OH,marcy kaptur,NA,NA,NA
NA,Mario,Diaz-Balart,R,FL,mario diaz balart,NA,NA,NA
NA,Mark,Amodei,R,NV,mark amodei,NA,NA,NA
NA,Mark,Meadows,R,NC,mark meadows,NA,NA,NA
NA,Mark,Pocan,D,WI,mark pocan,NA,NA,NA
NA,Marshall,Sanford,R,SC,marshall sanford,NA,NA,NA
NA,Mark,Takano,D,CA,mark takano,NA,NA,NA
NA,Markwayne,Mullin,R,OK,markwayne mullin,NA,NA,NA
NA,Marlin,Stutzman,R,IN,marlin stutzman,NA,NA,NA
NA,Marsha,Blackburn,R,TN,marsha blackburn,NA,NA,NA
NA,Martha,Roby,R,AL,martha roby,NA,NA,NA
NA,Matthew,Cartwright,D,PA,matthew cartwright,NA,NA,NA
NA,Matt,Salmon,R,AZ,matt salmon,NA,NA,NA
NA,Maxine,Waters,D,CA,maxine waters,NA,NA,NA
NA,Melvin,Watt,D,NC,melvin watt,NA,NA,NA
NA,Michael,Burgess,R,TX,michael burgess,NA,NA,NA
NA,Michael,Capuano,D,MA,michael capuano,NA,NA,NA
NA,Michael,Doyle,D,PA,michael doyle,NA,NA,NA
NA,Michael,Fitzpatrick,R,PA,michael fitzpatrick,NA,NA,NA
NA,Michael,Grimm,R,NY,michael grimm,NA,NA,NA
NA,Michael,Michaud,D,ME,michael michaud,NA,NA,NA
NA,Michael,Simpson,R,ID,michael simpson,NA,NA,NA
NA,Michael,Honda,D,CA,michael honda,NA,NA,NA
NA,Michael,Turner,R,OH,michael turner,NA,NA,NA
NA,Michael,McCaul,R,TX,michael mccaul,NA,NA,NA
NA,Michele,Bachmann,R,MN,michele bachmann,NA,NA,NA
NA,Michelle,Lujan Grisham,D,NM,michelle lujan grisham,NA,NA,NA
NA,Mick,Mulvaney,R,SC,mick mulvaney,NA,NA,NA
NA,Mike,Coffman,R,CO,mike coffman,NA,NA,NA
NA,Mike,Kelly,R,PA,mike kelly,NA,NA,NA
NA,Mike,McIntyre,D,NC,mike mcintyre,NA,NA,NA
NA,Mike,Pompeo,R,KS,mike pompeo,NA,NA,NA
NA,Mike,Quigley,D,IL,mike quigley,NA,NA,NA
NA,Mike,Rogers,R,MI,mike rogers,NA,NA,NA
NA,Mike,Rogers,R,AL,mike rogers,NA,NA,NA
NA,Mike,Thompson,D,CA,mike thompson,NA,NA,NA
NA,Mo,Brooks,R,AL,mo brooks,NA,NA,NA
NA,Nancy,Pelosi,D,CA,nancy pelosi,NA,NA,NA
NA,Nick,Rahall,D,WV,nick rahall,NA,NA,NA
NA,Niki,Tsongas,D,MA,niki tsongas,NA,NA,NA
NA,Nita,Lowey,D,NY,nita lowey,NA,NA,NA
NA,Nydia,Velázquez,D,NY,nydia vel zquez,NA,NA,NA
NA,Patrick,Tiberi,R,OH,patrick tiberi,NA,NA,NA
NA,Patrick,Meehan,R,PA,patrick meehan,NA,NA,NA
NA,Patrick,Murphy,D,FL,patrick murphy,NA,NA,NA
NA,Patrick,McHenry,R,NC,patrick mchenry,NA,NA,NA
NA,Paul,Gosar,R,AZ,paul gosar,NA,NA,NA
NA,Paul,Broun,R,GA,paul broun,NA,NA,NA
NA,Paul,Cook,R,CA,paul cook,NA,NA,NA
NA,Paul,Ryan,R,WI,paul ryan,NA,NA,NA
NA,Paul,Tonko,D,NY,paul tonko,NA,NA,NA
NA,Pedro,Pierluisi,D,PR,pedro pierluisi,NA,NA,NA
NA,Pete,Olson,R,TX,pete olson,NA,NA,NA
NA,Pete,Gallego,D,TX,pete gallego,NA,NA,NA
NA,Pete,Sessions,R,TX,pete sessions,NA,NA,NA
NA,Peter,DeFazio,D,OR,peter defazio,NA,NA,NA
NA,Peter,Roskam,R,IL,peter roskam,NA,NA,NA
NA,Peter,Visclosky,D,IN,peter visclosky,NA,NA,NA
NA,Peter,King,R,NY,peter king,NA,NA,NA
NA,Peter,Welch,D,VT,peter welch,NA,NA,NA
NA,Phil,Gingrey,R,GA,phil gingrey,NA,NA,NA
NA,Ralph,Hall,R,TX,ralph hall,NA,NA,NA
NA,Randy,Hultgren,R,IL,randy hultgren,NA,NA,NA
NA,Randy,Weber,R,TX,randy weber,NA,NA,NA
NA,Randy,Neugebauer,R,TX,randy neugebauer,NA,NA,NA
NA,Raul,Ruiz,D,CA,raul ruiz,NA,NA,NA
NA,Raúl,Grijalva,D,AZ,ra l grijalva,NA,NA,NA
NA,Raúl,Labrador,R,ID,ra l labrador,NA,NA,NA
NA,Reid,Ribble,R,WI,reid ribble,NA,NA,NA
NA,Renee,Ellmers,R,NC,renee ellmers,NA,NA,NA
NA,Richard,Nugent,R,FL,richard nugent,NA,NA,NA
NA,Richard,Neal,D,MA,richard neal,NA,NA,NA
NA,Richard,Hudson,R,NC,richard hudson,NA,NA,NA
NA,Richard,Hanna,R,NY,richard hanna,NA,NA,NA
NA,Richard,Nolan,D,MN,richard nolan,NA,NA,NA
NA,Rick,Larsen,D,WA,rick larsen,NA,NA,NA
NA,Rob,Bishop,R,UT,rob bishop,NA,NA,NA
NA,Rob,Woodall,R,GA,rob woodall,NA,NA,NA
NA,Robert,Brady,D,PA,robert brady,NA,NA,NA
NA,Robert,Aderholt,R,AL,robert aderholt,NA,NA,NA
NA,Robert,Scott,D,VA,robert scott,NA,NA,NA
NA,Robert,Andrews,D,NJ,robert andrews,NA,NA,NA
NA,Robert,Latta,R,OH,robert latta,NA,NA,NA
NA,Robert,Hurt,R,VA,robert hurt,NA,NA,NA
NA,Robert,Wittman,R,VA,robert wittman,NA,NA,NA
NA,Robert,Pittenger,R,NC,robert pittenger,NA,NA,NA
NA,Robin,Kelly,D,IL,robin kelly,NA,NA,NA
NA,Rodney,Alexander,R,LA,rodney alexander,NA,NA,NA
NA,Rodney,Davis,R,IL,rodney davis,NA,NA,NA
NA,Rodney,Frelinghuysen,R,NJ,rodney frelinghuysen,NA,NA,NA
NA,Roger,Williams,R,TX,roger williams,NA,NA,NA
NA,Ron,Barber,D,AZ,ron barber,NA,NA,NA
NA,Ron,DeSantis,R,FL,ron desantis,NA,NA,NA
NA,Ron,Kind,D,WI,ron kind,NA,NA,NA
NA,Rosa,DeLauro,D,CT,rosa delauro,NA,NA,NA
NA,Rubén,Hinojosa,D,TX,rub n hinojosa,NA,NA,NA
NA,Rush,Holt,D,NJ,rush holt,NA,NA,NA
NA,Sam,Farr,D,CA,sam farr,NA,NA,NA
NA,Sam,Graves,R,MO,sam graves,NA,NA,NA
NA,Sam,Johnson,R,TX,sam johnson,NA,NA,NA
NA,Sander,Levin,D,MI,sander levin,NA,NA,NA
NA,Sanford,Bishop,D,GA,sanford bishop,NA,NA,NA
NA,Scott,DesJarlais,R,TN,scott desjarlais,NA,NA,NA
NA,Scott,Garrett,R,NJ,scott garrett,NA,NA,NA
NA,Scott,Peters,D,CA,scott peters,NA,NA,NA
NA,Scott,Perry,R,PA,scott perry,NA,NA,NA
NA,Scott,Tipton,R,CO,scott tipton,NA,NA,NA
NA,Sean,Duffy,R,WI,sean duffy,NA,NA,NA
NA,Sean,Maloney,D,NY,sean maloney,NA,NA,NA
NA,Sheila,Jackson Lee,D,TX,sheila jackson lee,NA,NA,NA
NA,Shelley,Capito,R,WV,shelley capito,NA,NA,NA
NA,Spencer,Bachus,R,AL,spencer bachus,NA,NA,NA
NA,Steny,Hoyer,D,MD,steny hoyer,NA,NA,NA
NA,Stephen,Lynch,D,MA,stephen lynch,NA,NA,NA
NA,Stephen,Fincher,R,TN,stephen fincher,NA,NA,NA
NA,Stevan,Pearce,R,NM,stevan pearce,NA,NA,NA
NA,Steve,Chabot,R,OH,steve chabot,NA,NA,NA
NA,Steve,Cohen,D,TN,steve cohen,NA,NA,NA
NA,Steve,Daines,R,MT,steve daines,NA,NA,NA
NA,Steve,Israel,D,NY,steve israel,NA,NA,NA
NA,Steve,King,R,IA,steve king,NA,NA,NA
NA,Steve,Scalise,R,LA,steve scalise,NA,NA,NA
NA,Steve,Southerland,R,FL,steve southerland,NA,NA,NA
NA,Steve,Stivers,R,OH,steve stivers,NA,NA,NA
NA,Steve,Stockman,R,TX,steve stockman,NA,NA,NA
NA,Steve,Womack,R,AR,steve womack,NA,NA,NA
NA,Steven,Horsford,D,NV,steven horsford,NA,NA,NA
NA,Steven,Palazzo,R,MS,steven palazzo,NA,NA,NA
NA,Susan,Davis,D,CA,susan davis,NA,NA,NA
NA,Susan,Brooks,R,IN,susan brooks,NA,NA,NA
NA,Suzan,DelBene,D,WA,suzan delbene,NA,NA,NA
NA,Suzanne,Bonamici,D,OR,suzanne bonamici,NA,NA,NA
NA,Tammy,Duckworth,D,IL,tammy duckworth,NA,NA,NA
NA,Ted,Poe,R,TX,ted poe,NA,NA,NA
NA,Ted,Yoho,R,FL,ted yoho,NA,NA,NA
NA,Terri,Sewell,D,AL,terri sewell,NA,NA,NA
NA,Theodore,Deutch,D,FL,theodore deutch,NA,NA,NA
NA,Thomas,Petri,R,WI,thomas petri,NA,NA,NA
NA,Thomas,Rooney,R,FL,thomas rooney,NA,NA,NA
NA,Thomas,Massie,R,KY,thomas massie,NA,NA,NA
NA,Tim,Griffin,R,AR,tim griffin,NA,NA,NA
NA,Tim,Huelskamp,R,KS,tim huelskamp,NA,NA,NA
NA,Tim,Murphy,R,PA,tim murphy,NA,NA,NA
NA,Tim,Ryan,D,OH,tim ryan,NA,NA,NA
NA,Tim,Walberg,R,MI,tim walberg,NA,NA,NA
NA,Timothy,Bishop,D,NY,timothy bishop,NA,NA,NA
NA,Timothy,Walz,D,MN,timothy walz,NA,NA,NA
NA,Todd,Rokita,R,IN,todd rokita,NA,NA,NA
NA,Todd,Young,R,IN,todd young,NA,NA,NA
NA,Tom,Cole,R,OK,tom cole,NA,NA,NA
NA,Tom,Cotton,R,AR,tom cotton,NA,NA,NA
NA,Tom,Graves,R,GA,tom graves,NA,NA,NA
NA,Tom,Latham,R,IA,tom latham,NA,NA,NA
NA,Tom,Marino,R,PA,tom marino,NA,NA,NA
NA,Tom,McClintock,R,CA,tom mcclintock,NA,NA,NA
NA,Tom,Price,R,GA,tom price,NA,NA,NA
NA,Tom,Reed,R,NY,tom reed,NA,NA,NA
NA,Tom,Rice,R,SC,tom rice,NA,NA,NA
NA,Tony,Cárdenas,D,CA,tony c rdenas,NA,NA,NA
NA,Trent,Franks,R,AZ,trent franks,NA,NA,NA
NA,Trey,Gowdy,R,SC,trey gowdy,NA,NA,NA
NA,Trey,Radel,R,FL,trey radel,NA,NA,NA
NA,Tulsi,Gabbard,D,HI,tulsi gabbard,NA,NA,NA
NA,Vance,McAllister,R,LA,vance mcallister,NA,NA,NA
NA,Vern,Buchanan,R,FL,vern buchanan,NA,NA,NA
NA,Vicky,Hartzler,R,MO,vicky hartzler,NA,NA,NA
NA,Virginia,Foxx,R,NC,virginia foxx,NA,NA,NA
NA,Walter,Jones,R,NC,walter jones,NA,NA,NA
NA,William,Enyart,D,IL,william enyart,NA,NA,NA
NA,William,Owens,D,NY,william owens,NA,NA,NA
NA,William,Keating,D,MA,william keating,NA,NA,NA
NA,Wm.,Clay,D,MO,wm clay,NA,NA,NA
NA,Xavier,Becerra,D,CA,xavier becerra,NA,NA,NA
NA,Yvette,Clarke,D,NY,yvette clarke,NA,NA,NA
NA,Zoe,Lofgren,D,CA,zoe lofgren,NA,NA,NA
NA,Alma,Adams,D,NC,alma adams,NA,NA,NA
NA,Robert B,Aderholt,R,AL,robert b aderholt,NA,NA,NA
NA,Pete,Aguilar,D,CA,pete aguilar,NA,NA,NA
NA,Richard W,Allen,R,GA,richard w allen,NA,NA,NA
NA,Justin,Amash,R,MI,justin amash,NA,NA,NA
NA,Mark,Amodei,R,NV,mark amodei,NA,NA,NA
NA,Brad,Ashford,D,NE,brad ashford,NA,NA,NA
NA,Brian,Babin,R,TX,brian babin,NA,NA,NA
NA,Lou,Barletta,R,PA,lou barletta,NA,NA,NA
NA,Andy,Barr,R,KY,andy barr,NA,NA,NA
NA,Joe,Barton,R,TX,joe barton,NA,NA,NA
NA,Karen,Bass,D,CA,karen bass,NA,NA,NA
NA,Joyce,Beatty,D,OH,joyce beatty,NA,NA,NA
NA,Xavier,Becerra,D,CA,xavier becerra,NA,NA,NA
NA,Dan,Benishek,R,MI,dan benishek,NA,NA,NA
NA,Ami,Bera,D,CA,ami bera,NA,NA,NA
NA,Jaime Herrera,Beutler,R,WA,jaime herrera beutler,NA,NA,NA
NA,Don,Beyer,D,VA,don beyer,NA,NA,NA
NA,Gus,Bilirakis,R,FL,gus bilirakis,NA,NA,NA
NA,Mike,Bishop,R,MI,mike bishop,NA,NA,NA
NA,Rob,Bishop,R,UT,rob bishop,NA,NA,NA
NA,Sanford,Bishop,D,GA,sanford bishop,NA,NA,NA
NA,Diane,Black,R,TN,diane black,NA,NA,NA
NA,Marsha,Blackburn,R,TN,marsha blackburn,NA,NA,NA
NA,Rod,Blum,R,IA,rod blum,NA,NA,NA
NA,Earl,Blumenauer,D,OR,earl blumenauer,NA,NA,NA
NA,Suzanne,Bonamici,D,OR,suzanne bonamici,NA,NA,NA
NA,Madeleine Z,Bordallo,D,GU,madeleine z bordallo,NA,NA,NA
NA,Mike,Bost,R,IL,mike bost,NA,NA,NA
NA,Charles Jr,Boustany,R,LA,charles jr boustany,NA,NA,NA
NA,Brendan,Boyle,D,PA,brendan boyle,NA,NA,NA
NA,Kevin,Brady,R,TX,kevin brady,NA,NA,NA
NA,Robert A,Brady,D,PA,robert a brady,NA,NA,NA
NA,Dave,Brat,R,VA,dave brat,NA,NA,NA
NA,James,Bridenstine,R,OK,james bridenstine,NA,NA,NA
NA,Mo,Brooks,R,AL,mo brooks,NA,NA,NA
NA,Susan,Brooks,R,IN,susan brooks,NA,NA,NA
NA,Corrine,Brown,D,FL,corrine brown,NA,NA,NA
NA,Julia,Brownley,D,CA,julia brownley,NA,NA,NA
NA,Vernon,Buchanan,R,FL,vernon buchanan,NA,NA,NA
NA,Ken,Buck,R,CO,ken buck,NA,NA,NA
NA,Larry,Bucshon,R,IN,larry bucshon,NA,NA,NA
NA,Michael,Burgess,R,TX,michael burgess,NA,NA,NA
NA,Cheri,Bustos,D,IL,cheri bustos,NA,NA,NA
NA,G K,Butterfield,D,NC,g k butterfield,NA,NA,NA
NA,Bradley,Byrne,R,AL,bradley byrne,NA,NA,NA
NA,Ken,Calvert,R,CA,ken calvert,NA,NA,NA
NA,Lois,Capps,D,CA,lois capps,NA,NA,NA
NA,Michael E,Capuano,D,MA,michael e capuano,NA,NA,NA
NA,Tony,Cardenas,D,CA,tony cardenas,NA,NA,NA
NA,John,Carney,D,DE,john carney,NA,NA,NA
NA,Andre,Carson,D,IN,andre carson,NA,NA,NA
NA,Buddy,Carter,R,GA,buddy carter,NA,NA,NA
NA,John,Carter,R,TX,john carter,NA,NA,NA
NA,Matt,Cartwright,D,PA,matt cartwright,NA,NA,NA
NA,Kathy,Castor,D,FL,kathy castor,NA,NA,NA
NA,Joaquin,Castro,D,TX,joaquin castro,NA,NA,NA
NA,Steve,Chabot,R,OH,steve chabot,NA,NA,NA
NA,Jason,Chaffetz,R,UT,jason chaffetz,NA,NA,NA
NA,Judy,Chu,D,CA,judy chu,NA,NA,NA
NA,David,Cicilline,D,RI,david cicilline,NA,NA,NA
NA,Katherine,Clark,D,MA,katherine clark,NA,NA,NA
NA,Yvette,Clarke,D,NY,yvette clarke,NA,NA,NA
NA,Curt,Clawson,R,FL,curt clawson,NA,NA,NA
NA,William L Jr,Clay,D,MO,william l jr clay,NA,NA,NA
NA,Emanuel,Cleaver,D,MO,emanuel cleaver,NA,NA,NA
NA,James E,Clyburn,D,SC,james e clyburn,NA,NA,NA
NA,Mike,Coffman,R,CO,mike coffman,NA,NA,NA
NA,Steve,Cohen,D,TN,steve cohen,NA,NA,NA
NA,Tom,Cole,R,OK,tom cole,NA,NA,NA
NA,Bonnie Watson,Coleman,D,NJ,bonnie watson coleman,NA,NA,NA
NA,Chris,Collins,R,NY,chris collins,NA,NA,NA
NA,Doug,Collins,R,GA,doug collins,NA,NA,NA
NA,Barbara,Comstock,R,VA,barbara comstock,NA,NA,NA
NA,Mike,Conaway,R,TX,mike conaway,NA,NA,NA
NA,Gerry,Connolly,D,VA,gerry connolly,NA,NA,NA
NA,John Jr,Conyers,D,MI,john jr conyers,NA,NA,NA
NA,Paul,Cook,R,CA,paul cook,NA,NA,NA
NA,Jim,Cooper,D,TN,jim cooper,NA,NA,NA
NA,Jim,Costa,D,CA,jim costa,NA,NA,NA
NA,Ryan,Costello,R,PA,ryan costello,NA,NA,NA
NA,Joe,Courtney,D,CT,joe courtney,NA,NA,NA
NA,Kevin,Cramer,R,ND,kevin cramer,NA,NA,NA
NA,Rick,Crawford,R,AR,rick crawford,NA,NA,NA
NA,Ander,Crenshaw,R,FL,ander crenshaw,NA,NA,NA
NA,Joseph,Crowley,D,NY,joseph crowley,NA,NA,NA
NA,Henry,Cuellar,D,TX,henry cuellar,NA,NA,NA
NA,John,Culberson,R,TX,john culberson,NA,NA,NA
NA,Elijah E,Cummings,D,MD,elijah e cummings,NA,NA,NA
NA,Carlos,Curbelo,R,FL,carlos curbelo,NA,NA,NA
NA,Warren,Davidson,R,OH,warren davidson,NA,NA,NA
NA,Danny K,Davis,D,IL,danny k davis,NA,NA,NA
NA,Rodney,Davis,R,IL,rodney davis,NA,NA,NA
NA,Susan,Davis,D,CA,susan davis,NA,NA,NA
NA,Peter,DeFazio,D,OR,peter defazio,NA,NA,NA
NA,Diana,DeGette,D,CO,diana degette,NA,NA,NA
NA,John K,Delaney,D,MD,john k delaney,NA,NA,NA
NA,Rosa,DeLauro,D,CT,rosa delauro,NA,NA,NA
NA,Suzan,DelBene,D,WA,suzan delbene,NA,NA,NA
NA,Jeff,Denham,R,CA,jeff denham,NA,NA,NA
NA,Charlie,Dent,R,PA,charlie dent,NA,NA,NA
NA,Ron,DeSantis,R,FL,ron desantis,NA,NA,NA
NA,Mark,Desaulnier,D,CA,mark desaulnier,NA,NA,NA
NA,Scott,Desjarlais,R,TN,scott desjarlais,NA,NA,NA
NA,Ted,Deutch,D,FL,ted deutch,NA,NA,NA
NA,Mario,Diaz-Balart,R,FL,mario diaz balart,NA,NA,NA
NA,Debbie,Dingell,D,MI,debbie dingell,NA,NA,NA
NA,Lloyd,Doggett,D,TX,lloyd doggett,NA,NA,NA
NA,Bob,Dold,R,IL,bob dold,NA,NA,NA
NA,Dan,Donovan,R,NY,dan donovan,NA,NA,NA
NA,Mike,Doyle,D,PA,mike doyle,NA,NA,NA
NA,Tammy,Duckworth,D,IL,tammy duckworth,NA,NA,NA
NA,Sean P,Duffy,R,WI,sean p duffy,NA,NA,NA
NA,Jeff,Duncan,R,SC,jeff duncan,NA,NA,NA
NA,John J Jr,Duncan,R,TN,john j jr duncan,NA,NA,NA
NA,Donna,Edwards,D,MD,donna edwards,NA,NA,NA
NA,Keith,Ellison,D,MN,keith ellison,NA,NA,NA
NA,Renee,Ellmers,R,NC,renee ellmers,NA,NA,NA
NA,Tom,Emmer,R,MN,tom emmer,NA,NA,NA
NA,Eliot,Engel,D,NY,eliot engel,NA,NA,NA
NA,Anna,Eshoo,D,CA,anna eshoo,NA,NA,NA
NA,Elizabeth,Esty,D,CT,elizabeth esty,NA,NA,NA
NA,Blake,Farenthold,R,TX,blake farenthold,NA,NA,NA
NA,Sam,Farr,D,CA,sam farr,NA,NA,NA
NA,Steve,Fincher,R,TN,steve fincher,NA,NA,NA
NA,Michael G,Fitzpatrick,R,PA,michael g fitzpatrick,NA,NA,NA
NA,Chuck,Fleischmann,R,TN,chuck fleischmann,NA,NA,NA
NA,John,Fleming,R,LA,john fleming,NA,NA,NA
NA,Bill,Flores,R,TX,bill flores,NA,NA,NA
NA,Randy,Forbes,R,VA,randy forbes,NA,NA,NA
NA,Jeff,Fortenberry,R,NE,jeff fortenberry,NA,NA,NA
NA,Bill,Foster,D,IL,bill foster,NA,NA,NA
NA,Virginia,Foxx,R,NC,virginia foxx,NA,NA,NA
NA,Lois,Frankel,D,FL,lois frankel,NA,NA,NA
NA,Trent,Franks,R,AZ,trent franks,NA,NA,NA
NA,Rodney,Frelinghuysen,R,NJ,rodney frelinghuysen,NA,NA,NA
NA,Marcia,Fudge,D,OH,marcia fudge,NA,NA,NA
NA,Tulsi,Gabbard,D,HI,tulsi gabbard,NA,NA,NA
NA,Ruben,Gallego,D,AZ,ruben gallego,NA,NA,NA
NA,John,Garamendi,D,CA,john garamendi,NA,NA,NA
NA,Scott,Garrett,R,NJ,scott garrett,NA,NA,NA
NA,Bob,Gibbs,R,OH,bob gibbs,NA,NA,NA
NA,Chris,Gibson,R,NY,chris gibson,NA,NA,NA
NA,Louis B Jr,Gohmert,R,TX,louis b jr gohmert,NA,NA,NA
NA,Bob,Goodlatte,R,VA,bob goodlatte,NA,NA,NA
NA,Paul,Gosar,R,AZ,paul gosar,NA,NA,NA
NA,Trey,Gowdy,R,SC,trey gowdy,NA,NA,NA
NA,Gwen,Graham,D,FL,gwen graham,NA,NA,NA
NA,Kay,Granger,R,TX,kay granger,NA,NA,NA
NA,Garret,Graves,R,LA,garret graves,NA,NA,NA
NA,Sam,Graves,R,MO,sam graves,NA,NA,NA
NA,Tom,Graves,R,GA,tom graves,NA,NA,NA
NA,Alan,Grayson,D,FL,alan grayson,NA,NA,NA
NA,Al,Green,D,TX,al green,NA,NA,NA
NA,Gene,Green,D,TX,gene green,NA,NA,NA
NA,Morgan,Griffith,R,VA,morgan griffith,NA,NA,NA
NA,Raul M,Grijalva,D,AZ,raul m grijalva,NA,NA,NA
NA,Michelle Lujan,Grisham,D,NM,michelle lujan grisham,NA,NA,NA
NA,Glenn,Grothman,R,WI,glenn grothman,NA,NA,NA
NA,Frank,Guinta,R,NH,frank guinta,NA,NA,NA
NA,Brett,Guthrie,R,KY,brett guthrie,NA,NA,NA
NA,Luis V,Gutierrez,D,IL,luis v gutierrez,NA,NA,NA
NA,Janice,Hahn,D,CA,janice hahn,NA,NA,NA
NA,Colleen,Hanabusa,D,HI,colleen hanabusa,NA,NA,NA
NA,Richard,Hanna,R,NY,richard hanna,NA,NA,NA
NA,Cresent,Hardy,R,NV,cresent hardy,NA,NA,NA
NA,Gregg,Harper,R,MS,gregg harper,NA,NA,NA
NA,Andy,Harris,R,MD,andy harris,NA,NA,NA
NA,Vicky,Hartzler,R,MO,vicky hartzler,NA,NA,NA
NA,Alcee,Hastings,D,FL,alcee hastings,NA,NA,NA
NA,Dennis,Heck,D,WA,dennis heck,NA,NA,NA
NA,Joe,Heck,R,NV,joe heck,NA,NA,NA
NA,Jeb,Hensarling,R,TX,jeb hensarling,NA,NA,NA
NA,Jody,Hice,R,GA,jody hice,NA,NA,NA
NA,Brian M,Higgins,D,NY,brian m higgins,NA,NA,NA
NA,French,Hill,R,AR,french hill,NA,NA,NA
NA,Jim,Himes,D,CT,jim himes,NA,NA,NA
NA,Ruben,Hinojosa,D,TX,ruben hinojosa,NA,NA,NA
NA,George,Holding,R,NC,george holding,NA,NA,NA
NA,Mike,Honda,D,CA,mike honda,NA,NA,NA
NA,Steny H,Hoyer,D,MD,steny h hoyer,NA,NA,NA
NA,Richard,Hudson,R,NC,richard hudson,NA,NA,NA
NA,Tim,Huelskamp,R,KS,tim huelskamp,NA,NA,NA
NA,Jared,Huffman,D,CA,jared huffman,NA,NA,NA
NA,Bill,Huizenga,R,MI,bill huizenga,NA,NA,NA
NA,Randy,Hultgren,R,IL,randy hultgren,NA,NA,NA
NA,Duncan D,Hunter,R,CA,duncan d hunter,NA,NA,NA
NA,Will,Hurd,R,TX,will hurd,NA,NA,NA
NA,Robert,Hurt,R,VA,robert hurt,NA,NA,NA
NA,Steve,Israel,D,NY,steve israel,NA,NA,NA
NA,Darrell,Issa,R,CA,darrell issa,NA,NA,NA
NA,Sheila,Jackson Lee,D,TX,sheila jackson lee,NA,NA,NA
NA,Hakeem,Jeffries,D,NY,hakeem jeffries,NA,NA,NA
NA,Evan,Jenkins,R,WV,evan jenkins,NA,NA,NA
NA,Lynn,Jenkins,R,KS,lynn jenkins,NA,NA,NA
NA,Bill,Johnson,R,OH,bill johnson,NA,NA,NA
NA,Eddie Bernice,Johnson,D,TX,eddie bernice johnson,NA,NA,NA
NA,Hank,Johnson,D,GA,hank johnson,NA,NA,NA
NA,Sam,Johnson,R,TX,sam johnson,NA,NA,NA
NA,David,Jolly,R,FL,david jolly,NA,NA,NA
NA,Walter B Jr,Jones,R,NC,walter b jr jones,NA,NA,NA
NA,Jim,Jordan,R,OH,jim jordan,NA,NA,NA
NA,David P,Joyce,R,OH,david p joyce,NA,NA,NA
NA,Marcy,Kaptur,D,OH,marcy kaptur,NA,NA,NA
NA,John,Katko,R,NY,john katko,NA,NA,NA
NA,Bill,Keating,D,MA,bill keating,NA,NA,NA
NA,Mike,Kelly,R,PA,mike kelly,NA,NA,NA
NA,Robin,Kelly,D,IL,robin kelly,NA,NA,NA
NA,Trent,Kelly,R,MS,trent kelly,NA,NA,NA
NA,Joe III,Kennedy,D,MA,joe iii kennedy,NA,NA,NA
NA,Dan,Kildee,D,MI,dan kildee,NA,NA,NA
NA,Derek,Kilmer,D,WA,derek kilmer,NA,NA,NA
NA,Ron,Kind,D,WI,ron kind,NA,NA,NA
NA,Pete,King,R,NY,pete king,NA,NA,NA
NA,Steven A,King,R,IA,steven a king,NA,NA,NA
NA,Adam,Kinzinger,R,IL,adam kinzinger,NA,NA,NA
NA,Ann,Kirkpatrick,D,AZ,ann kirkpatrick,NA,NA,NA
NA,John,Kline,R,MN,john kline,NA,NA,NA
NA,Steve,Knight,R,CA,steve knight,NA,NA,NA
NA,Ann,Kuster,D,NH,ann kuster,NA,NA,NA
NA,Raul,Labrador,R,ID,raul labrador,NA,NA,NA
NA,Darin,LaHood,R,IL,darin lahood,NA,NA,NA
NA,Doug,LaMalfa,R,CA,doug lamalfa,NA,NA,NA
NA,Doug,Lamborn,R,CO,doug lamborn,NA,NA,NA
NA,Leonard,Lance,R,NJ,leonard lance,NA,NA,NA
NA,Jim,Langevin,D,RI,jim langevin,NA,NA,NA
NA,Rick,Larsen,D,WA,rick larsen,NA,NA,NA
NA,John,Larson,D,CT,john larson,NA,NA,NA
NA,Bob,Latta,R,OH,bob latta,NA,NA,NA
NA,Brenda,Lawrence,D,MI,brenda lawrence,NA,NA,NA
NA,Barbara,Lee,D,CA,barbara lee,NA,NA,NA
NA,Sander,Levin,D,MI,sander levin,NA,NA,NA
NA,John,Lewis,D,GA,john lewis,NA,NA,NA
NA,Ted,Lieu,D,CA,ted lieu,NA,NA,NA
NA,Daniel,Lipinski,D,IL,daniel lipinski,NA,NA,NA
NA,Frank,LoBiondo,R,NJ,frank lobiondo,NA,NA,NA
NA,David,Loebsack,D,IA,david loebsack,NA,NA,NA
NA,Zoe,Lofgren,D,CA,zoe lofgren,NA,NA,NA
NA,Billy,Long,R,MO,billy long,NA,NA,NA
NA,Barry,Loudermilk,R,GA,barry loudermilk,NA,NA,NA
NA,Mia,Love,R,UT,mia love,NA,NA,NA
NA,Alan,Lowenthal,D,CA,alan lowenthal,NA,NA,NA
NA,Nita M,Lowey,D,NY,nita m lowey,NA,NA,NA
NA,Frank D,Lucas,R,OK,frank d lucas,NA,NA,NA
NA,Blaine,Luetkemeyer,R,MO,blaine luetkemeyer,NA,NA,NA
NA,Ben Ray,Lujan,D,NM,ben ray lujan,NA,NA,NA
NA,Cynthia,Lummis,R,WY,cynthia lummis,NA,NA,NA
NA,Stephen,Lynch,D,MA,stephen lynch,NA,NA,NA
NA,Thomas,MacArthur,R,NJ,thomas macarthur,NA,NA,NA
NA,Carolyn,Maloney,D,NY,carolyn maloney,NA,NA,NA
NA,Sean Patrick,Maloney,D,NY,sean patrick maloney,NA,NA,NA
NA,Kenny,Marchant,R,TX,kenny marchant,NA,NA,NA
NA,Tom,Marino,R,PA,tom marino,NA,NA,NA
NA,Thomas,Massie,R,KY,thomas massie,NA,NA,NA
NA,Doris,Matsui,D,CA,doris matsui,NA,NA,NA
NA,Kevin,McCarthy,R,CA,kevin mccarthy,NA,NA,NA
NA,Michael,McCaul,R,TX,michael mccaul,NA,NA,NA
NA,Tom,McClintock,R,CA,tom mcclintock,NA,NA,NA
NA,Betty,McCollum,D,MN,betty mccollum,NA,NA,NA
NA,Jim,McDermott,D,WA,jim mcdermott,NA,NA,NA
NA,James P,McGovern,D,MA,james p mcgovern,NA,NA,NA
NA,Patrick,McHenry,R,NC,patrick mchenry,NA,NA,NA
NA,David,McKinley,R,WV,david mckinley,NA,NA,NA
NA,Jerry,McNerney,D,CA,jerry mcnerney,NA,NA,NA
NA,Martha,McSally,R,AZ,martha mcsally,NA,NA,NA
NA,Mark,Meadows,R,NC,mark meadows,NA,NA,NA
NA,Patrick,Meehan,R,PA,patrick meehan,NA,NA,NA
NA,Gregory,Meeks,D,NY,gregory meeks,NA,NA,NA
NA,Grace,Meng,D,NY,grace meng,NA,NA,NA
NA,Luke,Messer,R,IN,luke messer,NA,NA,NA
NA,John L,Mica,R,FL,john l mica,NA,NA,NA
NA,Candice S,Miller,R,MI,candice s miller,NA,NA,NA
NA,Jeff,Miller,R,FL,jeff miller,NA,NA,NA
NA,John,Moolenaar,R,MI,john moolenaar,NA,NA,NA
NA,Alex,Mooney,R,WV,alex mooney,NA,NA,NA
NA,Gwen,Moore,D,WI,gwen moore,NA,NA,NA
NA,Seth,Moulton,D,MA,seth moulton,NA,NA,NA
NA,Markwayne,Mullin,R,OK,markwayne mullin,NA,NA,NA
NA,Mick,Mulvaney,R,SC,mick mulvaney,NA,NA,NA
NA,Patrick,Murphy,D,FL,patrick murphy,NA,NA,NA
NA,Tim,Murphy,R,PA,tim murphy,NA,NA,NA
NA,Jerrold,Nadler,D,NY,jerrold nadler,NA,NA,NA
NA,Grace,Napolitano,D,CA,grace napolitano,NA,NA,NA
NA,Richard E,Neal,D,MA,richard e neal,NA,NA,NA
NA,Randy,Neugebauer,R,TX,randy neugebauer,NA,NA,NA
NA,Dan,Newhouse,R,WA,dan newhouse,NA,NA,NA
NA,Kristi,Noem,R,SD,kristi noem,NA,NA,NA
NA,Rick,Nolan,D,MN,rick nolan,NA,NA,NA
NA,Don,Norcross,D,NJ,don norcross,NA,NA,NA
NA,Eleanor Holmes,Norton,D,DC,eleanor holmes norton,NA,NA,NA
NA,Richard,Nugent,R,FL,richard nugent,NA,NA,NA
NA,Devin,Nunes,R,CA,devin nunes,NA,NA,NA
NA,Beto,O'Rourke,D,TX,beto o rourke,NA,NA,NA
NA,Pete,Olson,R,TX,pete olson,NA,NA,NA
NA,Steven,Palazzo,R,MS,steven palazzo,NA,NA,NA
NA,Frank Jr,Pallone,D,NJ,frank jr pallone,NA,NA,NA
NA,Gary,Palmer,R,AL,gary palmer,NA,NA,NA
NA,Bill Jr,Pascrell,D,NJ,bill jr pascrell,NA,NA,NA
NA,Erik,Paulsen,R,MN,erik paulsen,NA,NA,NA
NA,Donald M Jr,Payne,D,NJ,donald m jr payne,NA,NA,NA
NA,Steve,Pearce,R,NM,steve pearce,NA,NA,NA
NA,Nancy,Pelosi,D,CA,nancy pelosi,NA,NA,NA
NA,Ed,Perlmutter,D,CO,ed perlmutter,NA,NA,NA
NA,Scott,Perry,R,PA,scott perry,NA,NA,NA
NA,Scott,Peters,D,CA,scott peters,NA,NA,NA
NA,Collin,Peterson,D,MN,collin peterson,NA,NA,NA
NA,Pedro,Pierluisi,D,PR,pedro pierluisi,NA,NA,NA
NA,Chellie,Pingree,D,ME,chellie pingree,NA,NA,NA
NA,Robert,Pittenger,R,NC,robert pittenger,NA,NA,NA
NA,Joe,Pitts,R,PA,joe pitts,NA,NA,NA
NA,Stacey,Plaskett,D,VI,stacey plaskett,NA,NA,NA
NA,Mark,Pocan,D,WI,mark pocan,NA,NA,NA
NA,Ted,Poe,R,TX,ted poe,NA,NA,NA
NA,Bruce,Poliquin,R,ME,bruce poliquin,NA,NA,NA
NA,Jared,Polis,D,CO,jared polis,NA,NA,NA
NA,Mike,Pompeo,R,KS,mike pompeo,NA,NA,NA
NA,Bill,Posey,R,FL,bill posey,NA,NA,NA
NA,David,Price,D,NC,david price,NA,NA,NA
NA,Tom,Price,R,GA,tom price,NA,NA,NA
NA,Mike,Quigley,D,IL,mike quigley,NA,NA,NA
NA,Amata Coleman,Radewagen,R,AS,amata coleman radewagen,NA,NA,NA
NA,Charles B,Rangel,D,NY,charles b rangel,NA,NA,NA
NA,John,Ratcliffe,R,TX,john ratcliffe,NA,NA,NA
NA,Tom,Reed,R,NY,tom reed,NA,NA,NA
NA,Dave,Reichert,R,WA,dave reichert,NA,NA,NA
NA,Jim,Renacci,R,OH,jim renacci,NA,NA,NA
NA,Reid,Ribble,R,WI,reid ribble,NA,NA,NA
NA,Kathleen,Rice,D,NY,kathleen rice,NA,NA,NA
NA,Tom,Rice,R,SC,tom rice,NA,NA,NA
NA,Cedric,Richmond,D,LA,cedric richmond,NA,NA,NA
NA,Scott,Rigell,R,VA,scott rigell,NA,NA,NA
NA,Martha,Roby,R,AL,martha roby,NA,NA,NA
NA,Cathy McMorris,Rodgers,R,WA,cathy mcmorris rodgers,NA,NA,NA
NA,Phil,Roe,R,TN,phil roe,NA,NA,NA
NA,Hal,Rogers,R,KY,hal rogers,NA,NA,NA
NA,Mike D,Rogers,R,AL,mike d rogers,NA,NA,NA
NA,Dana,Rohrabacher,R,CA,dana rohrabacher,NA,NA,NA
NA,Todd,Rokita,R,IN,todd rokita,NA,NA,NA
NA,Tom,Rooney,R,FL,tom rooney,NA,NA,NA
NA,Ileana,Ros-Lehtinen,R,FL,ileana ros lehtinen,NA,NA,NA
NA,Peter,Roskam,R,IL,peter roskam,NA,NA,NA
NA,Dennis,Ross,R,FL,dennis ross,NA,NA,NA
NA,Keith J,Rothfus,R,PA,keith j rothfus,NA,NA,NA
NA,David,Rouzer,R,NC,david rouzer,NA,NA,NA
NA,Lucille,Roybal-Allard,D,CA,lucille roybal allard,NA,NA,NA
NA,Ed,Royce,R,CA,ed royce,NA,NA,NA
NA,Raul,Ruiz,D,CA,raul ruiz,NA,NA,NA
NA,Dutch,Ruppersberger,D,MD,dutch ruppersberger,NA,NA,NA
NA,Bobby,Rush,D,IL,bobby rush,NA,NA,NA
NA,Steven,Russell,R,OK,steven russell,NA,NA,NA
NA,Paul,Ryan,R,WI,paul ryan,NA,NA,NA
NA,Tim,Ryan,D,OH,tim ryan,NA,NA,NA
NA,Matt,Salmon,R,AZ,matt salmon,NA,NA,NA
NA,Linda,Sanchez,D,CA,linda sanchez,NA,NA,NA
NA,Loretta,Sanchez,D,CA,loretta sanchez,NA,NA,NA
NA,Mark,Sanford,R,SC,mark sanford,NA,NA,NA
NA,John,Sarbanes,D,MD,john sarbanes,NA,NA,NA
NA,Steve,Scalise,R,LA,steve scalise,NA,NA,NA
NA,Jan,Schakowsky,D,IL,jan schakowsky,NA,NA,NA
NA,Adam,Schiff,D,CA,adam schiff,NA,NA,NA
NA,Kurt,Schrader,D,OR,kurt schrader,NA,NA,NA
NA,Debbie Wasserman,Schultz,D,FL,debbie wasserman schultz,NA,NA,NA
NA,David,Schweikert,R,AZ,david schweikert,NA,NA,NA
NA,Austin,Scott,R,GA,austin scott,NA,NA,NA
NA,Bobby,Scott,D,VA,bobby scott,NA,NA,NA
NA,David,Scott,D,GA,david scott,NA,NA,NA
NA,Jim,Sensenbrenner,R,WI,jim sensenbrenner,NA,NA,NA
NA,Jose E,Serrano,D,NY,jose e serrano,NA,NA,NA
NA,Pete,Sessions,R,TX,pete sessions,NA,NA,NA
NA,Terri,Sewell,D,AL,terri sewell,NA,NA,NA
NA,Brad,Sherman,D,CA,brad sherman,NA,NA,NA
NA,John,Shimkus,R,IL,john shimkus,NA,NA,NA
NA,Bill,Shuster,R,PA,bill shuster,NA,NA,NA
NA,Mike,Simpson,R,ID,mike simpson,NA,NA,NA
NA,Kyrsten,Sinema,D,AZ,kyrsten sinema,NA,NA,NA
NA,Albio,Sires,D,NJ,albio sires,NA,NA,NA
NA,Louise M,Slaughter,D,NY,louise m slaughter,NA,NA,NA
NA,Adam,Smith,D,WA,adam smith,NA,NA,NA
NA,Adrian,Smith,R,NE,adrian smith,NA,NA,NA
NA,Chris,Smith,R,NJ,chris smith,NA,NA,NA
NA,Jason,Smith,R,MO,jason smith,NA,NA,NA
NA,Lamar,Smith,R,TX,lamar smith,NA,NA,NA
NA,Jackie,Speier,D,CA,jackie speier,NA,NA,NA
NA,Elise,Stefanik,R,NY,elise stefanik,NA,NA,NA
NA,Chris,Stewart,R,UT,chris stewart,NA,NA,NA
NA,Steve,Stivers,R,OH,steve stivers,NA,NA,NA
NA,Marlin,Stutzman,R,IN,marlin stutzman,NA,NA,NA
NA,Eric,Swalwell,D,CA,eric swalwell,NA,NA,NA
NA,Mark,Takano,D,CA,mark takano,NA,NA,NA
NA,Bennie G,Thompson,D,MS,bennie g thompson,NA,NA,NA
NA,Glenn,Thompson,R,PA,glenn thompson,NA,NA,NA
NA,Mike,Thompson,D,CA,mike thompson,NA,NA,NA
NA,Mac,Thornberry,R,TX,mac thornberry,NA,NA,NA
NA,Pat,Tiberi,R,OH,pat tiberi,NA,NA,NA
NA,Scott,Tipton,R,CO,scott tipton,NA,NA,NA
NA,Dina,Titus,D,NV,dina titus,NA,NA,NA
NA,Paul,Tonko,D,NY,paul tonko,NA,NA,NA
NA,Norma,Torres,D,CA,norma torres,NA,NA,NA
NA,Dave,Trott,R,MI,dave trott,NA,NA,NA
NA,Niki,Tsongas,D,MA,niki tsongas,NA,NA,NA
NA,Michael R,Turner,R,OH,michael r turner,NA,NA,NA
NA,Fred,Upton,R,MI,fred upton,NA,NA,NA
NA,David,Valadao,R,CA,david valadao,NA,NA,NA
NA,Chris,Van Hollen,D,MD,chris van hollen,NA,NA,NA
NA,Juan,Vargas,D,CA,juan vargas,NA,NA,NA
NA,Marc,Veasey,D,TX,marc veasey,NA,NA,NA
NA,Filemon,Vela,D,TX,filemon vela,NA,NA,NA
NA,Nydia,Velazquez,D,NY,nydia velazquez,NA,NA,NA
NA,Pete,Visclosky,D,IN,pete visclosky,NA,NA,NA
NA,Ann,Wagner,R,MO,ann wagner,NA,NA,NA
NA,Tim,Walberg,R,MI,tim walberg,NA,NA,NA
NA,Greg,Walden,R,OR,greg walden,NA,NA,NA
NA,Mark,Walker,R,NC,mark walker,NA,NA,NA
NA,Jackie,Walorski,R,IN,jackie walorski,NA,NA,NA
NA,Mimi,Walters,R,CA,mimi walters,NA,NA,NA
NA,Tim,Walz,D,MN,tim walz,NA,NA,NA
NA,Maxine,Waters,D,CA,maxine waters,NA,NA,NA
NA,Randy,Weber,R,TX,randy weber,NA,NA,NA
NA,Daniel,Webster,R,FL,daniel webster,NA,NA,NA
NA,Peter,Welch,D,VT,peter welch,NA,NA,NA
NA,Brad,Wenstrup,R,OH,brad wenstrup,NA,NA,NA
NA,Bruce,Westerman,R,AR,bruce westerman,NA,NA,NA
NA,Lynn A,Westmoreland,R,GA,lynn a westmoreland,NA,NA,NA
NA,Ed,Whitfield,R,KY,ed whitfield,NA,NA,NA
NA,Roger,Williams,R,TX,roger williams,NA,NA,NA
NA,Frederica,Wilson,D,FL,frederica wilson,NA,NA,NA
NA,Joe,Wilson,R,SC,joe wilson,NA,NA,NA
NA,Rob,Wittman,R,VA,rob wittman,NA,NA,NA
NA,Steve,Womack,R,AR,steve womack,NA,NA,NA
NA,Rob,Woodall,R,GA,rob woodall,NA,NA,NA
NA,John,Yarmuth,D,KY,john yarmuth,NA,NA,NA
NA,Kevin,Yoder,R,KS,kevin yoder,NA,NA,NA
NA,Ted,Yoho,R,FL,ted yoho,NA,NA,NA
NA,David,Young,R,IA,david young,NA,NA,NA
NA,Don,Young,R,AK,don young,NA,NA,NA
NA,Todd,Young,R,IN,todd young,NA,NA,NA
NA,Lee,Zeldin,R,NY,lee zeldin,NA,NA,NA
NA,Ryan,Zinke,R,MT,ryan zinke,NA,NA,NA
NA,Alma,Adams,D,NC,alma adams,NA,NA,NA
NA,Robert B,Aderholt,R,AL,robert b aderholt,NA,NA,NA
NA,Pete,Aguilar,D,CA,pete aguilar,NA,NA,NA
NA,Richard W,Allen,R,GA,richard w allen,NA,NA,NA
NA,Justin,Amash,R,MI,justin amash,NA,NA,NA
NA,Mark,Amodei,R,NV,mark amodei,NA,NA,NA
NA,Jodey,Arrington,R,TX,jodey arrington,NA,NA,NA
NA,Brian,Babin,R,TX,brian babin,NA,NA,NA
NA,Donald John,Bacon,R,NE,donald john bacon,NA,NA,NA
NA,Troy,Balderson,R,OH,troy balderson,NA,NA,NA
NA,Jim,Banks,R,IN,jim banks,NA,NA,NA
NA,Lou,Barletta,R,PA,lou barletta,NA,NA,NA
NA,Andy,Barr,R,KY,andy barr,NA,NA,NA
NA,Nanette,Barragan,D,CA,nanette barragan,NA,NA,NA
NA,Joe,Barton,R,TX,joe barton,NA,NA,NA
NA,Karen,Bass,D,CA,karen bass,NA,NA,NA
NA,Joyce,Beatty,D,OH,joyce beatty,NA,NA,NA
NA,Ami,Bera,D,CA,ami bera,NA,NA,NA
NA,John,Bergman,R,MI,john bergman,NA,NA,NA
NA,Jaime Herrera,Beutler,R,WA,jaime herrera beutler,NA,NA,NA
NA,Don,Beyer,D,VA,don beyer,NA,NA,NA
NA,Andy,Biggs,R,AZ,andy biggs,NA,NA,NA
NA,Gus,Bilirakis,R,FL,gus bilirakis,NA,NA,NA
NA,Mike,Bishop,R,MI,mike bishop,NA,NA,NA
NA,Rob,Bishop,R,UT,rob bishop,NA,NA,NA
NA,Sanford,Bishop,D,GA,sanford bishop,NA,NA,NA
NA,Diane,Black,R,TN,diane black,NA,NA,NA
NA,Marsha,Blackburn,R,TN,marsha blackburn,NA,NA,NA
NA,Rod,Blum,R,IA,rod blum,NA,NA,NA
NA,Earl,Blumenauer,D,OR,earl blumenauer,NA,NA,NA
NA,Suzanne,Bonamici,D,OR,suzanne bonamici,NA,NA,NA
NA,Madeleine Z,Bordallo,D,GU,madeleine z bordallo,NA,NA,NA
NA,Mike,Bost,R,IL,mike bost,NA,NA,NA
NA,Brendan,Boyle,D,PA,brendan boyle,NA,NA,NA
NA,Kevin,Brady,R,TX,kevin brady,NA,NA,NA
NA,Robert A,Brady,D,PA,robert a brady,NA,NA,NA
NA,Dave,Brat,R,VA,dave brat,NA,NA,NA
NA,Mo,Brooks,R,AL,mo brooks,NA,NA,NA
NA,Susan,Brooks,R,IN,susan brooks,NA,NA,NA
NA,Anthony,Brown,D,MD,anthony brown,NA,NA,NA
NA,Julia,Brownley,D,CA,julia brownley,NA,NA,NA
NA,Vernon,Buchanan,R,FL,vernon buchanan,NA,NA,NA
NA,Ken,Buck,R,CO,ken buck,NA,NA,NA
NA,Larry,Bucshon,R,IN,larry bucshon,NA,NA,NA
NA,Ted,Budd,R,NC,ted budd,NA,NA,NA
NA,Michael,Burgess,R,TX,michael burgess,NA,NA,NA
NA,Cheri,Bustos,D,IL,cheri bustos,NA,NA,NA
NA,G K,Butterfield,D,NC,g k butterfield,NA,NA,NA
NA,Bradley,Byrne,R,AL,bradley byrne,NA,NA,NA
NA,Ken,Calvert,R,CA,ken calvert,NA,NA,NA
NA,Michael E,Capuano,D,MA,michael e capuano,NA,NA,NA
NA,Salud,Carbajal,D,CA,salud carbajal,NA,NA,NA
NA,Tony,Cardenas,D,CA,tony cardenas,NA,NA,NA
NA,Andre,Carson,D,IN,andre carson,NA,NA,NA
NA,Buddy,Carter,R,GA,buddy carter,NA,NA,NA
NA,John,Carter,R,TX,john carter,NA,NA,NA
NA,Matt,Cartwright,D,PA,matt cartwright,NA,NA,NA
NA,Kathy,Castor,D,FL,kathy castor,NA,NA,NA
NA,Joaquin,Castro,D,TX,joaquin castro,NA,NA,NA
NA,Steve,Chabot,R,OH,steve chabot,NA,NA,NA
NA,Liz,Cheney,R,WY,liz cheney,NA,NA,NA
NA,Judy,Chu,D,CA,judy chu,NA,NA,NA
NA,David,Cicilline,D,RI,david cicilline,NA,NA,NA
NA,Katherine,Clark,D,MA,katherine clark,NA,NA,NA
NA,Yvette,Clarke,D,NY,yvette clarke,NA,NA,NA
NA,William L Jr,Clay,D,MO,william l jr clay,NA,NA,NA
NA,Emanuel,Cleaver,D,MO,emanuel cleaver,NA,NA,NA
NA,Michael,Cloud,R,TX,michael cloud,NA,NA,NA
NA,James E,Clyburn,D,SC,james e clyburn,NA,NA,NA
NA,Mike,Coffman,R,CO,mike coffman,NA,NA,NA
NA,Steve,Cohen,D,TN,steve cohen,NA,NA,NA
NA,Tom,Cole,R,OK,tom cole,NA,NA,NA
NA,Bonnie Watson,Coleman,D,NJ,bonnie watson coleman,NA,NA,NA
NA,Chris,Collins,R,NY,chris collins,NA,NA,NA
NA,Doug,Collins,R,GA,doug collins,NA,NA,NA
NA,James,Comer,R,KY,james comer,NA,NA,NA
NA,Barbara,Comstock,R,VA,barbara comstock,NA,NA,NA
NA,Mike,Conaway,R,TX,mike conaway,NA,NA,NA
NA,Gerry,Connolly,D,VA,gerry connolly,NA,NA,NA
NA,Paul,Cook,R,CA,paul cook,NA,NA,NA
NA,Jim,Cooper,D,TN,jim cooper,NA,NA,NA
NA,Lou,Correa,D,CA,lou correa,NA,NA,NA
NA,Jim,Costa,D,CA,jim costa,NA,NA,NA
NA,Ryan,Costello,R,PA,ryan costello,NA,NA,NA
NA,Joe,Courtney,D,CT,joe courtney,NA,NA,NA
NA,Kevin,Cramer,R,ND,kevin cramer,NA,NA,NA
NA,Rick,Crawford,R,AR,rick crawford,NA,NA,NA
NA,Charlie,Crist,D,FL,charlie crist,NA,NA,NA
NA,Joseph,Crowley,D,NY,joseph crowley,NA,NA,NA
NA,Henry,Cuellar,D,TX,henry cuellar,NA,NA,NA
NA,John,Culberson,R,TX,john culberson,NA,NA,NA
NA,Elijah E,Cummings,D,MD,elijah e cummings,NA,NA,NA
NA,Carlos,Curbelo,R,FL,carlos curbelo,NA,NA,NA
NA,John,Curtis,R,UT,john curtis,NA,NA,NA
NA,Warren,Davidson,R,OH,warren davidson,NA,NA,NA
NA,Danny K,Davis,D,IL,danny k davis,NA,NA,NA
NA,Rodney,Davis,R,IL,rodney davis,NA,NA,NA
NA,Susan,Davis,D,CA,susan davis,NA,NA,NA
NA,Peter,DeFazio,D,OR,peter defazio,NA,NA,NA
NA,Diana,DeGette,D,CO,diana degette,NA,NA,NA
NA,John K,Delaney,D,MD,john k delaney,NA,NA,NA
NA,Rosa,DeLauro,D,CT,rosa delauro,NA,NA,NA
NA,Suzan,DelBene,D,WA,suzan delbene,NA,NA,NA
NA,Val,Demings,D,FL,val demings,NA,NA,NA
NA,Jeff,Denham,R,CA,jeff denham,NA,NA,NA
NA,Mark,Desaulnier,D,CA,mark desaulnier,NA,NA,NA
NA,Scott,Desjarlais,R,TN,scott desjarlais,NA,NA,NA
NA,Ted,Deutch,D,FL,ted deutch,NA,NA,NA
NA,Mario,Diaz-Balart,R,FL,mario diaz balart,NA,NA,NA
NA,Debbie,Dingell,D,MI,debbie dingell,NA,NA,NA
NA,Lloyd,Doggett,D,TX,lloyd doggett,NA,NA,NA
NA,Dan,Donovan,R,NY,dan donovan,NA,NA,NA
NA,Mike,Doyle,D,PA,mike doyle,NA,NA,NA
NA,Sean P,Duffy,R,WI,sean p duffy,NA,NA,NA
NA,Jeff,Duncan,R,SC,jeff duncan,NA,NA,NA
NA,John J Jr,Duncan,R,TN,john j jr duncan,NA,NA,NA
NA,Neal,Dunn,R,FL,neal dunn,NA,NA,NA
NA,Keith,Ellison,D,MN,keith ellison,NA,NA,NA
NA,Tom,Emmer,R,MN,tom emmer,NA,NA,NA
NA,Eliot,Engel,D,NY,eliot engel,NA,NA,NA
NA,Anna,Eshoo,D,CA,anna eshoo,NA,NA,NA
NA,Adriano,Espaillat,D,NY,adriano espaillat,NA,NA,NA
NA,Ron,Estes,R,KS,ron estes,NA,NA,NA
NA,Elizabeth,Esty,D,CT,elizabeth esty,NA,NA,NA
NA,Dwight,Evans,D,PA,dwight evans,NA,NA,NA
NA,John,Faso,R,NY,john faso,NA,NA,NA
NA,Drew,Ferguson,R,GA,drew ferguson,NA,NA,NA
NA,Brian,Fitzpatrick,R,PA,brian fitzpatrick,NA,NA,NA
NA,Chuck,Fleischmann,R,TN,chuck fleischmann,NA,NA,NA
NA,Bill,Flores,R,TX,bill flores,NA,NA,NA
NA,Jeff,Fortenberry,R,NE,jeff fortenberry,NA,NA,NA
NA,Bill,Foster,D,IL,bill foster,NA,NA,NA
NA,Virginia,Foxx,R,NC,virginia foxx,NA,NA,NA
NA,Lois,Frankel,D,FL,lois frankel,NA,NA,NA
NA,Rodney,Frelinghuysen,R,NJ,rodney frelinghuysen,NA,NA,NA
NA,Marcia,Fudge,D,OH,marcia fudge,NA,NA,NA
NA,Tulsi,Gabbard,D,HI,tulsi gabbard,NA,NA,NA
NA,Matt,Gaetz,R,FL,matt gaetz,NA,NA,NA
NA,Mike,Gallagher,R,WI,mike gallagher,NA,NA,NA
NA,Ruben,Gallego,D,AZ,ruben gallego,NA,NA,NA
NA,John,Garamendi,D,CA,john garamendi,NA,NA,NA
NA,Tom,Garrett,R,VA,tom garrett,NA,NA,NA
NA,Greg,Gianforte,R,MT,greg gianforte,NA,NA,NA
NA,Bob,Gibbs,R,OH,bob gibbs,NA,NA,NA
NA,Louis B Jr,Gohmert,R,TX,louis b jr gohmert,NA,NA,NA
NA,Jimmy,Gomez,D,CA,jimmy gomez,NA,NA,NA
NA,Vicente,Gonzalez,D,TX,vicente gonzalez,NA,NA,NA
NA,Bob,Goodlatte,R,VA,bob goodlatte,NA,NA,NA
NA,Paul,Gosar,R,AZ,paul gosar,NA,NA,NA
NA,Josh,Gottheimer,D,NJ,josh gottheimer,NA,NA,NA
NA,Trey,Gowdy,R,SC,trey gowdy,NA,NA,NA
NA,Kay,Granger,R,TX,kay granger,NA,NA,NA
NA,Garret,Graves,R,LA,garret graves,NA,NA,NA
NA,Sam,Graves,R,MO,sam graves,NA,NA,NA
NA,Tom,Graves,R,GA,tom graves,NA,NA,NA
NA,Al,Green,D,TX,al green,NA,NA,NA
NA,Gene,Green,D,TX,gene green,NA,NA,NA
NA,Morgan,Griffith,R,VA,morgan griffith,NA,NA,NA
NA,Raul M,Grijalva,D,AZ,raul m grijalva,NA,NA,NA
NA,Michelle Lujan,Grisham,D,NM,michelle lujan grisham,NA,NA,NA
NA,Glenn,Grothman,R,WI,glenn grothman,NA,NA,NA
NA,Brett,Guthrie,R,KY,brett guthrie,NA,NA,NA
NA,Luis V,Gutierrez,D,IL,luis v gutierrez,NA,NA,NA
NA,Colleen,Hanabusa,D,HI,colleen hanabusa,NA,NA,NA
NA,Karen,Handel,R,GA,karen handel,NA,NA,NA
NA,Gregg,Harper,R,MS,gregg harper,NA,NA,NA
NA,Andy,Harris,R,MD,andy harris,NA,NA,NA
NA,Vicky,Hartzler,R,MO,vicky hartzler,NA,NA,NA
NA,Alcee,Hastings,D,FL,alcee hastings,NA,NA,NA
NA,Dennis,Heck,D,WA,dennis heck,NA,NA,NA
NA,Jeb,Hensarling,R,TX,jeb hensarling,NA,NA,NA
NA,Kevin,Hern,R,OK,kevin hern,NA,NA,NA
NA,Jody,Hice,R,GA,jody hice,NA,NA,NA
NA,Brian M,Higgins,D,NY,brian m higgins,NA,NA,NA
NA,Clay,Higgins,R,LA,clay higgins,NA,NA,NA
NA,French,Hill,R,AR,french hill,NA,NA,NA
NA,Jim,Himes,D,CT,jim himes,NA,NA,NA
NA,George,Holding,R,NC,george holding,NA,NA,NA
NA,Trey,Hollingsworth,R,IN,trey hollingsworth,NA,NA,NA
NA,Steny H,Hoyer,D,MD,steny h hoyer,NA,NA,NA
NA,Richard,Hudson,R,NC,richard hudson,NA,NA,NA
NA,Jared,Huffman,D,CA,jared huffman,NA,NA,NA
NA,Bill,Huizenga,R,MI,bill huizenga,NA,NA,NA
NA,Randy,Hultgren,R,IL,randy hultgren,NA,NA,NA
NA,Duncan D,Hunter,R,CA,duncan d hunter,NA,NA,NA
NA,Will,Hurd,R,TX,will hurd,NA,NA,NA
NA,Darrell,Issa,R,CA,darrell issa,NA,NA,NA
NA,Sheila,Jackson Lee,D,TX,sheila jackson lee,NA,NA,NA
NA,Pramila,Jayapal,D,WA,pramila jayapal,NA,NA,NA
NA,Hakeem,Jeffries,D,NY,hakeem jeffries,NA,NA,NA
NA,Evan,Jenkins,R,WV,evan jenkins,NA,NA,NA
NA,Lynn,Jenkins,R,KS,lynn jenkins,NA,NA,NA
NA,Bill,Johnson,R,OH,bill johnson,NA,NA,NA
NA,Eddie Bernice,Johnson,D,TX,eddie bernice johnson,NA,NA,NA
NA,Hank,Johnson,D,GA,hank johnson,NA,NA,NA
NA,Mike,Johnson,R,LA,mike johnson,NA,NA,NA
NA,Sam,Johnson,R,TX,sam johnson,NA,NA,NA
NA,Brenda,Jones,D,MI,brenda jones,NA,NA,NA
NA,Walter B Jr,Jones,R,NC,walter b jr jones,NA,NA,NA
NA,Jim,Jordan,R,OH,jim jordan,NA,NA,NA
NA,David P,Joyce,R,OH,david p joyce,NA,NA,NA
NA,Marcy,Kaptur,D,OH,marcy kaptur,NA,NA,NA
NA,John,Katko,R,NY,john katko,NA,NA,NA
NA,Bill,Keating,D,MA,bill keating,NA,NA,NA
NA,Mike,Kelly,R,PA,mike kelly,NA,NA,NA
NA,Robin,Kelly,D,IL,robin kelly,NA,NA,NA
NA,Trent,Kelly,R,MS,trent kelly,NA,NA,NA
NA,Joe III,Kennedy,D,MA,joe iii kennedy,NA,NA,NA
NA,Ro,Khanna,D,CA,ro khanna,NA,NA,NA
NA,Ruben,Kihuen,D,NV,ruben kihuen,NA,NA,NA
NA,Dan,Kildee,D,MI,dan kildee,NA,NA,NA
NA,Derek,Kilmer,D,WA,derek kilmer,NA,NA,NA
NA,Ron,Kind,D,WI,ron kind,NA,NA,NA
NA,Pete,King,R,NY,pete king,NA,NA,NA
NA,Steven A,King,R,IA,steven a king,NA,NA,NA
NA,Adam,Kinzinger,R,IL,adam kinzinger,NA,NA,NA
NA,Steve,Knight,R,CA,steve knight,NA,NA,NA
NA,Raja,Krishnamoorthi,D,IL,raja krishnamoorthi,NA,NA,NA
NA,Ann,Kuster,D,NH,ann kuster,NA,NA,NA
NA,David,Kustoff,R,TN,david kustoff,NA,NA,NA
NA,Raul,Labrador,R,ID,raul labrador,NA,NA,NA
NA,Darin,LaHood,R,IL,darin lahood,NA,NA,NA
NA,Doug,LaMalfa,R,CA,doug lamalfa,NA,NA,NA
NA,Conor,Lamb,D,PA,conor lamb,NA,NA,NA
NA,Doug,Lamborn,R,CO,doug lamborn,NA,NA,NA
NA,Leonard,Lance,R,NJ,leonard lance,NA,NA,NA
NA,Jim,Langevin,D,RI,jim langevin,NA,NA,NA
NA,Rick,Larsen,D,WA,rick larsen,NA,NA,NA
NA,John,Larson,D,CT,john larson,NA,NA,NA
NA,Bob,Latta,R,OH,bob latta,NA,NA,NA
NA,Brenda,Lawrence,D,MI,brenda lawrence,NA,NA,NA
NA,Al,Lawson,D,FL,al lawson,NA,NA,NA
NA,Barbara,Lee,D,CA,barbara lee,NA,NA,NA
NA,Debbie,Lesko,R,AZ,debbie lesko,NA,NA,NA
NA,Sander,Levin,D,MI,sander levin,NA,NA,NA
NA,Jason,Lewis,R,MN,jason lewis,NA,NA,NA
NA,John,Lewis,D,GA,john lewis,NA,NA,NA
NA,Ted,Lieu,D,CA,ted lieu,NA,NA,NA
NA,Daniel,Lipinski,D,IL,daniel lipinski,NA,NA,NA
NA,Frank,LoBiondo,R,NJ,frank lobiondo,NA,NA,NA
NA,David,Loebsack,D,IA,david loebsack,NA,NA,NA
NA,Zoe,Lofgren,D,CA,zoe lofgren,NA,NA,NA
NA,Billy,Long,R,MO,billy long,NA,NA,NA
NA,Barry,Loudermilk,R,GA,barry loudermilk,NA,NA,NA
NA,Mia,Love,R,UT,mia love,NA,NA,NA
NA,Alan,Lowenthal,D,CA,alan lowenthal,NA,NA,NA
NA,Nita M,Lowey,D,NY,nita m lowey,NA,NA,NA
NA,Frank D,Lucas,R,OK,frank d lucas,NA,NA,NA
NA,Blaine,Luetkemeyer,R,MO,blaine luetkemeyer,NA,NA,NA
NA,Ben Ray,Lujan,D,NM,ben ray lujan,NA,NA,NA
NA,Stephen,Lynch,D,MA,stephen lynch,NA,NA,NA
NA,Thomas,MacArthur,R,NJ,thomas macarthur,NA,NA,NA
NA,Carolyn,Maloney,D,NY,carolyn maloney,NA,NA,NA
NA,Sean Patrick,Maloney,D,NY,sean patrick maloney,NA,NA,NA
NA,Kenny,Marchant,R,TX,kenny marchant,NA,NA,NA
NA,Tom,Marino,R,PA,tom marino,NA,NA,NA
NA,Roger,Marshall,R,KS,roger marshall,NA,NA,NA
NA,Thomas,Massie,R,KY,thomas massie,NA,NA,NA
NA,Brian,Mast,R,FL,brian mast,NA,NA,NA
NA,Doris,Matsui,D,CA,doris matsui,NA,NA,NA
NA,Kevin,McCarthy,R,CA,kevin mccarthy,NA,NA,NA
NA,Michael,McCaul,R,TX,michael mccaul,NA,NA,NA
NA,Tom,McClintock,R,CA,tom mcclintock,NA,NA,NA
NA,Betty,McCollum,D,MN,betty mccollum,NA,NA,NA
NA,Donald,McEachin,D,VA,donald mceachin,NA,NA,NA
NA,James P,McGovern,D,MA,james p mcgovern,NA,NA,NA
NA,Patrick,McHenry,R,NC,patrick mchenry,NA,NA,NA
NA,David,McKinley,R,WV,david mckinley,NA,NA,NA
NA,Jerry,McNerney,D,CA,jerry mcnerney,NA,NA,NA
NA,Martha,McSally,R,AZ,martha mcsally,NA,NA,NA
NA,Mark,Meadows,R,NC,mark meadows,NA,NA,NA
NA,Gregory,Meeks,D,NY,gregory meeks,NA,NA,NA
NA,Grace,Meng,D,NY,grace meng,NA,NA,NA
NA,Luke,Messer,R,IN,luke messer,NA,NA,NA
NA,Paul,Mitchell,R,MI,paul mitchell,NA,NA,NA
NA,John,Moolenaar,R,MI,john moolenaar,NA,NA,NA
NA,Alex,Mooney,R,WV,alex mooney,NA,NA,NA
NA,Gwen,Moore,D,WI,gwen moore,NA,NA,NA
NA,Joseph D,Morelle,D,NY,joseph d morelle,NA,NA,NA
NA,Seth,Moulton,D,MA,seth moulton,NA,NA,NA
NA,Markwayne,Mullin,R,OK,markwayne mullin,NA,NA,NA
NA,Stephanie,Murphy,D,FL,stephanie murphy,NA,NA,NA
NA,Jerrold,Nadler,D,NY,jerrold nadler,NA,NA,NA
NA,Grace,Napolitano,D,CA,grace napolitano,NA,NA,NA
NA,Richard E,Neal,D,MA,richard e neal,NA,NA,NA
NA,Dan,Newhouse,R,WA,dan newhouse,NA,NA,NA
NA,Kristi,Noem,R,SD,kristi noem,NA,NA,NA
NA,Rick,Nolan,D,MN,rick nolan,NA,NA,NA
NA,Don,Norcross,D,NJ,don norcross,NA,NA,NA
NA,Ralph,Norman,R,SC,ralph norman,NA,NA,NA
NA,Eleanor Holmes,Norton,D,DC,eleanor holmes norton,NA,NA,NA
NA,Devin,Nunes,R,CA,devin nunes,NA,NA,NA
NA,Tom,O'Halleran,D,AZ,tom o halleran,NA,NA,NA
NA,Beto,O'Rourke,D,TX,beto o rourke,NA,NA,NA
NA,Pete,Olson,R,TX,pete olson,NA,NA,NA
NA,Steven,Palazzo,R,MS,steven palazzo,NA,NA,NA
NA,Frank Jr,Pallone,D,NJ,frank jr pallone,NA,NA,NA
NA,Gary,Palmer,R,AL,gary palmer,NA,NA,NA
NA,Jimmy,Panetta,D,CA,jimmy panetta,NA,NA,NA
NA,Bill Jr,Pascrell,D,NJ,bill jr pascrell,NA,NA,NA
NA,Erik,Paulsen,R,MN,erik paulsen,NA,NA,NA
NA,Donald M Jr,Payne,D,NJ,donald m jr payne,NA,NA,NA
NA,Steve,Pearce,R,NM,steve pearce,NA,NA,NA
NA,Nancy,Pelosi,D,CA,nancy pelosi,NA,NA,NA
NA,Ed,Perlmutter,D,CO,ed perlmutter,NA,NA,NA
NA,Scott,Perry,R,PA,scott perry,NA,NA,NA
NA,Scott,Peters,D,CA,scott peters,NA,NA,NA
NA,Collin,Peterson,D,MN,collin peterson,NA,NA,NA
NA,Chellie,Pingree,D,ME,chellie pingree,NA,NA,NA
NA,Robert,Pittenger,R,NC,robert pittenger,NA,NA,NA
NA,Stacey,Plaskett,D,VI,stacey plaskett,NA,NA,NA
NA,Mark,Pocan,D,WI,mark pocan,NA,NA,NA
NA,Ted,Poe,R,TX,ted poe,NA,NA,NA
NA,Bruce,Poliquin,R,ME,bruce poliquin,NA,NA,NA
NA,Jared,Polis,D,CO,jared polis,NA,NA,NA
NA,Bill,Posey,R,FL,bill posey,NA,NA,NA
NA,David,Price,D,NC,david price,NA,NA,NA
NA,Mike,Quigley,D,IL,mike quigley,NA,NA,NA
NA,Amata Coleman,Radewagen,R,AS,amata coleman radewagen,NA,NA,NA
NA,Jamie,Raskin,D,MD,jamie raskin,NA,NA,NA
NA,John,Ratcliffe,R,TX,john ratcliffe,NA,NA,NA
NA,Tom,Reed,R,NY,tom reed,NA,NA,NA
NA,Dave,Reichert,R,WA,dave reichert,NA,NA,NA
NA,Jim,Renacci,R,OH,jim renacci,NA,NA,NA
NA,Kathleen,Rice,D,NY,kathleen rice,NA,NA,NA
NA,Tom,Rice,R,SC,tom rice,NA,NA,NA
NA,Cedric,Richmond,D,LA,cedric richmond,NA,NA,NA
NA,Martha,Roby,R,AL,martha roby,NA,NA,NA
NA,Lisa Blunt,Rochester,D,DE,lisa blunt rochester,NA,NA,NA
NA,Cathy McMorris,Rodgers,R,WA,cathy mcmorris rodgers,NA,NA,NA
NA,Phil,Roe,R,TN,phil roe,NA,NA,NA
NA,Hal,Rogers,R,KY,hal rogers,NA,NA,NA
NA,Mike D,Rogers,R,AL,mike d rogers,NA,NA,NA
NA,Dana,Rohrabacher,R,CA,dana rohrabacher,NA,NA,NA
NA,Todd,Rokita,R,IN,todd rokita,NA,NA,NA
NA,Francis,Rooney,R,FL,francis rooney,NA,NA,NA
NA,Tom,Rooney,R,FL,tom rooney,NA,NA,NA
NA,Ileana,Ros-Lehtinen,R,FL,ileana ros lehtinen,NA,NA,NA
NA,Jacky,Rosen,D,NV,jacky rosen,NA,NA,NA
NA,Peter,Roskam,R,IL,peter roskam,NA,NA,NA
NA,Dennis,Ross,R,FL,dennis ross,NA,NA,NA
NA,Keith J,Rothfus,R,PA,keith j rothfus,NA,NA,NA
NA,David,Rouzer,R,NC,david rouzer,NA,NA,NA
NA,Lucille,Roybal-Allard,D,CA,lucille roybal allard,NA,NA,NA
NA,Ed,Royce,R,CA,ed royce,NA,NA,NA
NA,Raul,Ruiz,D,CA,raul ruiz,NA,NA,NA
NA,Dutch,Ruppersberger,D,MD,dutch ruppersberger,NA,NA,NA
NA,Bobby,Rush,D,IL,bobby rush,NA,NA,NA
NA,Steven,Russell,R,OK,steven russell,NA,NA,NA
NA,John,Rutherford,R,FL,john rutherford,NA,NA,NA
NA,Paul,Ryan,R,WI,paul ryan,NA,NA,NA
NA,Tim,Ryan,D,OH,tim ryan,NA,NA,NA
NA,Linda,Sanchez,D,CA,linda sanchez,NA,NA,NA
NA,Mark,Sanford,R,SC,mark sanford,NA,NA,NA
NA,John,Sarbanes,D,MD,john sarbanes,NA,NA,NA
NA,Steve,Scalise,R,LA,steve scalise,NA,NA,NA
NA,Mary Gay,Scanlon,D,PA,mary gay scanlon,NA,NA,NA
NA,Jan,Schakowsky,D,IL,jan schakowsky,NA,NA,NA
NA,Adam,Schiff,D,CA,adam schiff,NA,NA,NA
NA,Brad,Schneider,D,IL,brad schneider,NA,NA,NA
NA,Kurt,Schrader,D,OR,kurt schrader,NA,NA,NA
NA,Debbie Wasserman,Schultz,D,FL,debbie wasserman schultz,NA,NA,NA
NA,David,Schweikert,R,AZ,david schweikert,NA,NA,NA
NA,Austin,Scott,R,GA,austin scott,NA,NA,NA
NA,Bobby,Scott,D,VA,bobby scott,NA,NA,NA
NA,David,Scott,D,GA,david scott,NA,NA,NA
NA,Jim,Sensenbrenner,R,WI,jim sensenbrenner,NA,NA,NA
NA,Jose E,Serrano,D,NY,jose e serrano,NA,NA,NA
NA,Pete,Sessions,R,TX,pete sessions,NA,NA,NA
NA,Terri,Sewell,D,AL,terri sewell,NA,NA,NA
NA,Carol,Shea-Porter,D,NH,carol shea porter,NA,NA,NA
NA,Brad,Sherman,D,CA,brad sherman,NA,NA,NA
NA,John,Shimkus,R,IL,john shimkus,NA,NA,NA
NA,Bill,Shuster,R,PA,bill shuster,NA,NA,NA
NA,Mike,Simpson,R,ID,mike simpson,NA,NA,NA
NA,Kyrsten,Sinema,D,AZ,kyrsten sinema,NA,NA,NA
NA,Albio,Sires,D,NJ,albio sires,NA,NA,NA
NA,Adam,Smith,D,WA,adam smith,NA,NA,NA
NA,Adrian,Smith,R,NE,adrian smith,NA,NA,NA
NA,Chris,Smith,R,NJ,chris smith,NA,NA,NA
NA,Jason,Smith,R,MO,jason smith,NA,NA,NA
NA,Lamar,Smith,R,TX,lamar smith,NA,NA,NA
NA,Lloyd,Smucker,R,PA,lloyd smucker,NA,NA,NA
NA,Darren,Soto,D,FL,darren soto,NA,NA,NA
NA,Jackie,Speier,D,CA,jackie speier,NA,NA,NA
NA,Elise,Stefanik,R,NY,elise stefanik,NA,NA,NA
NA,Chris,Stewart,R,UT,chris stewart,NA,NA,NA
NA,Steve,Stivers,R,OH,steve stivers,NA,NA,NA
NA,Tom,Suozzi,D,NY,tom suozzi,NA,NA,NA
NA,Eric,Swalwell,D,CA,eric swalwell,NA,NA,NA
NA,Mark,Takano,D,CA,mark takano,NA,NA,NA
NA,Scott,Taylor,R,VA,scott taylor,NA,NA,NA
NA,Claudia,Tenney,R,NY,claudia tenney,NA,NA,NA
NA,Bennie G,Thompson,D,MS,bennie g thompson,NA,NA,NA
NA,Glenn,Thompson,R,PA,glenn thompson,NA,NA,NA
NA,Mike,Thompson,D,CA,mike thompson,NA,NA,NA
NA,Mac,Thornberry,R,TX,mac thornberry,NA,NA,NA
NA,Scott,Tipton,R,CO,scott tipton,NA,NA,NA
NA,Dina,Titus,D,NV,dina titus,NA,NA,NA
NA,Paul,Tonko,D,NY,paul tonko,NA,NA,NA
NA,Norma,Torres,D,CA,norma torres,NA,NA,NA
NA,Dave,Trott,R,MI,dave trott,NA,NA,NA
NA,Niki,Tsongas,D,MA,niki tsongas,NA,NA,NA
NA,Michael R,Turner,R,OH,michael r turner,NA,NA,NA
NA,Fred,Upton,R,MI,fred upton,NA,NA,NA
NA,David,Valadao,R,CA,david valadao,NA,NA,NA
NA,Juan,Vargas,D,CA,juan vargas,NA,NA,NA
NA,Marc,Veasey,D,TX,marc veasey,NA,NA,NA
NA,Filemon,Vela,D,TX,filemon vela,NA,NA,NA
NA,Nydia,Velazquez,D,NY,nydia velazquez,NA,NA,NA
NA,Pete,Visclosky,D,IN,pete visclosky,NA,NA,NA
NA,Ann,Wagner,R,MO,ann wagner,NA,NA,NA
NA,Tim,Walberg,R,MI,tim walberg,NA,NA,NA
NA,Greg,Walden,R,OR,greg walden,NA,NA,NA
NA,Mark,Walker,R,NC,mark walker,NA,NA,NA
NA,Jackie,Walorski,R,IN,jackie walorski,NA,NA,NA
NA,Mimi,Walters,R,CA,mimi walters,NA,NA,NA
NA,Tim,Walz,D,MN,tim walz,NA,NA,NA
NA,Maxine,Waters,D,CA,maxine waters,NA,NA,NA
NA,Randy,Weber,R,TX,randy weber,NA,NA,NA
NA,Daniel,Webster,R,FL,daniel webster,NA,NA,NA
NA,Peter,Welch,D,VT,peter welch,NA,NA,NA
NA,Brad,Wenstrup,R,OH,brad wenstrup,NA,NA,NA
NA,Bruce,Westerman,R,AR,bruce westerman,NA,NA,NA
NA,Susan,Wild,D,PA,susan wild,NA,NA,NA
NA,Roger,Williams,R,TX,roger williams,NA,NA,NA
NA,Frederica,Wilson,D,FL,frederica wilson,NA,NA,NA
NA,Joe,Wilson,R,SC,joe wilson,NA,NA,NA
NA,Rob,Wittman,R,VA,rob wittman,NA,NA,NA
NA,Steve,Womack,R,AR,steve womack,NA,NA,NA
NA,Rob,Woodall,R,GA,rob woodall,NA,NA,NA
NA,John,Yarmuth,D,KY,john yarmuth,NA,NA,NA
NA,Kevin,Yoder,R,KS,kevin yoder,NA,NA,NA
NA,Ted,Yoho,R,FL,ted yoho,NA,NA,NA
NA,David,Young,R,IA,david young,NA,NA,NA
NA,Don,Young,R,AK,don young,NA,NA,NA
NA,Lee,Zeldin,R,NY,lee zeldin,NA,NA,NA
NA,Alma,Adams,D,NC,alma adams,NA,NA,NA
NA,Robert B,Aderholt,R,AL,robert b aderholt,NA,NA,NA
NA,Pete,Aguilar,D,CA,pete aguilar,NA,NA,NA
NA,Richard W,Allen,R,GA,richard w allen,NA,NA,NA
NA,Colin,Allred,D,TX,colin allred,NA,NA,NA
NA,Justin,Amash,I,MI,justin amash,NA,NA,NA
NA,Mark,Amodei,R,NV,mark amodei,NA,NA,NA
NA,Kelly,Armstrong,R,ND,kelly armstrong,NA,NA,NA
NA,Jodey,Arrington,R,TX,jodey arrington,NA,NA,NA
NA,Cindy,Axne,D,IA,cindy axne,NA,NA,NA
NA,Brian,Babin,R,TX,brian babin,NA,NA,NA
NA,Donald John,Bacon,R,NE,donald john bacon,NA,NA,NA
NA,Jim,Baird,R,IN,jim baird,NA,NA,NA
NA,Troy,Balderson,R,OH,troy balderson,NA,NA,NA
NA,Jim,Banks,R,IN,jim banks,NA,NA,NA
NA,Andy,Barr,R,KY,andy barr,NA,NA,NA
NA,Nanette,Barragan,D,CA,nanette barragan,NA,NA,NA
NA,Karen,Bass,D,CA,karen bass,NA,NA,NA
NA,Joyce,Beatty,D,OH,joyce beatty,NA,NA,NA
NA,Ami,Bera,D,CA,ami bera,NA,NA,NA
NA,John,Bergman,R,MI,john bergman,NA,NA,NA
NA,Jaime Herrera,Beutler,R,WA,jaime herrera beutler,NA,NA,NA
NA,Don,Beyer,D,VA,don beyer,NA,NA,NA
NA,Andy,Biggs,R,AZ,andy biggs,NA,NA,NA
NA,Gus,Bilirakis,R,FL,gus bilirakis,NA,NA,NA
NA,Dan,Bishop,R,NC,dan bishop,NA,NA,NA
NA,Rob,Bishop,R,UT,rob bishop,NA,NA,NA
NA,Sanford,Bishop,D,GA,sanford bishop,NA,NA,NA
NA,Earl,Blumenauer,D,OR,earl blumenauer,NA,NA,NA
NA,Suzanne,Bonamici,D,OR,suzanne bonamici,NA,NA,NA
NA,Mike,Bost,R,IL,mike bost,NA,NA,NA
NA,Brendan,Boyle,D,PA,brendan boyle,NA,NA,NA
NA,Kevin,Brady,R,TX,kevin brady,NA,NA,NA
NA,Anthony,Brindisi,D,NY,anthony brindisi,NA,NA,NA
NA,Mo,Brooks,R,AL,mo brooks,NA,NA,NA
NA,Susan,Brooks,R,IN,susan brooks,NA,NA,NA
NA,Anthony,Brown,D,MD,anthony brown,NA,NA,NA
NA,Julia,Brownley,D,CA,julia brownley,NA,NA,NA
NA,Vernon,Buchanan,R,FL,vernon buchanan,NA,NA,NA
NA,Ken,Buck,R,CO,ken buck,NA,NA,NA
NA,Larry,Bucshon,R,IN,larry bucshon,NA,NA,NA
NA,Ted,Budd,R,NC,ted budd,NA,NA,NA
NA,Tim,Burchett,R,TN,tim burchett,NA,NA,NA
NA,Michael,Burgess,R,TX,michael burgess,NA,NA,NA
NA,Cheri,Bustos,D,IL,cheri bustos,NA,NA,NA
NA,G K,Butterfield,D,NC,g k butterfield,NA,NA,NA
NA,Bradley,Byrne,R,AL,bradley byrne,NA,NA,NA
NA,Ken,Calvert,R,CA,ken calvert,NA,NA,NA
NA,Salud,Carbajal,D,CA,salud carbajal,NA,NA,NA
NA,Tony,Cardenas,D,CA,tony cardenas,NA,NA,NA
NA,Andre,Carson,D,IN,andre carson,NA,NA,NA
NA,Buddy,Carter,R,GA,buddy carter,NA,NA,NA
NA,John,Carter,R,TX,john carter,NA,NA,NA
NA,Matt,Cartwright,D,PA,matt cartwright,NA,NA,NA
NA,Ed,Case,D,HI,ed case,NA,NA,NA
NA,Sean,Casten,D,IL,sean casten,NA,NA,NA
NA,Kathy,Castor,D,FL,kathy castor,NA,NA,NA
NA,Joaquin,Castro,D,TX,joaquin castro,NA,NA,NA
NA,Steve,Chabot,R,OH,steve chabot,NA,NA,NA
NA,Liz,Cheney,R,WY,liz cheney,NA,NA,NA
NA,Judy,Chu,D,CA,judy chu,NA,NA,NA
NA,David,Cicilline,D,RI,david cicilline,NA,NA,NA
NA,Gil,Cisneros,D,CA,gil cisneros,NA,NA,NA
NA,Katherine,Clark,D,MA,katherine clark,NA,NA,NA
NA,Yvette,Clarke,D,NY,yvette clarke,NA,NA,NA
NA,William L Jr,Clay,D,MO,william l jr clay,NA,NA,NA
NA,Emanuel,Cleaver,D,MO,emanuel cleaver,NA,NA,NA
NA,Ben,Cline,R,VA,ben cline,NA,NA,NA
NA,Michael,Cloud,R,TX,michael cloud,NA,NA,NA
NA,James E,Clyburn,D,SC,james e clyburn,NA,NA,NA
NA,Steve,Cohen,D,TN,steve cohen,NA,NA,NA
NA,Tom,Cole,R,OK,tom cole,NA,NA,NA
NA,Bonnie Watson,Coleman,D,NJ,bonnie watson coleman,NA,NA,NA
NA,Doug,Collins,R,GA,doug collins,NA,NA,NA
NA,James,Comer,R,KY,james comer,NA,NA,NA
NA,Mike,Conaway,R,TX,mike conaway,NA,NA,NA
NA,Gerry,Connolly,D,VA,gerry connolly,NA,NA,NA
NA,Paul,Cook,R,CA,paul cook,NA,NA,NA
NA,Jim,Cooper,D,TN,jim cooper,NA,NA,NA
NA,Lou,Correa,D,CA,lou correa,NA,NA,NA
NA,Jim,Costa,D,CA,jim costa,NA,NA,NA
NA,Joe,Courtney,D,CT,joe courtney,NA,NA,NA
NA,TJ,Cox,D,CA,tj cox,NA,NA,NA
NA,Angie,Craig,D,MN,angie craig,NA,NA,NA
NA,Rick,Crawford,R,AR,rick crawford,NA,NA,NA
NA,Dan,Crenshaw,R,TX,dan crenshaw,NA,NA,NA
NA,Charlie,Crist,D,FL,charlie crist,NA,NA,NA
NA,Jason,Crow,D,CO,jason crow,NA,NA,NA
NA,Henry,Cuellar,D,TX,henry cuellar,NA,NA,NA
NA,Joe,Cunningham,D,SC,joe cunningham,NA,NA,NA
NA,John,Curtis,R,UT,john curtis,NA,NA,NA
NA,Sharice,Davids,D,KS,sharice davids,NA,NA,NA
NA,Warren,Davidson,R,OH,warren davidson,NA,NA,NA
NA,Danny K,Davis,D,IL,danny k davis,NA,NA,NA
NA,Rodney,Davis,R,IL,rodney davis,NA,NA,NA
NA,Susan,Davis,D,CA,susan davis,NA,NA,NA
NA,Madeleine,Dean,D,PA,madeleine dean,NA,NA,NA
NA,Peter,DeFazio,D,OR,peter defazio,NA,NA,NA
NA,Diana,DeGette,D,CO,diana degette,NA,NA,NA
NA,Rosa,DeLauro,D,CT,rosa delauro,NA,NA,NA
NA,Suzan,DelBene,D,WA,suzan delbene,NA,NA,NA
NA,Antonio,Delgado,D,NY,antonio delgado,NA,NA,NA
NA,Val,Demings,D,FL,val demings,NA,NA,NA
NA,Mark,Desaulnier,D,CA,mark desaulnier,NA,NA,NA
NA,Scott,Desjarlais,R,TN,scott desjarlais,NA,NA,NA
NA,Ted,Deutch,D,FL,ted deutch,NA,NA,NA
NA,Mario,Diaz-Balart,R,FL,mario diaz balart,NA,NA,NA
NA,Debbie,Dingell,D,MI,debbie dingell,NA,NA,NA
NA,Lloyd,Doggett,D,TX,lloyd doggett,NA,NA,NA
NA,Mike,Doyle,D,PA,mike doyle,NA,NA,NA
NA,Jeff,Duncan,R,SC,jeff duncan,NA,NA,NA
NA,Neal,Dunn,R,FL,neal dunn,NA,NA,NA
NA,Tom,Emmer,R,MN,tom emmer,NA,NA,NA
NA,Eliot,Engel,D,NY,eliot engel,NA,NA,NA
NA,Veronica,Escobar,D,TX,veronica escobar,NA,NA,NA
NA,Anna,Eshoo,D,CA,anna eshoo,NA,NA,NA
NA,Adriano,Espaillat,D,NY,adriano espaillat,NA,NA,NA
NA,Ron,Estes,R,KS,ron estes,NA,NA,NA
NA,Dwight,Evans,D,PA,dwight evans,NA,NA,NA
NA,Drew,Ferguson,R,GA,drew ferguson,NA,NA,NA
NA,Abby,Finkenauer,D,IA,abby finkenauer,NA,NA,NA
NA,Brian,Fitzpatrick,R,PA,brian fitzpatrick,NA,NA,NA
NA,Chuck,Fleischmann,R,TN,chuck fleischmann,NA,NA,NA
NA,Lizzie,Fletcher,D,TX,lizzie fletcher,NA,NA,NA
NA,Bill,Flores,R,TX,bill flores,NA,NA,NA
NA,Jeff,Fortenberry,R,NE,jeff fortenberry,NA,NA,NA
NA,Bill,Foster,D,IL,bill foster,NA,NA,NA
NA,Virginia,Foxx,R,NC,virginia foxx,NA,NA,NA
NA,Lois,Frankel,D,FL,lois frankel,NA,NA,NA
NA,Marcia,Fudge,D,OH,marcia fudge,NA,NA,NA
NA,Russ,Fulcher,R,ID,russ fulcher,NA,NA,NA
NA,Tulsi,Gabbard,D,HI,tulsi gabbard,NA,NA,NA
NA,Matt,Gaetz,R,FL,matt gaetz,NA,NA,NA
NA,Mike,Gallagher,R,WI,mike gallagher,NA,NA,NA
NA,Ruben,Gallego,D,AZ,ruben gallego,NA,NA,NA
NA,John,Garamendi,D,CA,john garamendi,NA,NA,NA
NA,Jesus,Garcia,D,IL,jesus garcia,NA,NA,NA
NA,Mike,Garcia,R,CA,mike garcia,NA,NA,NA
NA,Sylvia,Garcia,D,TX,sylvia garcia,NA,NA,NA
NA,Greg,Gianforte,R,MT,greg gianforte,NA,NA,NA
NA,Bob,Gibbs,R,OH,bob gibbs,NA,NA,NA
NA,Louis B Jr,Gohmert,R,TX,louis b jr gohmert,NA,NA,NA
NA,Jared,Golden,D,ME,jared golden,NA,NA,NA
NA,Jimmy,Gomez,D,CA,jimmy gomez,NA,NA,NA
NA,Anthony,Gonzalez,R,OH,anthony gonzalez,NA,NA,NA
NA,Vicente,Gonzalez,D,TX,vicente gonzalez,NA,NA,NA
NA,Lance,Gooden,R,TX,lance gooden,NA,NA,NA
NA,Paul,Gosar,R,AZ,paul gosar,NA,NA,NA
NA,Josh,Gottheimer,D,NJ,josh gottheimer,NA,NA,NA
NA,Kay,Granger,R,TX,kay granger,NA,NA,NA
NA,Garret,Graves,R,LA,garret graves,NA,NA,NA
NA,Sam,Graves,R,MO,sam graves,NA,NA,NA
NA,Al,Green,D,TX,al green,NA,NA,NA
NA,Mark,Green,R,TN,mark green,NA,NA,NA
NA,Morgan,Griffith,R,VA,morgan griffith,NA,NA,NA
NA,Raul M,Grijalva,D,AZ,raul m grijalva,NA,NA,NA
NA,Glenn,Grothman,R,WI,glenn grothman,NA,NA,NA
NA,Michael,Guest,R,MS,michael guest,NA,NA,NA
NA,Brett,Guthrie,R,KY,brett guthrie,NA,NA,NA
NA,Debra,Haaland,D,NM,debra haaland,NA,NA,NA
NA,Jim,Hagedorn,R,MN,jim hagedorn,NA,NA,NA
NA,Josh,Harder,D,CA,josh harder,NA,NA,NA
NA,Andy,Harris,R,MD,andy harris,NA,NA,NA
NA,Vicky,Hartzler,R,MO,vicky hartzler,NA,NA,NA
NA,Alcee,Hastings,D,FL,alcee hastings,NA,NA,NA
NA,Jahana,Hayes,D,CT,jahana hayes,NA,NA,NA
NA,Dennis,Heck,D,WA,dennis heck,NA,NA,NA
NA,Kevin,Hern,R,OK,kevin hern,NA,NA,NA
NA,Jody,Hice,R,GA,jody hice,NA,NA,NA
NA,Brian M,Higgins,D,NY,brian m higgins,NA,NA,NA
NA,Clay,Higgins,R,LA,clay higgins,NA,NA,NA
NA,French,Hill,R,AR,french hill,NA,NA,NA
NA,Jim,Himes,D,CT,jim himes,NA,NA,NA
NA,George,Holding,R,NC,george holding,NA,NA,NA
NA,Trey,Hollingsworth,R,IN,trey hollingsworth,NA,NA,NA
NA,Kendra,Horn,D,OK,kendra horn,NA,NA,NA
NA,Steven,Horsford,D,NV,steven horsford,NA,NA,NA
NA,Chrissy,Houlahan,D,PA,chrissy houlahan,NA,NA,NA
NA,Steny H,Hoyer,D,MD,steny h hoyer,NA,NA,NA
NA,Richard,Hudson,R,NC,richard hudson,NA,NA,NA
NA,Jared,Huffman,D,CA,jared huffman,NA,NA,NA
NA,Bill,Huizenga,R,MI,bill huizenga,NA,NA,NA
NA,Will,Hurd,R,TX,will hurd,NA,NA,NA
NA,Sheila,Jackson Lee,D,TX,sheila jackson lee,NA,NA,NA
NA,Chris,Jacobs,R,NY,chris jacobs,NA,NA,NA
NA,Pramila,Jayapal,D,WA,pramila jayapal,NA,NA,NA
NA,Hakeem,Jeffries,D,NY,hakeem jeffries,NA,NA,NA
NA,Bill,Johnson,R,OH,bill johnson,NA,NA,NA
NA,Dusty,Johnson,R,SD,dusty johnson,NA,NA,NA
NA,Eddie Bernice,Johnson,D,TX,eddie bernice johnson,NA,NA,NA
NA,Hank,Johnson,D,GA,hank johnson,NA,NA,NA
NA,Mike,Johnson,R,LA,mike johnson,NA,NA,NA
NA,Jim,Jordan,R,OH,jim jordan,NA,NA,NA
NA,David P,Joyce,R,OH,david p joyce,NA,NA,NA
NA,John,Joyce,R,PA,john joyce,NA,NA,NA
NA,Marcy,Kaptur,D,OH,marcy kaptur,NA,NA,NA
NA,John,Katko,R,NY,john katko,NA,NA,NA
NA,Bill,Keating,D,MA,bill keating,NA,NA,NA
NA,Fred,Keller,R,PA,fred keller,NA,NA,NA
NA,Mike,Kelly,R,PA,mike kelly,NA,NA,NA
NA,Robin,Kelly,D,IL,robin kelly,NA,NA,NA
NA,Trent,Kelly,R,MS,trent kelly,NA,NA,NA
NA,Joe III,Kennedy,D,MA,joe iii kennedy,NA,NA,NA
NA,Ro,Khanna,D,CA,ro khanna,NA,NA,NA
NA,Dan,Kildee,D,MI,dan kildee,NA,NA,NA
NA,Derek,Kilmer,D,WA,derek kilmer,NA,NA,NA
NA,Andy,Kim,D,NJ,andy kim,NA,NA,NA
NA,Ron,Kind,D,WI,ron kind,NA,NA,NA
NA,Pete,King,R,NY,pete king,NA,NA,NA
NA,Steven A,King,R,IA,steven a king,NA,NA,NA
NA,Adam,Kinzinger,R,IL,adam kinzinger,NA,NA,NA
NA,Ann,Kirkpatrick,D,AZ,ann kirkpatrick,NA,NA,NA
NA,Raja,Krishnamoorthi,D,IL,raja krishnamoorthi,NA,NA,NA
NA,Ann,Kuster,D,NH,ann kuster,NA,NA,NA
NA,David,Kustoff,R,TN,david kustoff,NA,NA,NA
NA,Darin,LaHood,R,IL,darin lahood,NA,NA,NA
NA,Doug,LaMalfa,R,CA,doug lamalfa,NA,NA,NA
NA,Conor,Lamb,D,PA,conor lamb,NA,NA,NA
NA,Doug,Lamborn,R,CO,doug lamborn,NA,NA,NA
NA,Jim,Langevin,D,RI,jim langevin,NA,NA,NA
NA,Rick,Larsen,D,WA,rick larsen,NA,NA,NA
NA,John,Larson,D,CT,john larson,NA,NA,NA
NA,Bob,Latta,R,OH,bob latta,NA,NA,NA
NA,Brenda,Lawrence,D,MI,brenda lawrence,NA,NA,NA
NA,Al,Lawson,D,FL,al lawson,NA,NA,NA
NA,Barbara,Lee,D,CA,barbara lee,NA,NA,NA
NA,Susie,Lee,D,NV,susie lee,NA,NA,NA
NA,Debbie,Lesko,R,AZ,debbie lesko,NA,NA,NA
NA,Andy,Levin,D,MI,andy levin,NA,NA,NA
NA,Mike,Levin,D,CA,mike levin,NA,NA,NA
NA,Ted,Lieu,D,CA,ted lieu,NA,NA,NA
NA,Daniel,Lipinski,D,IL,daniel lipinski,NA,NA,NA
NA,David,Loebsack,D,IA,david loebsack,NA,NA,NA
NA,Zoe,Lofgren,D,CA,zoe lofgren,NA,NA,NA
NA,Billy,Long,R,MO,billy long,NA,NA,NA
NA,Barry,Loudermilk,R,GA,barry loudermilk,NA,NA,NA
NA,Alan,Lowenthal,D,CA,alan lowenthal,NA,NA,NA
NA,Nita M,Lowey,D,NY,nita m lowey,NA,NA,NA
NA,Frank D,Lucas,R,OK,frank d lucas,NA,NA,NA
NA,Blaine,Luetkemeyer,R,MO,blaine luetkemeyer,NA,NA,NA
NA,Ben Ray,Lujan,D,NM,ben ray lujan,NA,NA,NA
NA,Elaine,Luria,D,VA,elaine luria,NA,NA,NA
NA,Stephen,Lynch,D,MA,stephen lynch,NA,NA,NA
NA,Tom,Malinowski,D,NJ,tom malinowski,NA,NA,NA
NA,Carolyn,Maloney,D,NY,carolyn maloney,NA,NA,NA
NA,Sean Patrick,Maloney,D,NY,sean patrick maloney,NA,NA,NA
NA,Kenny,Marchant,R,TX,kenny marchant,NA,NA,NA
NA,Roger,Marshall,R,KS,roger marshall,NA,NA,NA
NA,Thomas,Massie,R,KY,thomas massie,NA,NA,NA
NA,Brian,Mast,R,FL,brian mast,NA,NA,NA
NA,Doris,Matsui,D,CA,doris matsui,NA,NA,NA
NA,Ben,McAdams,D,UT,ben mcadams,NA,NA,NA
NA,Lucy,McBath,D,GA,lucy mcbath,NA,NA,NA
NA,Kevin,McCarthy,R,CA,kevin mccarthy,NA,NA,NA
NA,Michael,McCaul,R,TX,michael mccaul,NA,NA,NA
NA,Tom,McClintock,R,CA,tom mcclintock,NA,NA,NA
NA,Betty,McCollum,D,MN,betty mccollum,NA,NA,NA
NA,Donald,McEachin,D,VA,donald mceachin,NA,NA,NA
NA,James P,McGovern,D,MA,james p mcgovern,NA,NA,NA
NA,Patrick,McHenry,R,NC,patrick mchenry,NA,NA,NA
NA,David,McKinley,R,WV,david mckinley,NA,NA,NA
NA,Jerry,McNerney,D,CA,jerry mcnerney,NA,NA,NA
NA,Gregory,Meeks,D,NY,gregory meeks,NA,NA,NA
NA,Grace,Meng,D,NY,grace meng,NA,NA,NA
NA,Dan,Meuser,R,PA,dan meuser,NA,NA,NA
NA,Kweisi,Mfume,D,MD,kweisi mfume,NA,NA,NA
NA,Carol,Miller,R,WV,carol miller,NA,NA,NA
NA,Paul,Mitchell,R,MI,paul mitchell,NA,NA,NA
NA,John,Moolenaar,R,MI,john moolenaar,NA,NA,NA
NA,Alex,Mooney,R,WV,alex mooney,NA,NA,NA
NA,Gwen,Moore,D,WI,gwen moore,NA,NA,NA
NA,Joseph D,Morelle,D,NY,joseph d morelle,NA,NA,NA
NA,Seth,Moulton,D,MA,seth moulton,NA,NA,NA
NA,Debbie,Mucarsel-Powell,D,FL,debbie mucarsel powell,NA,NA,NA
NA,Markwayne,Mullin,R,OK,markwayne mullin,NA,NA,NA
NA,Greg,Murphy,R,NC,greg murphy,NA,NA,NA
NA,Stephanie,Murphy,D,FL,stephanie murphy,NA,NA,NA
NA,Jerrold,Nadler,D,NY,jerrold nadler,NA,NA,NA
NA,Grace,Napolitano,D,CA,grace napolitano,NA,NA,NA
NA,Richard E,Neal,D,MA,richard e neal,NA,NA,NA
NA,Joseph,Neguse,D,CO,joseph neguse,NA,NA,NA
NA,Dan,Newhouse,R,WA,dan newhouse,NA,NA,NA
NA,Don,Norcross,D,NJ,don norcross,NA,NA,NA
NA,Ralph,Norman,R,SC,ralph norman,NA,NA,NA
NA,Eleanor Holmes,Norton,D,DC,eleanor holmes norton,NA,NA,NA
NA,Devin,Nunes,R,CA,devin nunes,NA,NA,NA
NA,Tom,O'Halleran,D,AZ,tom o halleran,NA,NA,NA
NA,Alexandria,Ocasio-Cortez,D,NY,alexandria ocasio cortez,NA,NA,NA
NA,Pete,Olson,R,TX,pete olson,NA,NA,NA
NA,Ilhan,Omar,D,MN,ilhan omar,NA,NA,NA
NA,Steven,Palazzo,R,MS,steven palazzo,NA,NA,NA
NA,Frank Jr,Pallone,D,NJ,frank jr pallone,NA,NA,NA
NA,Gary,Palmer,R,AL,gary palmer,NA,NA,NA
NA,Jimmy,Panetta,D,CA,jimmy panetta,NA,NA,NA
NA,Chris,Pappas,D,NH,chris pappas,NA,NA,NA
NA,Bill Jr,Pascrell,D,NJ,bill jr pascrell,NA,NA,NA
NA,Donald M Jr,Payne,D,NJ,donald m jr payne,NA,NA,NA
NA,Nancy,Pelosi,D,CA,nancy pelosi,NA,NA,NA
NA,Greg,Pence,R,IN,greg pence,NA,NA,NA
NA,Ed,Perlmutter,D,CO,ed perlmutter,NA,NA,NA
NA,Scott,Perry,R,PA,scott perry,NA,NA,NA
NA,Scott,Peters,D,CA,scott peters,NA,NA,NA
NA,Collin,Peterson,D,MN,collin peterson,NA,NA,NA
NA,Dean,Phillips,D,MN,dean phillips,NA,NA,NA
NA,Chellie,Pingree,D,ME,chellie pingree,NA,NA,NA
NA,Stacey,Plaskett,D,VI,stacey plaskett,NA,NA,NA
NA,Mark,Pocan,D,WI,mark pocan,NA,NA,NA
NA,Katie,Porter,D,CA,katie porter,NA,NA,NA
NA,Bill,Posey,R,FL,bill posey,NA,NA,NA
NA,Ayanna,Pressley,D,MA,ayanna pressley,NA,NA,NA
NA,David,Price,D,NC,david price,NA,NA,NA
NA,Mike,Quigley,D,IL,mike quigley,NA,NA,NA
NA,Amata Coleman,Radewagen,R,AS,amata coleman radewagen,NA,NA,NA
NA,Jamie,Raskin,D,MD,jamie raskin,NA,NA,NA
NA,Tom,Reed,R,NY,tom reed,NA,NA,NA
NA,Guy,Reschenthaler,R,PA,guy reschenthaler,NA,NA,NA
NA,Kathleen,Rice,D,NY,kathleen rice,NA,NA,NA
NA,Tom,Rice,R,SC,tom rice,NA,NA,NA
NA,Cedric,Richmond,D,LA,cedric richmond,NA,NA,NA
NA,Denver,Riggleman,R,VA,denver riggleman,NA,NA,NA
NA,Martha,Roby,R,AL,martha roby,NA,NA,NA
NA,Lisa Blunt,Rochester,D,DE,lisa blunt rochester,NA,NA,NA
NA,Cathy McMorris,Rodgers,R,WA,cathy mcmorris rodgers,NA,NA,NA
NA,Phil,Roe,R,TN,phil roe,NA,NA,NA
NA,Hal,Rogers,R,KY,hal rogers,NA,NA,NA
NA,Mike D,Rogers,R,AL,mike d rogers,NA,NA,NA
NA,Francis,Rooney,R,FL,francis rooney,NA,NA,NA
NA,John,Rose,R,TN,john rose,NA,NA,NA
NA,Max,Rose,D,NY,max rose,NA,NA,NA
NA,Harley,Rouda,D,CA,harley rouda,NA,NA,NA
NA,David,Rouzer,R,NC,david rouzer,NA,NA,NA
NA,Chip,Roy,R,TX,chip roy,NA,NA,NA
NA,Lucille,Roybal-Allard,D,CA,lucille roybal allard,NA,NA,NA
NA,Raul,Ruiz,D,CA,raul ruiz,NA,NA,NA
NA,Dutch,Ruppersberger,D,MD,dutch ruppersberger,NA,NA,NA
NA,Bobby,Rush,D,IL,bobby rush,NA,NA,NA
NA,John,Rutherford,R,FL,john rutherford,NA,NA,NA
NA,Tim,Ryan,D,OH,tim ryan,NA,NA,NA
NA,Michael,San Nicolas,D,GU,michael san nicolas,NA,NA,NA
NA,Linda,Sanchez,D,CA,linda sanchez,NA,NA,NA
NA,John,Sarbanes,D,MD,john sarbanes,NA,NA,NA
NA,Steve,Scalise,R,LA,steve scalise,NA,NA,NA
NA,Mary Gay,Scanlon,D,PA,mary gay scanlon,NA,NA,NA
NA,Jan,Schakowsky,D,IL,jan schakowsky,NA,NA,NA
NA,Adam,Schiff,D,CA,adam schiff,NA,NA,NA
NA,Brad,Schneider,D,IL,brad schneider,NA,NA,NA
NA,Kurt,Schrader,D,OR,kurt schrader,NA,NA,NA
NA,Kim,Schrier,D,WA,kim schrier,NA,NA,NA
NA,Debbie Wasserman,Schultz,D,FL,debbie wasserman schultz,NA,NA,NA
NA,David,Schweikert,R,AZ,david schweikert,NA,NA,NA
NA,Austin,Scott,R,GA,austin scott,NA,NA,NA
NA,Bobby,Scott,D,VA,bobby scott,NA,NA,NA
NA,David,Scott,D,GA,david scott,NA,NA,NA
NA,Jim,Sensenbrenner,R,WI,jim sensenbrenner,NA,NA,NA
NA,Jose E,Serrano,D,NY,jose e serrano,NA,NA,NA
NA,Terri,Sewell,D,AL,terri sewell,NA,NA,NA
NA,Donna,Shalala,D,FL,donna shalala,NA,NA,NA
NA,Brad,Sherman,D,CA,brad sherman,NA,NA,NA
NA,Mikie,Sherrill,D,NJ,mikie sherrill,NA,NA,NA
NA,John,Shimkus,R,IL,john shimkus,NA,NA,NA
NA,Mike,Simpson,R,ID,mike simpson,NA,NA,NA
NA,Albio,Sires,D,NJ,albio sires,NA,NA,NA
NA,Elissa,Slotkin,D,MI,elissa slotkin,NA,NA,NA
NA,Xochitl Torres,Small,D,NM,xochitl torres small,NA,NA,NA
NA,Adam,Smith,D,WA,adam smith,NA,NA,NA
NA,Adrian,Smith,R,NE,adrian smith,NA,NA,NA
NA,Chris,Smith,R,NJ,chris smith,NA,NA,NA
NA,Jason,Smith,R,MO,jason smith,NA,NA,NA
NA,Lloyd,Smucker,R,PA,lloyd smucker,NA,NA,NA
NA,Darren,Soto,D,FL,darren soto,NA,NA,NA
NA,Abigail,Spanberger,D,VA,abigail spanberger,NA,NA,NA
NA,Ross,Spano,R,FL,ross spano,NA,NA,NA
NA,Jackie,Speier,D,CA,jackie speier,NA,NA,NA
NA,Greg,Stanton,D,AZ,greg stanton,NA,NA,NA
NA,Pete,Stauber,R,MN,pete stauber,NA,NA,NA
NA,Elise,Stefanik,R,NY,elise stefanik,NA,NA,NA
NA,Bryan,Steil,R,WI,bryan steil,NA,NA,NA
NA,Greg,Steube,R,FL,greg steube,NA,NA,NA
NA,Haley,Stevens,D,MI,haley stevens,NA,NA,NA
NA,Chris,Stewart,R,UT,chris stewart,NA,NA,NA
NA,Steve,Stivers,R,OH,steve stivers,NA,NA,NA
NA,Tom,Suozzi,D,NY,tom suozzi,NA,NA,NA
NA,Eric,Swalwell,D,CA,eric swalwell,NA,NA,NA
NA,Mark,Takano,D,CA,mark takano,NA,NA,NA
NA,Van,Taylor,R,TX,van taylor,NA,NA,NA
NA,Bennie G,Thompson,D,MS,bennie g thompson,NA,NA,NA
NA,Glenn,Thompson,R,PA,glenn thompson,NA,NA,NA
NA,Mike,Thompson,D,CA,mike thompson,NA,NA,NA
NA,Mac,Thornberry,R,TX,mac thornberry,NA,NA,NA
NA,Tom,Tiffany,R,WI,tom tiffany,NA,NA,NA
NA,William,Timmons,R,SC,william timmons,NA,NA,NA
NA,Scott,Tipton,R,CO,scott tipton,NA,NA,NA
NA,Dina,Titus,D,NV,dina titus,NA,NA,NA
NA,Rashida,Tlaib,D,MI,rashida tlaib,NA,NA,NA
NA,Paul,Tonko,D,NY,paul tonko,NA,NA,NA
NA,Norma,Torres,D,CA,norma torres,NA,NA,NA
NA,Lori,Trahan,D,MA,lori trahan,NA,NA,NA
NA,David,Trone,D,MD,david trone,NA,NA,NA
NA,Michael R,Turner,R,OH,michael r turner,NA,NA,NA
NA,Lauren A,Underwood,D,IL,lauren a underwood,NA,NA,NA
NA,Fred,Upton,R,MI,fred upton,NA,NA,NA
NA,Jeff,Van Drew,R,NJ,jeff van drew,NA,NA,NA
NA,Juan,Vargas,D,CA,juan vargas,NA,NA,NA
NA,Marc,Veasey,D,TX,marc veasey,NA,NA,NA
NA,Filemon,Vela,D,TX,filemon vela,NA,NA,NA
NA,Nydia,Velazquez,D,NY,nydia velazquez,NA,NA,NA
NA,Pete,Visclosky,D,IN,pete visclosky,NA,NA,NA
NA,Ann,Wagner,R,MO,ann wagner,NA,NA,NA
NA,Tim,Walberg,R,MI,tim walberg,NA,NA,NA
NA,Greg,Walden,R,OR,greg walden,NA,NA,NA
NA,Mark,Walker,R,NC,mark walker,NA,NA,NA
NA,Jackie,Walorski,R,IN,jackie walorski,NA,NA,NA
NA,Michael,Waltz,R,FL,michael waltz,NA,NA,NA
NA,Maxine,Waters,D,CA,maxine waters,NA,NA,NA
NA,Steve,Watkins,R,KS,steve watkins,NA,NA,NA
NA,Randy,Weber,R,TX,randy weber,NA,NA,NA
NA,Daniel,Webster,R,FL,daniel webster,NA,NA,NA
NA,Peter,Welch,D,VT,peter welch,NA,NA,NA
NA,Brad,Wenstrup,R,OH,brad wenstrup,NA,NA,NA
NA,Bruce,Westerman,R,AR,bruce westerman,NA,NA,NA
NA,Jennifer,Wexton,D,VA,jennifer wexton,NA,NA,NA
NA,Susan,Wild,D,PA,susan wild,NA,NA,NA
NA,Roger,Williams,R,TX,roger williams,NA,NA,NA
NA,Frederica,Wilson,D,FL,frederica wilson,NA,NA,NA
NA,Joe,Wilson,R,SC,joe wilson,NA,NA,NA
NA,Rob,Wittman,R,VA,rob wittman,NA,NA,NA
NA,Steve,Womack,R,AR,steve womack,NA,NA,NA
NA,Rob,Woodall,R,GA,rob woodall,NA,NA,NA
NA,Ron,Wright,R,TX,ron wright,NA,NA,NA
NA,John,Yarmuth,D,KY,john yarmuth,NA,NA,NA
NA,Ted,Yoho,R,FL,ted yoho,NA,NA,NA
NA,Don,Young,R,AK,don young,NA,NA,NA
NA,Lee,Zeldin,R,NY,lee zeldin,NA,NA,NA
NA,Alma S.,Adams,D,NC,alma s adams,NA,NA,NA
NA,Robert B.,Aderholt,R,AL,robert b aderholt,NA,NA,NA
NA,Pete,Aguilar,D,CA,pete aguilar,NA,NA,NA
NA,Mark,Alford,R,MO,mark alford,NA,NA,NA
NA,Rick W.,Allen,R,GA,rick w allen,NA,NA,NA
NA,Colin Z.,Allred,D,TX,colin z allred,NA,NA,NA
NA,Gabe,Amo,D,RI,gabe amo,NA,NA,NA
NA,Mark E.,Amodei,R,NV,mark e amodei,NA,NA,NA
NA,Kelly,Armstrong,R,ND,kelly armstrong,NA,NA,NA
NA,Jodey C.,Arrington,R,TX,jodey c arrington,NA,NA,NA
NA,Jake,Auchincloss,D,MA,jake auchincloss,NA,NA,NA
NA,Brian,Babin,R,TX,brian babin,NA,NA,NA
NA,Don,Bacon,R,NE,don bacon,NA,NA,NA
NA,James R.,Baird,R,IN,james r baird,NA,NA,NA
NA,Troy,Balderson,R,OH,troy balderson,NA,NA,NA
NA,Becca,Balint,D,VT,becca balint,NA,NA,NA
NA,Jim,Banks,R,IN,jim banks,NA,NA,NA
NA,Andy,Barr,R,KY,andy barr,NA,NA,NA
NA,Nanette Diaz,Barragán,D,CA,nanette diaz barrag n,NA,NA,NA
NA,Aaron,Bean,R,FL,aaron bean,NA,NA,NA
NA,Joyce,Beatty,D,OH,joyce beatty,NA,NA,NA
NA,Cliff,Bentz,R,OR,cliff bentz,NA,NA,NA
NA,Ami,Bera,D,CA,ami bera,NA,NA,NA
NA,Jack,Bergman,R,MI,jack bergman,NA,NA,NA
NA,Donald S. Jr.,Beyer,D,VA,donald s jr beyer,NA,NA,NA
NA,Stephanie I.,Bice,R,OK,stephanie i bice,NA,NA,NA
NA,Andy,Biggs,R,AZ,andy biggs,NA,NA,NA
NA,Gus M.,Bilirakis,R,FL,gus m bilirakis,NA,NA,NA
NA,Dan,Bishop,R,NC,dan bishop,NA,NA,NA
NA,Sanford D. Jr.,Bishop,D,GA,sanford d jr bishop,NA,NA,NA
NA,Earl,Blumenauer,D,OR,earl blumenauer,NA,NA,NA
NA,Lisa,Blunt Rochester,D,DE,lisa blunt rochester,NA,NA,NA
NA,Lauren,Boebert,R,CO,lauren boebert,NA,NA,NA
NA,Suzanne,Bonamici,D,OR,suzanne bonamici,NA,NA,NA
NA,Mike,Bost,R,IL,mike bost,NA,NA,NA
NA,Jamaal,Bowman,D,NY,jamaal bowman,NA,NA,NA
NA,Brendan F.,Boyle,D,PA,brendan f boyle,NA,NA,NA
NA,Josh,Brecheen,R,OK,josh brecheen,NA,NA,NA
NA,Shontel M.,Brown,D,OH,shontel m brown,NA,NA,NA
NA,Julia,Brownley,D,CA,julia brownley,NA,NA,NA
NA,Vern,Buchanan,R,FL,vern buchanan,NA,NA,NA
NA,Ken,Buck,R,CO,ken buck,NA,NA,NA
NA,Larry,Bucshon,R,IN,larry bucshon,NA,NA,NA
NA,Nikki,Budzinski,D,IL,nikki budzinski,NA,NA,NA
NA,Tim,Burchett,R,TN,tim burchett,NA,NA,NA
NA,Michael C.,Burgess,R,TX,michael c burgess,NA,NA,NA
NA,Eric,Burlison,R,MO,eric burlison,NA,NA,NA
NA,Cori,Bush,D,MO,cori bush,NA,NA,NA
NA,Ken,Calvert,R,CA,ken calvert,NA,NA,NA
NA,Kat,Cammack,R,FL,kat cammack,NA,NA,NA
NA,Yadira,Caraveo,D,CO,yadira caraveo,NA,NA,NA
NA,Salud O.,Carbajal,D,CA,salud o carbajal,NA,NA,NA
NA,Mike,Carey,R,OH,mike carey,NA,NA,NA
NA,Jerry L.,Carl,R,AL,jerry l carl,NA,NA,NA
NA,André,Carson,D,IN,andr carson,NA,NA,NA
NA,"Earl L. ""Buddy""",Carter,R,GA,earl l buddy carter,NA,NA,NA
NA,John R.,Carter,R,TX,john r carter,NA,NA,NA
NA,Troy A.,Carter,D,LA,troy a carter,NA,NA,NA
NA,Matt,Cartwright,D,PA,matt cartwright,NA,NA,NA
NA,Greg,Casar,D,TX,greg casar,NA,NA,NA
NA,Ed,Case,D,HI,ed case,NA,NA,NA
NA,Sean,Casten,D,IL,sean casten,NA,NA,NA
NA,Kathy,Castor,D,FL,kathy castor,NA,NA,NA
NA,Joaquin,Castro,D,TX,joaquin castro,NA,NA,NA
NA,Lori,Chavez-DeRemer,R,OR,lori chavez deremer,NA,NA,NA
NA,Sheila,Cherfilus-McCormick,D,FL,sheila cherfilus mccormick,NA,NA,NA
NA,Judy,Chu,D,CA,judy chu,NA,NA,NA
NA,Juan,Ciscomani,R,AZ,juan ciscomani,NA,NA,NA
NA,Katherine M.,Clark,D,MA,katherine m clark,NA,NA,NA
NA,Yvette D.,Clarke,D,NY,yvette d clarke,NA,NA,NA
NA,Emanuel,Cleaver,D,MO,emanuel cleaver,NA,NA,NA
NA,Ben,Cline,R,VA,ben cline,NA,NA,NA
NA,Michael,Cloud,R,TX,michael cloud,NA,NA,NA
NA,James E.,Clyburn,D,SC,james e clyburn,NA,NA,NA
NA,Andrew S.,Clyde,R,GA,andrew s clyde,NA,NA,NA
NA,Steve,Cohen,D,TN,steve cohen,NA,NA,NA
NA,Tom,Cole,R,OK,tom cole,NA,NA,NA
NA,Mike,Collins,R,GA,mike collins,NA,NA,NA
NA,James,Comer,R,KY,james comer,NA,NA,NA
NA,Gerald E.,Connolly,D,VA,gerald e connolly,NA,NA,NA
NA,J. Luis,Correa,D,CA,j luis correa,NA,NA,NA
NA,Jim,Costa,D,CA,jim costa,NA,NA,NA
NA,Joe,Courtney,D,CT,joe courtney,NA,NA,NA
NA,Angie,Craig,D,MN,angie craig,NA,NA,NA
NA,Elijah,Crane,R,AZ,elijah crane,NA,NA,NA
NA,"Eric A. ""Rick""",Crawford,R,AR,eric a rick crawford,NA,NA,NA
NA,Dan,Crenshaw,R,TX,dan crenshaw,NA,NA,NA
NA,Jasmine,Crockett,D,TX,jasmine crockett,NA,NA,NA
NA,Jason,Crow,D,CO,jason crow,NA,NA,NA
NA,Henry,Cuellar,D,TX,henry cuellar,NA,NA,NA
NA,John R.,Curtis,R,UT,john r curtis,NA,NA,NA
NA,Tony,Cárdenas,D,CA,tony c rdenas,NA,NA,NA
NA,Anthony,D'Esposito,R,NY,anthony d esposito,NA,NA,NA
NA,Sharice,Davids,D,KS,sharice davids,NA,NA,NA
NA,Warren,Davidson,R,OH,warren davidson,NA,NA,NA
NA,Danny K.,Davis,D,IL,danny k davis,NA,NA,NA
NA,Donald G.,Davis,D,NC,donald g davis,NA,NA,NA
NA,Monica,De La Cruz,R,TX,monica de la cruz,NA,NA,NA
NA,Madeleine,Dean,D,PA,madeleine dean,NA,NA,NA
NA,Diana,DeGette,D,CO,diana degette,NA,NA,NA
NA,Rosa L.,DeLauro,D,CT,rosa l delauro,NA,NA,NA
NA,Suzan K.,DelBene,D,WA,suzan k delbene,NA,NA,NA
NA,Christopher R.,Deluzio,D,PA,christopher r deluzio,NA,NA,NA
NA,Mark,DeSaulnier,D,CA,mark desaulnier,NA,NA,NA
NA,Scott,DesJarlais,R,TN,scott desjarlais,NA,NA,NA
NA,Mario,Diaz-Balart,R,FL,mario diaz balart,NA,NA,NA
NA,Debbie,Dingell,D,MI,debbie dingell,NA,NA,NA
NA,Lloyd,Doggett,D,TX,lloyd doggett,NA,NA,NA
NA,Byron,Donalds,R,FL,byron donalds,NA,NA,NA
NA,John S.,Duarte,R,CA,john s duarte,NA,NA,NA
NA,Jeff,Duncan,R,SC,jeff duncan,NA,NA,NA
NA,Neal P.,Dunn,R,FL,neal p dunn,NA,NA,NA
NA,Chuck,Edwards,R,NC,chuck edwards,NA,NA,NA
NA,Jake,Ellzey,R,TX,jake ellzey,NA,NA,NA
NA,Tom,Emmer,R,MN,tom emmer,NA,NA,NA
NA,Veronica,Escobar,D,TX,veronica escobar,NA,NA,NA
NA,Anna G.,Eshoo,D,CA,anna g eshoo,NA,NA,NA
NA,Adriano,Espaillat,D,NY,adriano espaillat,NA,NA,NA
NA,Ron,Estes,R,KS,ron estes,NA,NA,NA
NA,Dwight,Evans,D,PA,dwight evans,NA,NA,NA
NA,Mike,Ezell,R,MS,mike ezell,NA,NA,NA
NA,Pat,Fallon,R,TX,pat fallon,NA,NA,NA
NA,Randy,Feenstra,R,IA,randy feenstra,NA,NA,NA
NA,A. Drew IV,Ferguson,R,GA,a drew iv ferguson,NA,NA,NA
NA,Brad,Finstad,R,MN,brad finstad,NA,NA,NA
NA,Michelle,Fischbach,R,MN,michelle fischbach,NA,NA,NA
NA,Scott,Fitzgerald,R,WI,scott fitzgerald,NA,NA,NA
NA,Brian K.,Fitzpatrick,R,PA,brian k fitzpatrick,NA,NA,NA
NA,"Charles J. ""Chuck""",Fleischmann,R,TN,charles j chuck fleischmann,NA,NA,NA
NA,Lizzie,Fletcher,D,TX,lizzie fletcher,NA,NA,NA
NA,Mike,Flood,R,NE,mike flood,NA,NA,NA
NA,Bill,Foster,D,IL,bill foster,NA,NA,NA
NA,Valerie P.,Foushee,D,NC,valerie p foushee,NA,NA,NA
NA,Virginia,Foxx,R,NC,virginia foxx,NA,NA,NA
NA,Lois,Frankel,D,FL,lois frankel,NA,NA,NA
NA,Scott,Franklin,R,FL,scott franklin,NA,NA,NA
NA,Maxwell,Frost,D,FL,maxwell frost,NA,NA,NA
NA,Russell,Fry,R,SC,russell fry,NA,NA,NA
NA,Russ,Fulcher,R,ID,russ fulcher,NA,NA,NA
NA,Matt,Gaetz,R,FL,matt gaetz,NA,NA,NA
NA,Mike,Gallagher,R,WI,mike gallagher,NA,NA,NA
NA,Ruben,Gallego,D,AZ,ruben gallego,NA,NA,NA
NA,John,Garamendi,D,CA,john garamendi,NA,NA,NA
NA,Andrew R.,Garbarino,R,NY,andrew r garbarino,NA,NA,NA
NA,Mike,Garcia,R,CA,mike garcia,NA,NA,NA
NA,Robert,Garcia,D,CA,robert garcia,NA,NA,NA
NA,Sylvia R.,Garcia,D,TX,sylvia r garcia,NA,NA,NA
NA,"Jesús G. ""Chuy""",García,D,IL,jes s g chuy garc a,NA,NA,NA
NA,Carlos A.,Gimenez,R,FL,carlos a gimenez,NA,NA,NA
NA,Jared F.,Golden,D,ME,jared f golden,NA,NA,NA
NA,Daniel S.,Goldman,D,NY,daniel s goldman,NA,NA,NA
NA,Jimmy,Gomez,D,CA,jimmy gomez,NA,NA,NA
NA,Tony,Gonzales,R,TX,tony gonzales,NA,NA,NA
NA,Vicente,Gonzalez,D,TX,vicente gonzalez,NA,NA,NA
NA,Jenniffer,González-Colón,R,PR,jenniffer gonz lez col n,NA,NA,NA
NA,Bob,Good,R,VA,bob good,NA,NA,NA
NA,Lance,Gooden,R,TX,lance gooden,NA,NA,NA
NA,Paul A.,Gosar,R,AZ,paul a gosar,NA,NA,NA
NA,Josh,Gottheimer,D,NJ,josh gottheimer,NA,NA,NA
NA,Kay,Granger,R,TX,kay granger,NA,NA,NA
NA,Garret,Graves,R,LA,garret graves,NA,NA,NA
NA,Sam,Graves,R,MO,sam graves,NA,NA,NA
NA,Al,Green,D,TX,al green,NA,NA,NA
NA,Mark E.,Green,R,TN,mark e green,NA,NA,NA
NA,Marjorie Taylor,Greene,R,GA,marjorie taylor greene,NA,NA,NA
NA,H. Morgan,Griffith,R,VA,h morgan griffith,NA,NA,NA
NA,Raúl M.,Grijalva,D,AZ,ra l m grijalva,NA,NA,NA
NA,Glenn,Grothman,R,WI,glenn grothman,NA,NA,NA
NA,Michael,Guest,R,MS,michael guest,NA,NA,NA
NA,Brett,Guthrie,R,KY,brett guthrie,NA,NA,NA
NA,Harriet M.,Hageman,R,WY,harriet m hageman,NA,NA,NA
NA,Josh,Harder,D,CA,josh harder,NA,NA,NA
NA,Andy,Harris,R,MD,andy harris,NA,NA,NA
NA,Diana,Harshbarger,R,TN,diana harshbarger,NA,NA,NA
NA,Jahana,Hayes,D,CT,jahana hayes,NA,NA,NA
NA,Kevin,Hern,R,OK,kevin hern,NA,NA,NA
NA,Clay,Higgins,R,LA,clay higgins,NA,NA,NA
NA,J. French,Hill,R,AR,j french hill,NA,NA,NA
NA,James A.,Himes,D,CT,james a himes,NA,NA,NA
NA,Ashley,Hinson,R,IA,ashley hinson,NA,NA,NA
NA,Steven,Horsford,D,NV,steven horsford,NA,NA,NA
NA,Erin,Houchin,R,IN,erin houchin,NA,NA,NA
NA,Chrissy,Houlahan,D,PA,chrissy houlahan,NA,NA,NA
NA,Steny H.,Hoyer,D,MD,steny h hoyer,NA,NA,NA
NA,Val T.,Hoyle,D,OR,val t hoyle,NA,NA,NA
NA,Richard,Hudson,R,NC,richard hudson,NA,NA,NA
NA,Jared,Huffman,D,CA,jared huffman,NA,NA,NA
NA,Bill,Huizenga,R,MI,bill huizenga,NA,NA,NA
NA,Wesley,Hunt,R,TX,wesley hunt,NA,NA,NA
NA,Darrell,Issa,R,CA,darrell issa,NA,NA,NA
NA,Glenn,Ivey,D,MD,glenn ivey,NA,NA,NA
NA,Sheila,Jackson Lee,D,TX,sheila jackson lee,NA,NA,NA
NA,Jeff,Jackson,D,NC,jeff jackson,NA,NA,NA
NA,Jonathan L.,Jackson,D,IL,jonathan l jackson,NA,NA,NA
NA,Ronny,Jackson,R,TX,ronny jackson,NA,NA,NA
NA,Sara,Jacobs,D,CA,sara jacobs,NA,NA,NA
NA,John,James,R,MI,john james,NA,NA,NA
NA,Pramila,Jayapal,D,WA,pramila jayapal,NA,NA,NA
NA,Hakeem S.,Jeffries,D,NY,hakeem s jeffries,NA,NA,NA
NA,Dusty,Johnson,R,SD,dusty johnson,NA,NA,NA
NA,"Henry C. ""Hank"" Jr.",Johnson,D,GA,henry c hank jr johnson,NA,NA,NA
NA,Mike,Johnson,R,LA,mike johnson,NA,NA,NA
NA,Jim,Jordan,R,OH,jim jordan,NA,NA,NA
NA,David P.,Joyce,R,OH,david p joyce,NA,NA,NA
NA,John,Joyce,R,PA,john joyce,NA,NA,NA
NA,Sydney,Kamlager-Dove,D,CA,sydney kamlager dove,NA,NA,NA
NA,Marcy,Kaptur,D,OH,marcy kaptur,NA,NA,NA
NA,Thomas H. Jr.,Kean,R,NJ,thomas h jr kean,NA,NA,NA
NA,William R.,Keating,D,MA,william r keating,NA,NA,NA
NA,Mike,Kelly,R,PA,mike kelly,NA,NA,NA
NA,Robin L.,Kelly,D,IL,robin l kelly,NA,NA,NA
NA,Trent,Kelly,R,MS,trent kelly,NA,NA,NA
NA,Ro,Khanna,D,CA,ro khanna,NA,NA,NA
NA,Jennifer A.,Kiggans,R,VA,jennifer a kiggans,NA,NA,NA
NA,Daniel T.,Kildee,D,MI,daniel t kildee,NA,NA,NA
NA,Kevin,Kiley,R,CA,kevin kiley,NA,NA,NA
NA,Derek,Kilmer,D,WA,derek kilmer,NA,NA,NA
NA,Andy,Kim,D,NJ,andy kim,NA,NA,NA
NA,Young,Kim,R,CA,young kim,NA,NA,NA
NA,Raja,Krishnamoorthi,D,IL,raja krishnamoorthi,NA,NA,NA
NA,Ann M.,Kuster,D,NH,ann m kuster,NA,NA,NA
NA,David,Kustoff,R,TN,david kustoff,NA,NA,NA
NA,Darin,LaHood,R,IL,darin lahood,NA,NA,NA
NA,Nick,LaLota,R,NY,nick lalota,NA,NA,NA
NA,Doug,LaMalfa,R,CA,doug lamalfa,NA,NA,NA
NA,Doug,Lamborn,R,CO,doug lamborn,NA,NA,NA
NA,Greg,Landsman,D,OH,greg landsman,NA,NA,NA
NA,Nicholas A.,Langworthy,R,NY,nicholas a langworthy,NA,NA,NA
NA,Rick,Larsen,D,WA,rick larsen,NA,NA,NA
NA,John B.,Larson,D,CT,john b larson,NA,NA,NA
NA,Robert E.,Latta,R,OH,robert e latta,NA,NA,NA
NA,Jake,LaTurner,R,KS,jake laturner,NA,NA,NA
NA,Michael,Lawler,R,NY,michael lawler,NA,NA,NA
NA,Barbara,Lee,D,CA,barbara lee,NA,NA,NA
NA,Laurel M.,Lee,R,FL,laurel m lee,NA,NA,NA
NA,Summer L.,Lee,D,PA,summer l lee,NA,NA,NA
NA,Susie,Lee,D,NV,susie lee,NA,NA,NA
NA,Teresa,Leger Fernandez,D,NM,teresa leger fernandez,NA,NA,NA
NA,Debbie,Lesko,R,AZ,debbie lesko,NA,NA,NA
NA,Julia,Letlow,R,LA,julia letlow,NA,NA,NA
NA,Mike,Levin,D,CA,mike levin,NA,NA,NA
NA,Ted,Lieu,D,CA,ted lieu,NA,NA,NA
NA,Zoe,Lofgren,D,CA,zoe lofgren,NA,NA,NA
NA,Barry,Loudermilk,R,GA,barry loudermilk,NA,NA,NA
NA,Frank D.,Lucas,R,OK,frank d lucas,NA,NA,NA
NA,Blaine,Luetkemeyer,R,MO,blaine luetkemeyer,NA,NA,NA
NA,Anna Paulina,Luna,R,FL,anna paulina luna,NA,NA,NA
NA,Morgan,Luttrell,R,TX,morgan luttrell,NA,NA,NA
NA,Stephen F.,Lynch,D,MA,stephen f lynch,NA,NA,NA
NA,Nancy,Mace,R,SC,nancy mace,NA,NA,NA
NA,Seth,Magaziner,D,RI,seth magaziner,NA,NA,NA
NA,Nicole,Malliotakis,R,NY,nicole malliotakis,NA,NA,NA
NA,Celeste,Maloy,R,UT,celeste maloy,NA,NA,NA
NA,Tracey,Mann,R,KS,tracey mann,NA,NA,NA
NA,Kathy E.,Manning,D,NC,kathy e manning,NA,NA,NA
NA,Thomas,Massie,R,KY,thomas massie,NA,NA,NA
NA,Brian J.,Mast,R,FL,brian j mast,NA,NA,NA
NA,Doris O.,Matsui,D,CA,doris o matsui,NA,NA,NA
NA,Lucy,McBath,D,GA,lucy mcbath,NA,NA,NA
NA,Michael T.,McCaul,R,TX,michael t mccaul,NA,NA,NA
NA,Lisa C.,McClain,R,MI,lisa c mcclain,NA,NA,NA
NA,Jennifer L.,McClellan,D,VA,jennifer l mcclellan,NA,NA,NA
NA,Tom,McClintock,R,CA,tom mcclintock,NA,NA,NA
NA,Betty,McCollum,D,MN,betty mccollum,NA,NA,NA
NA,Richard,McCormick,R,GA,richard mccormick,NA,NA,NA
NA,Morgan,McGarvey,D,KY,morgan mcgarvey,NA,NA,NA
NA,James P.,McGovern,D,MA,james p mcgovern,NA,NA,NA
NA,Patrick T.,McHenry,R,NC,patrick t mchenry,NA,NA,NA
NA,Gregory W.,Meeks,D,NY,gregory w meeks,NA,NA,NA
NA,Robert,Menendez,D,NJ,robert menendez,NA,NA,NA
NA,Grace,Meng,D,NY,grace meng,NA,NA,NA
NA,Daniel,Meuser,R,PA,daniel meuser,NA,NA,NA
NA,Kweisi,Mfume,D,MD,kweisi mfume,NA,NA,NA
NA,Carol D.,Miller,R,WV,carol d miller,NA,NA,NA
NA,Mary E.,Miller,R,IL,mary e miller,NA,NA,NA
NA,Max L.,Miller,R,OH,max l miller,NA,NA,NA
NA,Mariannette,Miller-Meeks,R,IA,mariannette miller meeks,NA,NA,NA
NA,Cory,Mills,R,FL,cory mills,NA,NA,NA
NA,Marcus J.,Molinaro,R,NY,marcus j molinaro,NA,NA,NA
NA,John R.,Moolenaar,R,MI,john r moolenaar,NA,NA,NA
NA,Alexander X.,Mooney,R,WV,alexander x mooney,NA,NA,NA
NA,Barry,Moore,R,AL,barry moore,NA,NA,NA
NA,Blake D.,Moore,R,UT,blake d moore,NA,NA,NA
NA,Gwen,Moore,D,WI,gwen moore,NA,NA,NA
NA,Nathaniel,Moran,R,TX,nathaniel moran,NA,NA,NA
NA,Joseph D.,Morelle,D,NY,joseph d morelle,NA,NA,NA
NA,Jared,Moskowitz,D,FL,jared moskowitz,NA,NA,NA
NA,Seth,Moulton,D,MA,seth moulton,NA,NA,NA
NA,James C.,Moylan,R,GU,james c moylan,NA,NA,NA
NA,Frank J.,Mrvan,D,IN,frank j mrvan,NA,NA,NA
NA,Kevin,Mullin,D,CA,kevin mullin,NA,NA,NA
NA,Gregory F.,Murphy,R,NC,gregory f murphy,NA,NA,NA
NA,Jerrold,Nadler,D,NY,jerrold nadler,NA,NA,NA
NA,Grace F.,Napolitano,D,CA,grace f napolitano,NA,NA,NA
NA,Richard E.,Neal,D,MA,richard e neal,NA,NA,NA
NA,Joe,Neguse,D,CO,joe neguse,NA,NA,NA
NA,Troy E.,Nehls,R,TX,troy e nehls,NA,NA,NA
NA,Dan,Newhouse,R,WA,dan newhouse,NA,NA,NA
NA,Wiley,Nickel,D,NC,wiley nickel,NA,NA,NA
NA,Donald,Norcross,D,NJ,donald norcross,NA,NA,NA
NA,Ralph,Norman,R,SC,ralph norman,NA,NA,NA
NA,Eleanor Holmes,Norton,D,DC,eleanor holmes norton,NA,NA,NA
NA,Zachary,Nunn,R,IA,zachary nunn,NA,NA,NA
NA,Jay,Obernolte,R,CA,jay obernolte,NA,NA,NA
NA,Alexandria,Ocasio-Cortez,D,NY,alexandria ocasio cortez,NA,NA,NA
NA,Andrew,Ogles,R,TN,andrew ogles,NA,NA,NA
NA,Ilhan,Omar,D,MN,ilhan omar,NA,NA,NA
NA,Burgess,Owens,R,UT,burgess owens,NA,NA,NA
NA,Frank Jr.,Pallone,D,NJ,frank jr pallone,NA,NA,NA
NA,Gary J.,Palmer,R,AL,gary j palmer,NA,NA,NA
NA,Jimmy,Panetta,D,CA,jimmy panetta,NA,NA,NA
NA,Chris,Pappas,D,NH,chris pappas,NA,NA,NA
NA,Bill Jr.,Pascrell,D,NJ,bill jr pascrell,NA,NA,NA
NA,Donald M. Jr.,Payne,D,NJ,donald m jr payne,NA,NA,NA
NA,Nancy,Pelosi,D,CA,nancy pelosi,NA,NA,NA
NA,Mary Sattler,Peltola,D,AK,mary sattler peltola,NA,NA,NA
NA,Greg,Pence,R,IN,greg pence,NA,NA,NA
NA,Marie Gluesenkamp,Perez,D,WA,marie gluesenkamp perez,NA,NA,NA
NA,Scott,Perry,R,PA,scott perry,NA,NA,NA
NA,Scott H.,Peters,D,CA,scott h peters,NA,NA,NA
NA,Brittany,Pettersen,D,CO,brittany pettersen,NA,NA,NA
NA,August,Pfluger,R,TX,august pfluger,NA,NA,NA
NA,Dean,Phillips,D,MN,dean phillips,NA,NA,NA
NA,Chellie,Pingree,D,ME,chellie pingree,NA,NA,NA
NA,Stacey E.,Plaskett,D,VI,stacey e plaskett,NA,NA,NA
NA,Mark,Pocan,D,WI,mark pocan,NA,NA,NA
NA,Katie,Porter,D,CA,katie porter,NA,NA,NA
NA,Bill,Posey,R,FL,bill posey,NA,NA,NA
NA,Ayanna,Pressley,D,MA,ayanna pressley,NA,NA,NA
NA,Mike,Quigley,D,IL,mike quigley,NA,NA,NA
NA,Aumua Amata Coleman,Radewagen,R,AS,aumua amata coleman radewagen,NA,NA,NA
NA,Delia C.,Ramirez,D,IL,delia c ramirez,NA,NA,NA
NA,Jamie,Raskin,D,MD,jamie raskin,NA,NA,NA
NA,Guy,Reschenthaler,R,PA,guy reschenthaler,NA,NA,NA
NA,Cathy McMorris,Rodgers,R,WA,cathy mcmorris rodgers,NA,NA,NA
NA,Harold,Rogers,R,KY,harold rogers,NA,NA,NA
NA,Mike,Rogers,R,AL,mike rogers,NA,NA,NA
NA,John W.,Rose,R,TN,john w rose,NA,NA,NA
NA,Matthew M. Sr.,Rosendale,R,MT,matthew m sr rosendale,NA,NA,NA
NA,Deborah K.,Ross,D,NC,deborah k ross,NA,NA,NA
NA,David,Rouzer,R,NC,david rouzer,NA,NA,NA
NA,Chip,Roy,R,TX,chip roy,NA,NA,NA
NA,Raul,Ruiz,D,CA,raul ruiz,NA,NA,NA
NA,C. A. Dutch,Ruppersberger,D,MD,c a dutch ruppersberger,NA,NA,NA
NA,John H.,Rutherford,R,FL,john h rutherford,NA,NA,NA
NA,Patrick,Ryan,D,NY,patrick ryan,NA,NA,NA
NA,Gregorio Kilili Camacho,Sablan,D,MP,gregorio kilili camacho sablan,NA,NA,NA
NA,Maria Elvira,Salazar,R,FL,maria elvira salazar,NA,NA,NA
NA,Andrea,Salinas,D,OR,andrea salinas,NA,NA,NA
NA,John P.,Sarbanes,D,MD,john p sarbanes,NA,NA,NA
NA,Steve,Scalise,R,LA,steve scalise,NA,NA,NA
NA,Mary Gay,Scanlon,D,PA,mary gay scanlon,NA,NA,NA
NA,Janice D.,Schakowsky,D,IL,janice d schakowsky,NA,NA,NA
NA,Adam B.,Schiff,D,CA,adam b schiff,NA,NA,NA
NA,Bradley Scott,Schneider,D,IL,bradley scott schneider,NA,NA,NA
NA,Hillary J.,Scholten,D,MI,hillary j scholten,NA,NA,NA
NA,Kim,Schrier,D,WA,kim schrier,NA,NA,NA
NA,David,Schweikert,R,AZ,david schweikert,NA,NA,NA
NA,Austin,Scott,R,GA,austin scott,NA,NA,NA
NA,David,Scott,D,GA,david scott,NA,NA,NA
NA,"Robert C. ""Bobby""",Scott,D,VA,robert c bobby scott,NA,NA,NA
NA,Keith,Self,R,TX,keith self,NA,NA,NA
NA,Pete,Sessions,R,TX,pete sessions,NA,NA,NA
NA,Terri A.,Sewell,D,AL,terri a sewell,NA,NA,NA
NA,Brad,Sherman,D,CA,brad sherman,NA,NA,NA
NA,Mikie,Sherrill,D,NJ,mikie sherrill,NA,NA,NA
NA,Michael K.,Simpson,R,ID,michael k simpson,NA,NA,NA
NA,Elissa,Slotkin,D,MI,elissa slotkin,NA,NA,NA
NA,Adam,Smith,D,WA,adam smith,NA,NA,NA
NA,Adrian,Smith,R,NE,adrian smith,NA,NA,NA
NA,Christopher H.,Smith,R,NJ,christopher h smith,NA,NA,NA
NA,Jason,Smith,R,MO,jason smith,NA,NA,NA
NA,Lloyd,Smucker,R,PA,lloyd smucker,NA,NA,NA
NA,Eric,Sorensen,D,IL,eric sorensen,NA,NA,NA
NA,Darren,Soto,D,FL,darren soto,NA,NA,NA
NA,Abigail Davis,Spanberger,D,VA,abigail davis spanberger,NA,NA,NA
NA,Victoria,Spartz,R,IN,victoria spartz,NA,NA,NA
NA,Melanie A.,Stansbury,D,NM,melanie a stansbury,NA,NA,NA
NA,Greg,Stanton,D,AZ,greg stanton,NA,NA,NA
NA,Pete,Stauber,R,MN,pete stauber,NA,NA,NA
NA,Michelle,Steel,R,CA,michelle steel,NA,NA,NA
NA,Elise M.,Stefanik,R,NY,elise m stefanik,NA,NA,NA
NA,Bryan,Steil,R,WI,bryan steil,NA,NA,NA
NA,W. Gregory,Steube,R,FL,w gregory steube,NA,NA,NA
NA,Haley M.,Stevens,D,MI,haley m stevens,NA,NA,NA
NA,Marilyn,Strickland,D,WA,marilyn strickland,NA,NA,NA
NA,Dale W.,Strong,R,AL,dale w strong,NA,NA,NA
NA,Thomas R.,Suozzi,D,NY,thomas r suozzi,NA,NA,NA
NA,Eric,Swalwell,D,CA,eric swalwell,NA,NA,NA
NA,Emilia Strong,Sykes,D,OH,emilia strong sykes,NA,NA,NA
NA,Linda T.,Sánchez,D,CA,linda t s nchez,NA,NA,NA
NA,Mark,Takano,D,CA,mark takano,NA,NA,NA
NA,Claudia,Tenney,R,NY,claudia tenney,NA,NA,NA
NA,Shri,Thanedar,D,MI,shri thanedar,NA,NA,NA
NA,Bennie G.,Thompson,D,MS,bennie g thompson,NA,NA,NA
NA,Glenn,Thompson,R,PA,glenn thompson,NA,NA,NA
NA,Mike,Thompson,D,CA,mike thompson,NA,NA,NA
NA,Thomas P.,Tiffany,R,WI,thomas p tiffany,NA,NA,NA
NA,William R. IV,Timmons,R,SC,william r iv timmons,NA,NA,NA
NA,Dina,Titus,D,NV,dina titus,NA,NA,NA
NA,Rashida,Tlaib,D,MI,rashida tlaib,NA,NA,NA
NA,Jill N.,Tokuda,D,HI,jill n tokuda,NA,NA,NA
NA,Paul,Tonko,D,NY,paul tonko,NA,NA,NA
NA,Norma J.,Torres,D,CA,norma j torres,NA,NA,NA
NA,Ritchie,Torres,D,NY,ritchie torres,NA,NA,NA
NA,Lori,Trahan,D,MA,lori trahan,NA,NA,NA
NA,David J.,Trone,D,MD,david j trone,NA,NA,NA
NA,Michael R.,Turner,R,OH,michael r turner,NA,NA,NA
NA,Lauren,Underwood,D,IL,lauren underwood,NA,NA,NA
NA,David G.,Valadao,R,CA,david g valadao,NA,NA,NA
NA,Jefferson,Van Drew,R,NJ,jefferson van drew,NA,NA,NA
NA,Beth,Van Duyne,R,TX,beth van duyne,NA,NA,NA
NA,Derrick,Van Orden,R,WI,derrick van orden,NA,NA,NA
NA,Juan,Vargas,D,CA,juan vargas,NA,NA,NA
NA,Gabe,Vasquez,D,NM,gabe vasquez,NA,NA,NA
NA,Marc A.,Veasey,D,TX,marc a veasey,NA,NA,NA
NA,Nydia M.,Velázquez,D,NY,nydia m vel zquez,NA,NA,NA
NA,Ann,Wagner,R,MO,ann wagner,NA,NA,NA
NA,Tim,Walberg,R,MI,tim walberg,NA,NA,NA
NA,Michael,Waltz,R,FL,michael waltz,NA,NA,NA
NA,Debbie,Wasserman Schultz,D,FL,debbie wasserman schultz,NA,NA,NA
NA,Maxine,Waters,D,CA,maxine waters,NA,NA,NA
NA,Bonnie,Watson Coleman,D,NJ,bonnie watson coleman,NA,NA,NA
NA,Randy K. Sr.,Weber,R,TX,randy k sr weber,NA,NA,NA
NA,Daniel,Webster,R,FL,daniel webster,NA,NA,NA
NA,Brad R.,Wenstrup,R,OH,brad r wenstrup,NA,NA,NA
NA,Bruce,Westerman,R,AR,bruce westerman,NA,NA,NA
NA,Jennifer,Wexton,D,VA,jennifer wexton,NA,NA,NA
NA,Susan,Wild,D,PA,susan wild,NA,NA,NA
NA,Brandon,Williams,R,NY,brandon williams,NA,NA,NA
NA,Nikema,Williams,D,GA,nikema williams,NA,NA,NA
NA,Roger,Williams,R,TX,roger williams,NA,NA,NA
NA,Frederica S.,Wilson,D,FL,frederica s wilson,NA,NA,NA
NA,Joe,Wilson,R,SC,joe wilson,NA,NA,NA
NA,Robert J.,Wittman,R,VA,robert j wittman,NA,NA,NA
NA,Steve,Womack,R,AR,steve womack,NA,NA,NA
NA,Rudy III,Yakym,R,IN,rudy iii yakym,NA,NA,NA
NA,Ryan K.,Zinke,R,MT,ryan k zinke,NA,NA,NA
