"","first_name","last_name","party","state","member_id","chamber","name.x","rest_of_name","name.y"
"1","Alma","Adams","D","NC","A000370","District 12","alma adams",NA,"alma s adams"
"2","Robert B","Aderholt","R","AL","A000055","District 4","robert b aderholt",NA,"robert b aderholt"
"3","Pete","Aguilar","D","CA","A000371","District 31","pete aguilar",NA,"pete aguilar"
"4","Richard W","Allen","R","GA",NA,"District 12","richard w allen",NA,NA
"5","Colin","Allred","D","TX","A000376","District 32","colin allred",NA,"colin z allred"
"6","Justin","Amash","I","MI",NA,"District 3","justin amash",NA,NA
"7","Mark","Amodei","R","NV","A000369","District 2","mark amodei",NA,"mark e amodei"
"8","Kelly","Armstrong","R","ND","A000377","District 1","kelly armstrong",NA,"kelly armstrong"
"9","Jodey","Arrington","R","TX","A000375","District 19","jodey arrington",NA,"jodey c arrington"
"10","Cindy","Axne","D","IA",NA,"District 3","cindy axne",NA,NA
"11","Brian","Babin","R","TX","B001291","District 36","brian babin",NA,"brian babin"
"12","Donald John","Bacon","R","NE",NA,"District 2","donald john bacon",NA,NA
"13","Jim","Baird","R","IN","B001299","District 4","jim baird",NA,"jim banks"
"14","Troy","Balderson","R","OH","B001306","District 12","troy balderson",NA,"troy balderson"
"15","Jim","Banks","R","IN","B001299","District 3","jim banks",NA,"jim banks"
"16","Andy","Barr","R","KY","B001282","District 6","andy barr",NA,"andy barr"
"17","Nanette","Barragan","D","CA",NA,"District 44","nanette barragan",NA,NA
"18","Karen","Bass","D","CA","B001270","District 37","karen bass",NA,"karen bass"
"19","Joyce","Beatty","D","OH","B001281","District 3","joyce beatty",NA,"joyce beatty"
"20","Ami","Bera","D","CA","B001287","District 7","ami bera",NA,"ami bera"
"21","John","Bergman","R","MI","B001301","District 1","john bergman",NA,"jack bergman"
"22","Jaime Herrera","Beutler","R","WA","H001056","District 3","jaime herrera beutler",NA,"jaime herrera beutler"
"23","Don","Beyer","D","VA",NA,"District 8","don beyer",NA,NA
"24","Andy","Biggs","R","AZ","B001302","District 5","andy biggs",NA,"andy biggs"
"25","Gus","Bilirakis","R","FL","B001257","District 12","gus bilirakis",NA,"gus m bilirakis"
"26","Dan","Bishop","R","NC","B001311","District 9","dan bishop",NA,"dan bishop"
"27","Rob","Bishop","R","UT","B001250","District 1","rob bishop",NA,"rob bishop"
"28","Sanford","Bishop","D","GA","B000490","District 2","sanford bishop",NA,"sanford d bishop"
"29","Earl","Blumenauer","D","OR","B000574","District 3","earl blumenauer",NA,"earl blumenauer"
"30","Suzanne","Bonamici","D","OR","B001278","District 1","suzanne bonamici",NA,"suzanne bonamici"
"31","Mike","Bost","R","IL","B001295","District 12","mike bost",NA,"mike bost"
"32","Brendan","Boyle","D","PA","B001296","District 2","brendan boyle",NA,"brendan f boyle"
"33","Kevin","Brady","R","TX","B000755","District 8","kevin brady",NA,"kevin brady"
"34","Anthony","Brindisi","D","NY","B001308","District 22","anthony brindisi",NA,"anthony brindisi"
"35","Mo","Brooks","R","AL","B001274","District 5","mo brooks",NA,"mo brooks"
"36","Susan","Brooks","R","IN","B001284","District 5","susan brooks",NA,"susan w brooks"
"37","Anthony","Brown","D","MD","B001304","District 4","anthony brown",NA,"anthony g brown"
"38","Julia","Brownley","D","CA","B001285","District 26","julia brownley",NA,"julia brownley"
"39","Vernon","Buchanan","R","FL","B001260","District 16","vernon buchanan",NA,"vern buchanan"
"40","Ken","Buck","R","CO","B001297","District 4","ken buck",NA,"ken buck"
"41","Larry","Bucshon","R","IN","B001275","District 8","larry bucshon",NA,"larry bucshon"
"42","Ted","Budd","R","NC","B001305","District 13","ted budd",NA,"ted budd"
"43","Tim","Burchett","R","TN","B001309","District 2","tim burchett",NA,"tim burchett"
"44","Michael","Burgess","R","TX","B001248","District 26","michael burgess",NA,"michael c burgess"
"45","Cheri","Bustos","D","IL","B001286","District 17","cheri bustos",NA,"cheri bustos"
"46","G K","Butterfield","D","NC","B001251","District 1","g k butterfield",NA,"g k butterfield"
"47","Bradley","Byrne","R","AL","B001289","District 1","bradley byrne",NA,"bradley byrne"
"48","Ken","Calvert","R","CA","C000059","District 42","ken calvert",NA,"ken calvert"
"49","Salud","Carbajal","D","CA","C001112","District 24","salud carbajal",NA,"salud o carbajal"
"50","Tony","Cardenas","D","CA","C001097","District 29","tony cardenas",NA,"tony c rdenas"
"51","Andre","Carson","D","IN","C001072","District 7","andre carson",NA,"andr carson"
"52","Buddy","Carter","R","GA",NA,"District 1","buddy carter",NA,NA
"53","John","Carter","R","TX","C001051","District 31","john carter",NA,"john r carter"
"54","Matt","Cartwright","D","PA","C001090","District 8","matt cartwright",NA,"matt cartwright"
"55","Ed","Case","D","HI","C001055","District 1","ed case",NA,"ed case"
"56","Sean","Casten","D","IL","C001117","District 6","sean casten",NA,"sean casten"
"57","Kathy","Castor","D","FL","C001066","District 14","kathy castor",NA,"kathy castor"
"58","Joaquin","Castro","D","TX","C001091","District 20","joaquin castro",NA,"joaquin castro"
"59","Steve","Chabot","R","OH","C000266","District 1","steve chabot",NA,"steve chabot"
"60","Liz","Cheney","R","WY","C000344","District 1","liz cheney",NA,"dick cheney"
"61","Liz","Cheney","R","WY","C001109","District 1","liz cheney",NA,"liz cheney"
"62","Judy","Chu","D","CA","C001080","District 27","judy chu",NA,"judy chu"
"63","David","Cicilline","D","RI","C001084","District 1","david cicilline",NA,"david n cicilline"
"64","Gil","Cisneros","D","CA",NA,"District 39","gil cisneros",NA,NA
"65","Katherine","Clark","D","MA","C001101","District 5","katherine clark",NA,"katherine m clark"
"66","Yvette","Clarke","D","NY","C001067","District 9","yvette clarke",NA,"yvette d clarke"
"67","William L Jr","Clay","D","MO",NA,"District 1","william l jr clay",NA,NA
"68","Emanuel","Cleaver","D","MO","C001061","District 5","emanuel cleaver",NA,"emanuel cleaver"
"69","Ben","Cline","R","VA","C001118","District 6","ben cline",NA,"ben cline"
"70","Michael","Cloud","R","TX","C001115","District 27","michael cloud",NA,"michael cloud"
"71","James E","Clyburn","D","SC","C000537","District 6","james e clyburn",NA,"james e clyburn"
"72","Steve","Cohen","D","TN","C001068","District 9","steve cohen",NA,"steve cohen"
"73","Tom","Cole","R","OK","C001053","District 4","tom cole",NA,"tom cole"
"74","Bonnie Watson","Coleman","D","NJ","W000822","District 12","bonnie watson coleman",NA,"bonnie watson coleman"
"75","Doug","Collins","R","GA","C001093","District 9","doug collins",NA,"doug collins"
"76","James","Comer","R","KY","C001108","District 1","james comer",NA,"james comer"
"77","Mike","Conaway","R","TX",NA,"District 11","mike conaway",NA,NA
"78","Gerry","Connolly","D","VA",NA,"District 11","gerry connolly",NA,NA
"79","Paul","Cook","R","CA","C001094","District 8","paul cook",NA,"paul cook"
"80","Jim","Cooper","D","TN","C000754","District 5","jim cooper",NA,"jim cooper"
"81","Lou","Correa","D","CA",NA,"District 46","lou correa",NA,NA
"82","Jim","Costa","D","CA","C001059","District 16","jim costa",NA,"jim costa"
"83","Joe","Courtney","D","CT","C001069","District 2","joe courtney",NA,"joe courtney"
"84","TJ","Cox","D","CA","C001124","District 21","tj cox",NA,"tj cox"
"85","Angie","Craig","D","MN","C001119","District 2","angie craig",NA,"angie craig"
"86","Rick","Crawford","R","AR",NA,"District 1","rick crawford",NA,NA
"87","Dan","Crenshaw","R","TX","C001120","District 2","dan crenshaw",NA,"dan crenshaw"
"88","Charlie","Crist","D","FL","C001111","District 13","charlie crist",NA,"charlie crist"
"89","Jason","Crow","D","CO","C001121","District 6","jason crow",NA,"jason crow"
"90","Henry","Cuellar","D","TX","C001063","District 28","henry cuellar",NA,"henry cuellar"
"91","Joe","Cunningham","D","SC","C001122","District 1","joe cunningham",NA,"joe cunningham"
"92","John","Curtis","R","UT","C001114","District 3","john curtis",NA,"john r curtis"
"93","Sharice","Davids","D","KS","D000629","District 3","sharice davids",NA,"sharice davids"
"94","Warren","Davidson","R","OH","D000626","District 8","warren davidson",NA,"warren davidson"
"95","Danny K","Davis","D","IL","D000096","District 7","danny k davis",NA,"danny k davis"
"96","Rodney","Davis","R","IL","D000619","District 13","rodney davis",NA,"rodney davis"
"97","Susan","Davis","D","CA","D000598","District 53","susan davis",NA,"susan a davis"
"98","Madeleine","Dean","D","PA","D000631","District 4","madeleine dean",NA,"madeleine dean"
"99","Peter","DeFazio","D","OR","D000191","District 4","peter defazio",NA,"peter a defazio"
"100","Diana","DeGette","D","CO","D000197","District 1","diana degette",NA,"diana degette"
"101","Rosa","DeLauro","D","CT","D000216","District 3","rosa delauro",NA,"rosa l delauro"
"102","Suzan","DelBene","D","WA","D000617","District 1","suzan delbene",NA,"suzan k delbene"
"103","Antonio","Delgado","D","NY","D000630","District 19","antonio delgado",NA,"antonio delgado"
"104","Val","Demings","D","FL",NA,"District 10","val demings",NA,NA
"105","Mark","Desaulnier","D","CA","D000623","District 11","mark desaulnier",NA,"mark desaulnier"
"106","Scott","Desjarlais","R","TN","D000616","District 4","scott desjarlais",NA,"scott desjarlais"
"107","Ted","Deutch","D","FL",NA,"District 22","ted deutch",NA,NA
"108","Mario","Diaz-Balart","R","FL",NA,"District 25","mario diaz balart",NA,NA
"109","Debbie","Dingell","D","MI","D000624","District 12","debbie dingell",NA,"debbie dingell"
"110","Lloyd","Doggett","D","TX","D000399","District 35","lloyd doggett",NA,"lloyd doggett"
"111","Mike","Doyle","D","PA",NA,"District 18","mike doyle",NA,NA
"112","Jeff","Duncan","R","SC","D000615","District 3","jeff duncan",NA,"jeff duncan"
"113","Neal","Dunn","R","FL","D000628","District 2","neal dunn",NA,"neal p dunn"
"114","Tom","Emmer","R","MN","E000294","District 6","tom emmer",NA,"tom emmer"
"115","Eliot","Engel","D","NY","E000179","District 16","eliot engel",NA,"eliot l engel"
"116","Veronica","Escobar","D","TX","E000299","District 16","veronica escobar",NA,"veronica escobar"
"117","Anna","Eshoo","D","CA","E000215","District 18","anna eshoo",NA,"anna g eshoo"
"118","Adriano","Espaillat","D","NY","E000297","District 13","adriano espaillat",NA,"adriano espaillat"
"119","Ron","Estes","R","KS","E000298","District 4","ron estes",NA,"ron estes"
"120","Dwight","Evans","D","PA","E000296","District 3","dwight evans",NA,"dwight evans"
"121","Drew","Ferguson","R","GA","F000465","District 3","drew ferguson",NA,"a drew ferguson"
"122","Abby","Finkenauer","D","IA","F000467","District 1","abby finkenauer",NA,"abby finkenauer"
"123","Brian","Fitzpatrick","R","PA","F000466","District 1","brian fitzpatrick",NA,"brian k fitzpatrick"
"124","Chuck","Fleischmann","R","TN",NA,"District 3","chuck fleischmann",NA,NA
"125","Lizzie","Fletcher","D","TX","F000468","District 7","lizzie fletcher",NA,"lizzie fletcher"
"126","Bill","Flores","R","TX","F000461","District 17","bill flores",NA,"bill flores"
"127","Jeff","Fortenberry","R","NE","F000449","District 1","jeff fortenberry",NA,"jeff fortenberry"
"128","Bill","Foster","D","IL","F000454","District 11","bill foster",NA,"bill foster"
"129","Virginia","Foxx","R","NC","F000450","District 5","virginia foxx",NA,"virginia foxx"
"130","Lois","Frankel","D","FL","F000462","District 21","lois frankel",NA,"lois frankel"
"131","Marcia","Fudge","D","OH","F000455","District 11","marcia fudge",NA,"marcia l fudge"
"132","Russ","Fulcher","R","ID","F000469","District 1","russ fulcher",NA,"russ fulcher"
"133","Tulsi","Gabbard","D","HI","G000571","District 2","tulsi gabbard",NA,"tulsi gabbard"
"134","Matt","Gaetz","R","FL","G000578","District 1","matt gaetz",NA,"matt gaetz"
"135","Mike","Gallagher","R","WI","G000579","District 8","mike gallagher",NA,"mike gallagher"
"136","Ruben","Gallego","D","AZ","G000574","District 7","ruben gallego",NA,"ruben gallego"
"137","John","Garamendi","D","CA","G000559","District 3","john garamendi",NA,"john garamendi"
"138","Jesus","Garcia","D","IL",NA,"District 4","jesus garcia",NA,NA
"139","Mike","Garcia","R","CA","G000061","District 25","mike garcia",NA,"mike garcia"
"140","Sylvia","Garcia","D","TX","G000587","District 29","sylvia garcia",NA,"sylvia r garcia"
"141","Greg","Gianforte","R","MT","G000584","District 1","greg gianforte",NA,"greg gianforte"
"142","Bob","Gibbs","R","OH","G000563","District 7","bob gibbs",NA,"bob gibbs"
"143","Louis B Jr","Gohmert","R","TX",NA,"District 1","louis b jr gohmert",NA,NA
"144","Jared","Golden","D","ME","G000592","District 2","jared golden",NA,"jared f golden"
"145","Jimmy","Gomez","D","CA","G000585","District 34","jimmy gomez",NA,"jimmy gomez"
"146","Anthony","Gonzalez","R","OH","G000588","District 16","anthony gonzalez",NA,"anthony gonzalez"
"147","Vicente","Gonzalez","D","TX","G000581","District 15","vicente gonzalez",NA,"vicente gonzalez"
"148","Lance","Gooden","R","TX","G000589","District 5","lance gooden",NA,"lance gooden"
"149","Paul","Gosar","R","AZ","G000565","District 4","paul gosar",NA,"paul a gosar"
"150","Josh","Gottheimer","D","NJ","G000583","District 5","josh gottheimer",NA,"josh gottheimer"
"151","Kay","Granger","R","TX","G000377","District 12","kay granger",NA,"kay granger"
"152","Garret","Graves","R","LA","G000577","District 6","garret graves",NA,"garret graves"
"153","Sam","Graves","R","MO","G000546","District 6","sam graves",NA,"sam graves"
"154","Al","Green","D","TX","G000553","District 9","al green",NA,"al green"
"155","Mark","Green","R","TN","G000590","District 7","mark green",NA,"mark e green"
"156","Morgan","Griffith","R","VA","G000568","District 9","morgan griffith",NA,"h morgan griffith"
"157","Raul M","Grijalva","D","AZ","G000551","District 3","raul m grijalva",NA,"ra l m grijalva"
"158","Glenn","Grothman","R","WI","G000576","District 6","glenn grothman",NA,"glenn grothman"
"159","Michael","Guest","R","MS","G000591","District 3","michael guest",NA,"michael guest"
"160","Brett","Guthrie","R","KY","G000558","District 2","brett guthrie",NA,"brett guthrie"
"161","Debra","Haaland","D","NM","H001080","District 1","debra haaland",NA,"debra a haaland"
"162","Jim","Hagedorn","R","MN","H001088","District 1","jim hagedorn",NA,"jim hagedorn"
"163","Josh","Harder","D","CA","H001090","District 10","josh harder",NA,"josh harder"
"164","Andy","Harris","R","MD","H001052","District 1","andy harris",NA,"andy harris"
"165","Vicky","Hartzler","R","MO","H001053","District 4","vicky hartzler",NA,"vicky hartzler"
"166","Alcee","Hastings","D","FL","H000324","District 20","alcee hastings",NA,"alcee l hastings"
"167","Jahana","Hayes","D","CT","H001081","District 5","jahana hayes",NA,"jahana hayes"
"168","Dennis","Heck","D","WA","H001064","District 10","dennis heck",NA,"denny heck"
"169","Kevin","Hern","R","OK","H001082","District 1","kevin hern",NA,"kevin hern"
"170","Jody","Hice","R","GA","H001071","District 10","jody hice",NA,"jody b hice"
"171","Brian M","Higgins","D","NY","H001038","District 26","brian m higgins",NA,"brian higgins"
"172","Clay","Higgins","R","LA","H001077","District 3","clay higgins",NA,"clay higgins"
"173","French","Hill","R","AR","H001072","District 2","french hill",NA,"j french hill"
"174","Jim","Himes","D","CT",NA,"District 4","jim himes",NA,NA
"175","George","Holding","R","NC","H001065","District 2","george holding",NA,"george holding"
"176","Trey","Hollingsworth","R","IN","H001074","District 9","trey hollingsworth",NA,"trey hollingsworth"
"177","Kendra","Horn","D","OK","H001083","District 5","kendra horn",NA,"kendra s horn"
"178","Steven","Horsford","D","NV","H001066","District 4","steven horsford",NA,"steven horsford"
"179","Chrissy","Houlahan","D","PA","H001085","District 6","chrissy houlahan",NA,"chrissy houlahan"
"180","Steny H","Hoyer","D","MD","H000874","District 5","steny h hoyer",NA,"steny h hoyer"
"181","Richard","Hudson","R","NC","H001067","District 8","richard hudson",NA,"richard hudson"
"182","Jared","Huffman","D","CA","H001068","District 2","jared huffman",NA,"jared huffman"
"183","Bill","Huizenga","R","MI","H001058","District 2","bill huizenga",NA,"bill huizenga"
"184","Will","Hurd","R","TX","H001073","District 23","will hurd",NA,"will hurd"
"185","Sheila","Jackson Lee","D","TX","J000032","District 18","sheila jackson lee",NA,"sheila jackson lee"
"186","Chris","Jacobs","R","NY","J000020","District 27","chris jacobs",NA,"chris jacobs"
"187","Pramila","Jayapal","D","WA","J000298","District 7","pramila jayapal",NA,"pramila jayapal"
"188","Hakeem","Jeffries","D","NY","J000294","District 8","hakeem jeffries",NA,"hakeem s jeffries"
"189","Bill","Johnson","R","OH","J000292","District 6","bill johnson",NA,"bill johnson"
"190","Dusty","Johnson","R","SD","J000301","District 1","dusty johnson",NA,"dusty johnson"
"191","Eddie Bernice","Johnson","D","TX","J000126","District 30","eddie bernice johnson",NA,"eddie bernice johnson"
"192","Hank","Johnson","D","GA","J000120","District 4","hank johnson",NA,"don johnson"
"193","Mike","Johnson","R","LA","J000299","District 4","mike johnson",NA,"mike johnson"
"194","Jim","Jordan","R","OH","J000289","District 4","jim jordan",NA,"jim jordan"
"195","David P","Joyce","R","OH","J000295","District 14","david p joyce",NA,"david p joyce"
"196","John","Joyce","R","PA","J000302","District 13","john joyce",NA,"john joyce"
"197","Marcy","Kaptur","D","OH","K000009","District 9","marcy kaptur",NA,"marcy kaptur"
"198","John","Katko","R","NY","K000386","District 24","john katko",NA,"john katko"
"199","Bill","Keating","D","MA",NA,"District 9","bill keating",NA,NA
"200","Fred","Keller","R","PA","K000395","District 12","fred keller",NA,"fred keller"
"201","Mike","Kelly","R","PA","K000376","District 16","mike kelly",NA,"mike kelly"
"202","Robin","Kelly","D","IL","K000385","District 2","robin kelly",NA,"robin l kelly"
"203","Trent","Kelly","R","MS","K000388","District 1","trent kelly",NA,"trent kelly"
"204","Joe III","Kennedy","D","MA",NA,"District 4","joe iii kennedy",NA,NA
"205","Ro","Khanna","D","CA","K000389","District 17","ro khanna",NA,"ro khanna"
"206","Dan","Kildee","D","MI",NA,"District 5","dan kildee",NA,NA
"207","Derek","Kilmer","D","WA","K000381","District 6","derek kilmer",NA,"derek kilmer"
"208","Andy","Kim","D","NJ","K000394","District 3","andy kim",NA,"andy kim"
"209","Ron","Kind","D","WI","K000188","District 3","ron kind",NA,"ron kind"
"210","Pete","King","R","NY","K000210","District 2","pete king",NA,"peter t king"
"211","Steven A","King","R","IA","K000362","District 4","steven a king",NA,"steve king"
"212","Adam","Kinzinger","R","IL","K000378","District 16","adam kinzinger",NA,"adam kinzinger"
"213","Ann","Kirkpatrick","D","AZ","K000368","District 2","ann kirkpatrick",NA,"ann kirkpatrick"
"214","Raja","Krishnamoorthi","D","IL","K000391","District 8","raja krishnamoorthi",NA,"raja krishnamoorthi"
"215","Ann","Kuster","D","NH","K000382","District 2","ann kuster",NA,"ann m kuster"
"216","David","Kustoff","R","TN","K000392","District 8","david kustoff",NA,"david kustoff"
"217","Darin","LaHood","R","IL","L000585","District 18","darin lahood",NA,"darin lahood"
"218","Doug","LaMalfa","R","CA","L000578","District 1","doug lamalfa",NA,"doug lamalfa"
"219","Conor","Lamb","D","PA","L000588","District 17","conor lamb",NA,"conor lamb"
"220","Doug","Lamborn","R","CO","L000564","District 5","doug lamborn",NA,"doug lamborn"
"221","Jim","Langevin","D","RI",NA,"District 2","jim langevin",NA,NA
"222","Rick","Larsen","D","WA","L000560","District 2","rick larsen",NA,"rick larsen"
"223","John","Larson","D","CT","L000557","District 1","john larson",NA,"john b larson"
"224","Bob","Latta","R","OH",NA,"District 5","bob latta",NA,NA
"225","Brenda","Lawrence","D","MI","L000581","District 14","brenda lawrence",NA,"brenda l lawrence"
"226","Al","Lawson","D","FL","L000586","District 5","al lawson","Jr.","al lawson"
"227","Barbara","Lee","D","CA","L000551","District 13","barbara lee",NA,"barbara lee"
"228","Susie","Lee","D","NV","L000590","District 3","susie lee",NA,"susie lee"
"229","Debbie","Lesko","R","AZ","L000589","District 8","debbie lesko",NA,"debbie lesko"
"230","Andy","Levin","D","MI","L000592","District 9","andy levin",NA,"andy levin"
"231","Mike","Levin","D","CA","L000593","District 49","mike levin",NA,"mike levin"
"232","Ted","Lieu","D","CA","L000582","District 33","ted lieu",NA,"ted lieu"
"233","Daniel","Lipinski","D","IL","L000563","District 3","daniel lipinski",NA,"daniel lipinski"
"234","David","Loebsack","D","IA","L000565","District 2","david loebsack",NA,"david loebsack"
"235","Zoe","Lofgren","D","CA","L000397","District 19","zoe lofgren",NA,"zoe lofgren"
"236","Billy","Long","R","MO","L000576","District 7","billy long",NA,"billy long"
"237","Barry","Loudermilk","R","GA","L000583","District 11","barry loudermilk",NA,"barry loudermilk"
"238","Alan","Lowenthal","D","CA","L000579","District 47","alan lowenthal",NA,"alan s lowenthal"
"239","Nita M","Lowey","D","NY","L000480","District 17","nita m lowey",NA,"nita m lowey"
"240","Frank D","Lucas","R","OK","L000491","District 3","frank d lucas",NA,"frank d lucas"
"241","Blaine","Luetkemeyer","R","MO","L000569","District 3","blaine luetkemeyer",NA,"blaine luetkemeyer"
"242","Ben Ray","Lujan","D","NM","L000570","District 3","ben ray lujan",NA,"ben ray lujan"
"243","Elaine","Luria","D","VA","L000591","District 2","elaine luria",NA,"elaine g luria"
"244","Stephen","Lynch","D","MA","L000562","District 8","stephen lynch",NA,"stephen f lynch"
"245","Tom","Malinowski","D","NJ","M001203","District 7","tom malinowski",NA,"tom malinowski"
"246","Carolyn","Maloney","D","NY","M000087","District 12","carolyn maloney",NA,"carolyn b maloney"
"247","Sean Patrick","Maloney","D","NY","M001185","District 18","sean patrick maloney",NA,"sean patrick maloney"
"248","Kenny","Marchant","R","TX","M001158","District 24","kenny marchant",NA,"kenny marchant"
"249","Roger","Marshall","R","KS","M001198","District 1","roger marshall",NA,"roger marshall"
"250","Thomas","Massie","R","KY","M001184","District 4","thomas massie",NA,"thomas massie"
"251","Brian","Mast","R","FL","M001199","District 18","brian mast",NA,"brian j mast"
"252","Doris","Matsui","D","CA","M001163","District 6","doris matsui",NA,"doris o matsui"
"253","Ben","McAdams","D","UT","M001209","District 4","ben mcadams",NA,"ben mcadams"
"254","Lucy","McBath","D","GA","M001208","District 6","lucy mcbath",NA,"lucy mcbath"
"255","Kevin","McCarthy","R","CA","M001165","District 23","kevin mccarthy",NA,"kevin mccarthy"
"256","Michael","McCaul","R","TX","M001157","District 10","michael mccaul",NA,"michael t mccaul"
"257","Tom","McClintock","R","CA","M001177","District 4","tom mcclintock",NA,"tom mcclintock"
"258","Betty","McCollum","D","MN","M001143","District 4","betty mccollum",NA,"betty mccollum"
"259","Donald","McEachin","D","VA","M001200","District 4","donald mceachin",NA,"a donald mceachin"
"260","James P","McGovern","D","MA","M000312","District 2","james p mcgovern",NA,"james p mcgovern"
"261","Patrick","McHenry","R","NC","M001156","District 10","patrick mchenry",NA,"patrick t mchenry"
"262","David","McKinley","R","WV","M001180","District 1","david mckinley",NA,"david b mckinley"
"263","Jerry","McNerney","D","CA","M001166","District 9","jerry mcnerney",NA,"jerry mcnerney"
"264","Gregory","Meeks","D","NY","M001137","District 5","gregory meeks",NA,"gregory w meeks"
"265","Grace","Meng","D","NY","M001188","District 6","grace meng",NA,"grace meng"
"266","Dan","Meuser","R","PA","M001204","District 9","dan meuser",NA,"daniel meuser"
"267","Kweisi","Mfume","D","MD","M000687","District 7","kweisi mfume",NA,"kweisi mfume"
"268","Carol","Miller","R","WV","M001205","District 3","carol miller",NA,"carol d miller"
"269","Paul","Mitchell","R","MI",NA,"District 10","paul mitchell",NA,NA
"270","John","Moolenaar","R","MI","M001194","District 4","john moolenaar",NA,"john r moolenaar"
"271","Alex","Mooney","R","WV",NA,"District 2","alex mooney",NA,NA
"272","Gwen","Moore","D","WI","M001160","District 4","gwen moore",NA,"gwen moore"
"273","Joseph D","Morelle","D","NY","M001206","District 25","joseph d morelle",NA,"joseph d morelle"
"274","Seth","Moulton","D","MA","M001196","District 6","seth moulton",NA,"seth moulton"
"275","Debbie","Mucarsel-Powell","D","FL",NA,"District 26","debbie mucarsel powell",NA,NA
"276","Markwayne","Mullin","R","OK","M001190","District 2","markwayne mullin",NA,"markwayne mullin"
"277","Greg","Murphy","R","NC",NA,"District 3","greg murphy",NA,NA
"278","Stephanie","Murphy","D","FL","M001202","District 7","stephanie murphy",NA,"stephanie n murphy"
"279","Jerrold","Nadler","D","NY","N000002","District 10","jerrold nadler",NA,"jerrold nadler"
"280","Grace","Napolitano","D","CA","N000179","District 32","grace napolitano",NA,"grace f napolitano"
"281","Richard E","Neal","D","MA","N000015","District 1","richard e neal",NA,"richard e neal"
"282","Joseph","Neguse","D","CO","N000191","District 2","joseph neguse",NA,"joe neguse"
"283","Dan","Newhouse","R","WA","N000189","District 4","dan newhouse",NA,"dan newhouse"
"284","Don","Norcross","D","NJ","N000188","District 1","don norcross",NA,"donald norcross"
"285","Ralph","Norman","R","SC","N000190","District 5","ralph norman",NA,"ralph norman"
"286","Eleanor Holmes","Norton","D","DC","N000147","At Large","eleanor holmes norton",NA,"eleanor holmes norton"
"287","Devin","Nunes","R","CA","N000181","District 22","devin nunes",NA,"devin nunes"
"288","Tom","O'Halleran","D","AZ","O000171","District 1","tom o halleran",NA,"tom o halleran"
"289","Alexandria","Ocasio-Cortez","D","NY",NA,"District 14","alexandria ocasio cortez",NA,NA
"290","Pete","Olson","R","TX","O000168","District 22","pete olson",NA,"pete olson"
"291","Ilhan","Omar","D","MN","O000173","District 5","ilhan omar",NA,"ilhan omar"
"292","Steven","Palazzo","R","MS","P000601","District 4","steven palazzo",NA,"steven m palazzo"
"293","Frank Jr","Pallone","D","NJ","P000034","District 6","frank jr pallone",NA,"frank pallone"
"294","Gary","Palmer","R","AL","P000609","District 6","gary palmer",NA,"gary j palmer"
"295","Jimmy","Panetta","D","CA","P000613","District 20","jimmy panetta",NA,"jimmy panetta"
"296","Chris","Pappas","D","NH","P000614","District 1","chris pappas",NA,"chris pappas"
"297","Bill Jr","Pascrell","D","NJ","P000096","District 9","bill jr pascrell",NA,"bill pascrell"
"298","Donald M Jr","Payne","D","NJ","P000604","District 10","donald m jr payne",NA,"donald m payne"
"299","Nancy","Pelosi","D","CA","P000197","District 12","nancy pelosi",NA,"nancy pelosi"
"300","Greg","Pence","R","IN","P000615","District 6","greg pence",NA,"greg pence"
"301","Ed","Perlmutter","D","CO","P000593","District 7","ed perlmutter",NA,"ed perlmutter"
"302","Scott","Perry","R","PA","P000605","District 10","scott perry",NA,"scott perry"
"303","Scott","Peters","D","CA","P000608","District 52","scott peters",NA,"scott h peters"
"304","Collin","Peterson","D","MN","P000258","District 7","collin peterson",NA,"collin c peterson"
"305","Dean","Phillips","D","MN","P000616","District 3","dean phillips",NA,"dean phillips"
"306","Chellie","Pingree","D","ME","P000597","District 1","chellie pingree",NA,"chellie pingree"
"307","Stacey","Plaskett","D","VI","P000610","At Large","stacey plaskett",NA,"stacey e plaskett"
"308","Mark","Pocan","D","WI","P000607","District 2","mark pocan",NA,"mark pocan"
"309","Katie","Porter","D","CA","P000618","District 45","katie porter",NA,"katie porter"
"310","Bill","Posey","R","FL","P000599","District 8","bill posey",NA,"bill posey"
"311","Ayanna","Pressley","D","MA","P000617","District 7","ayanna pressley",NA,"ayanna pressley"
"312","David","Price","D","NC","P000523","District 4","david price",NA,"david e price"
"313","Mike","Quigley","D","IL","Q000023","District 5","mike quigley",NA,"mike quigley"
"314","Amata Coleman","Radewagen","R","AS",NA,"At Large","amata coleman radewagen",NA,NA
"315","Jamie","Raskin","D","MD","R000606","District 8","jamie raskin",NA,"jamie raskin"
"316","Tom","Reed","R","NY","R000585","District 23","tom reed",NA,"tom reed"
"317","Guy","Reschenthaler","R","PA","R000610","District 14","guy reschenthaler",NA,"guy reschenthaler"
"318","Kathleen","Rice","D","NY","R000602","District 4","kathleen rice",NA,"kathleen m rice"
"319","Tom","Rice","R","SC","R000597","District 7","tom rice",NA,"tom rice"
"320","Cedric","Richmond","D","LA","R000588","District 2","cedric richmond",NA,"cedric l richmond"
"321","Denver","Riggleman","R","VA","R000611","District 5","denver riggleman",NA,"denver riggleman"
"322","Martha","Roby","R","AL","R000591","District 2","martha roby",NA,"martha roby"
"323","Lisa Blunt","Rochester","D","DE","B001303","District 1","lisa blunt rochester",NA,"lisa blunt rochester"
"324","Cathy McMorris","Rodgers","R","WA","M001159","District 5","cathy mcmorris rodgers",NA,"cathy mcmorris rodgers"
"325","Phil","Roe","R","TN",NA,"District 1","phil roe",NA,NA
"326","Hal","Rogers","R","KY","R000395","District 5","hal rogers",NA,"harold rogers"
"327","Mike D","Rogers","R","AL","R000575","District 3","mike d rogers",NA,"mike d rogers"
"328","Francis","Rooney","R","FL","R000607","District 19","francis rooney",NA,"francis rooney"
"329","John","Rose","R","TN","R000612","District 6","john rose",NA,"john w rose"
"330","Max","Rose","D","NY","R000613","District 11","max rose",NA,"max rose"
"331","Harley","Rouda","D","CA","R000616","District 48","harley rouda",NA,"harley rouda"
"332","David","Rouzer","R","NC","R000603","District 7","david rouzer",NA,"david rouzer"
"333","Chip","Roy","R","TX","R000614","District 21","chip roy",NA,"chip roy"
"334","Lucille","Roybal-Allard","D","CA",NA,"District 40","lucille roybal allard",NA,NA
"335","Raul","Ruiz","D","CA","R000599","District 36","raul ruiz",NA,"raul ruiz"
"336","Dutch","Ruppersberger","D","MD",NA,"District 2","dutch ruppersberger",NA,NA
"337","Bobby","Rush","D","IL","R000515","District 1","bobby rush",NA,"bobby l rush"
"338","John","Rutherford","R","FL","R000609","District 4","john rutherford",NA,"john h rutherford"
"339","Tim","Ryan","D","OH","R000577","District 13","tim ryan",NA,"tim ryan"
"340","Michael","San Nicolas","D","GU",NA,"At Large","michael san nicolas",NA,NA
"341","Linda","Sanchez","D","CA","S001156","District 38","linda sanchez",NA,"linda t s nchez"
"342","John","Sarbanes","D","MD","S001168","District 3","john sarbanes",NA,"john p sarbanes"
"343","Steve","Scalise","R","LA","S001176","District 1","steve scalise",NA,"steve scalise"
"344","Mary Gay","Scanlon","D","PA","S001205","District 5","mary gay scanlon",NA,"mary gay scanlon"
"345","Jan","Schakowsky","D","IL",NA,"District 9","jan schakowsky",NA,NA
"346","Adam","Schiff","D","CA","S001150","District 28","adam schiff",NA,"adam b schiff"
"347","Brad","Schneider","D","IL",NA,"District 10","brad schneider",NA,NA
"348","Kurt","Schrader","D","OR","S001180","District 5","kurt schrader",NA,"kurt schrader"
"349","Kim","Schrier","D","WA","S001216","District 8","kim schrier",NA,"kim schrier"
"350","Debbie Wasserman","Schultz","D","FL","W000797","District 23","debbie wasserman schultz",NA,"debbie wasserman schultz"
"351","David","Schweikert","R","AZ","S001183","District 6","david schweikert",NA,"david schweikert"
"352","Austin","Scott","R","GA","S001189","District 8","austin scott",NA,"austin scott"
"353","Bobby","Scott","D","VA",NA,"District 3","bobby scott",NA,NA
"354","David","Scott","D","GA","S001157","District 13","david scott",NA,"david scott"
"355","Jim","Sensenbrenner","R","WI",NA,"District 5","jim sensenbrenner",NA,NA
"356","Jose E","Serrano","D","NY","S000248","District 15","jose e serrano",NA,"jose e serrano"
"357","Terri","Sewell","D","AL","S001185","District 7","terri sewell",NA,"terri a sewell"
"358","Donna","Shalala","D","FL","S001206","District 27","donna shalala",NA,"donna e shalala"
"359","Brad","Sherman","D","CA","S000344","District 30","brad sherman",NA,"brad sherman"
"360","Mikie","Sherrill","D","NJ","S001207","District 11","mikie sherrill",NA,"mikie sherrill"
"361","John","Shimkus","R","IL","S000364","District 15","john shimkus",NA,"john shimkus"
"362","Mike","Simpson","R","ID",NA,"District 2","mike simpson",NA,NA
"363","Albio","Sires","D","NJ","S001165","District 8","albio sires",NA,"albio sires"
"364","Elissa","Slotkin","D","MI","S001208","District 8","elissa slotkin",NA,"elissa slotkin"
"365","Xochitl Torres","Small","D","NM","T000484","District 2","xochitl torres small",NA,"xochitl torres small"
"366","Adam","Smith","D","WA","S000510","District 9","adam smith",NA,"adam smith"
"367","Adrian","Smith","R","NE","S001172","District 3","adrian smith",NA,"adrian smith"
"368","Chris","Smith","R","NJ",NA,"District 4","chris smith",NA,NA
"369","Jason","Smith","R","MO","S001195","District 8","jason smith",NA,"jason smith"
"370","Lloyd","Smucker","R","PA","S001199","District 11","lloyd smucker",NA,"lloyd smucker"
"371","Darren","Soto","D","FL","S001200","District 9","darren soto",NA,"darren soto"
"372","Abigail","Spanberger","D","VA",NA,"District 7","abigail spanberger",NA,NA
"373","Ross","Spano","R","FL","S001210","District 15","ross spano",NA,"ross spano"
"374","Jackie","Speier","D","CA","S001175","District 14","jackie speier",NA,"jackie speier"
"375","Greg","Stanton","D","AZ","S001211","District 9","greg stanton",NA,"greg stanton"
"376","Pete","Stauber","R","MN","S001212","District 8","pete stauber",NA,"pete stauber"
"377","Elise","Stefanik","R","NY","S001196","District 21","elise stefanik",NA,"elise m stefanik"
"378","Bryan","Steil","R","WI","S001213","District 1","bryan steil",NA,"bryan steil"
"379","Greg","Steube","R","FL",NA,"District 17","greg steube",NA,NA
"380","Haley","Stevens","D","MI","S001215","District 11","haley stevens",NA,"haley m stevens"
"381","Chris","Stewart","R","UT","S001192","District 2","chris stewart",NA,"chris stewart"
"382","Steve","Stivers","R","OH","S001187","District 15","steve stivers",NA,"steve stivers"
"383","Tom","Suozzi","D","NY",NA,"District 3","tom suozzi",NA,NA
"384","Eric","Swalwell","D","CA","S001193","District 15","eric swalwell",NA,"eric swalwell"
"385","Mark","Takano","D","CA","T000472","District 41","mark takano",NA,"mark takano"
"386","Van","Taylor","R","TX","T000479","District 3","van taylor",NA,"van taylor"
"387","Bennie G","Thompson","D","MS","T000193","District 2","bennie g thompson",NA,"bennie g thompson"
"388","Glenn","Thompson","R","PA","T000467","District 15","glenn thompson",NA,"glenn thompson"
"389","Mike","Thompson","D","CA","T000460","District 5","mike thompson",NA,"mike thompson"
"390","Mac","Thornberry","R","TX","T000238","District 13","mac thornberry",NA,"mac thornberry"
"391","Tom","Tiffany","R","WI",NA,"District 7","tom tiffany",NA,NA
"392","William","Timmons","R","SC","T000480","District 4","william timmons",NA,"william r timmons"
"393","Scott","Tipton","R","CO","T000470","District 3","scott tipton",NA,"scott r tipton"
"394","Dina","Titus","D","NV","T000468","District 1","dina titus",NA,"dina titus"
"395","Rashida","Tlaib","D","MI","T000481","District 13","rashida tlaib",NA,"rashida tlaib"
"396","Paul","Tonko","D","NY","T000469","District 20","paul tonko",NA,"paul tonko"
"397","Norma","Torres","D","CA","T000474","District 35","norma torres",NA,"norma j torres"
"398","Lori","Trahan","D","MA","T000482","District 3","lori trahan",NA,"lori trahan"
"399","David","Trone","D","MD","T000483","District 6","david trone",NA,"david j trone"
"400","Michael R","Turner","R","OH","T000463","District 10","michael r turner",NA,"michael r turner"
"401","Lauren A","Underwood","D","IL","U000040","District 14","lauren a underwood",NA,"lauren underwood"
"402","Fred","Upton","R","MI","U000031","District 6","fred upton",NA,"fred upton"
"403","Jeff","Van Drew","R","NJ",NA,"District 2","jeff van drew",NA,NA
"404","Juan","Vargas","D","CA","V000130","District 51","juan vargas",NA,"juan vargas"
"405","Marc","Veasey","D","TX","V000131","District 33","marc veasey",NA,"marc a veasey"
"406","Filemon","Vela","D","TX","V000132","District 34","filemon vela",NA,"filemon vela"
"407","Nydia","Velazquez","D","NY","V000081","District 7","nydia velazquez",NA,"nydia m vel zquez"
"408","Pete","Visclosky","D","IN","V000108","District 1","pete visclosky",NA,"peter j visclosky"
"409","Ann","Wagner","R","MO","W000812","District 2","ann wagner",NA,"ann wagner"
"410","Tim","Walberg","R","MI","W000798","District 7","tim walberg",NA,"tim walberg"
"411","Greg","Walden","R","OR","W000791","District 2","greg walden",NA,"greg walden"
"412","Mark","Walker","R","NC","W000819","District 6","mark walker",NA,"mark walker"
"413","Jackie","Walorski","R","IN","W000813","District 2","jackie walorski",NA,"jackie walorski"
"414","Michael","Waltz","R","FL","W000823","District 6","michael waltz",NA,"michael waltz"
"415","Maxine","Waters","D","CA","W000187","District 43","maxine waters",NA,"maxine waters"
"416","Steve","Watkins","R","KS","W000824","District 2","steve watkins",NA,"steve watkins"
"417","Randy","Weber","R","TX","W000814","District 14","randy weber",NA,"randy k weber"
"418","Daniel","Webster","R","FL","W000806","District 11","daniel webster",NA,"daniel webster"
"419","Peter","Welch","D","VT","W000800","District 1","peter welch",NA,"peter welch"
"420","Brad","Wenstrup","R","OH","W000815","District 2","brad wenstrup",NA,"brad r wenstrup"
"421","Bruce","Westerman","R","AR","W000821","District 4","bruce westerman",NA,"bruce westerman"
"422","Jennifer","Wexton","D","VA","W000825","District 10","jennifer wexton",NA,"jennifer wexton"
"423","Susan","Wild","D","PA","W000826","District 7","susan wild",NA,"susan wild"
"424","Roger","Williams","R","TX","W000816","District 25","roger williams",NA,"roger williams"
"425","Frederica","Wilson","D","FL","W000808","District 24","frederica wilson",NA,"frederica s wilson"
"426","Joe","Wilson","R","SC","W000795","District 2","joe wilson",NA,"joe wilson"
"427","Rob","Wittman","R","VA",NA,"District 1","rob wittman",NA,NA
"428","Steve","Womack","R","AR","W000809","District 3","steve womack",NA,"steve womack"
"429","Rob","Woodall","R","GA","W000810","District 7","rob woodall",NA,"rob woodall"
"430","Ron","Wright","R","TX","W000827","District 6","ron wright",NA,"ron wright"
"431","John","Yarmuth","D","KY","Y000062","District 3","john yarmuth",NA,"john a yarmuth"
"432","Ted","Yoho","R","FL","Y000065","District 3","ted yoho",NA,"ted s yoho"
"433","Don","Young","R","AK","Y000033","District 1","don young",NA,"don young"
"434","Lee","Zeldin","R","NY","Z000017","District 1","lee zeldin",NA,"lee m zeldin"
