"last_name","first_name","name","party","state","member_id","Vote3","Vote4","Vote51","Vote52","Vote6","Vote7","District","Vote_count","Vote_change","Vote_change_dummy","Geographical","pro_env.113","anti_env.113","pro_env.114","anti_env.114","pro_env.115","anti_env.115","pro_env.116","anti_env.116","pro_env.117","anti_env.117"
"Roby","Martha","martha roby","R","AL","R000591","-","-","-","-","-",NA,2,5,0,0,"SO",0,16000,0,22700,0,38950,0,34600,NA,NA
"Rogers","Mike D.","mike d rogers","R","AL","R000575","-","-","-","-","-","-",3,6,0,0,"SO",0,49750,0,37400,0,37500,0,21000,1000,15100
"Aderholt","Robert B.","robert b aderholt","R","AL","A000055","-","-","-","-","-","-",4,6,0,0,"SO",0,54700,0,49545,0,36200,2500,25253,0,27775
"Brooks","Mo","mo brooks","R","AL","B001274","-","-","-","-","-","-",5,6,0,0,"SO",0,7250,0,10500,NA,NA,4500,20750,0,2503
"Sewell","Terri","terri sewell,terri a sewell","D","AL","S001185","+","+","+","+","+","+",7,6,0,0,"SO",NA,NA,NA,NA,NA,NA,NA,NA,NA,NA
"Young","Don","don young","R","AK","Y000033","-","-","-","-","-","-",NA,6,0,0,"WE",4000,73250,2000,57050,1500,81700,0,78700,6,129835
"Kirkpatrick","Ann","ann kirkpatrick","D","AZ","K000368","+","+",NA,NA,NA,"+",1,3,0,0,"WE",2500,12250,8000,14200,NA,NA,18765,3773,1112,5966
"Grijalva","Raul","raul grijalva","D","AZ",NA,"+","+","+","+","+","+",3,6,0,0,"WE",NA,NA,NA,NA,NA,NA,NA,NA,NA,NA
"Gosar","Paul","paul gosar,paul a gosar","R","AZ","G000565","-","-","-","-","-",NA,4,5,0,0,"WE",NA,NA,NA,NA,NA,NA,NA,NA,NA,NA
"Salmon","Matt","matt salmon","R","AZ","S000018","-","-",NA,NA,NA,NA,5,2,0,0,"WE",4750,73778,13950,38150,0,23650,NA,NA,NA,NA
"Schweikert","David","david schweikert","R","AZ","S001183","-","-","-","-","-","-",6,6,0,0,"WE",0,42500,0,19750,0,15250,5400,48450,13050,44278
"Franks","Trent","trent franks","R","AZ","F000448","-","-","-",NA,NA,NA,8,3,0,0,"WE",0,23400,0,22800,0,13500,0,1250,NA,NA
"Crawford","Rick","rick crawford","R","AR",NA,"-","-","-","-","-","-",1,6,0,0,"SO",NA,NA,NA,NA,NA,NA,NA,NA,NA,NA
"Womack","Steve","steve womack","R","AR","W000809","-","-","-","-","-","-",3,6,0,0,"SO",0,30750,0,13700,0,19500,0,44650,0,35100
"LaMalfa","Doug","doug lamalfa","R","CA","L000578","-","-","-","-","-","-",1,6,0,0,"WE",0,21000,0,60100,0,37800,2250,37010,8750,38475
"Huffman","Jared","jared huffman","D","CA","H001068","+","+","+","+","+","+",2,6,0,0,"WE",42484,0,23500,19400,28874,10240,38033,6000,26160,1
"Garamendi","John","john garamendi","D","CA","G000559","+","+","+","+","+","+",3,6,0,0,"WE",36035,12000,21194,0,11727,2000,5500,0,5000,2500
"McClintock","Tom","tom mcclintock","R","CA","M001177","-","-","-","-","-","-",4,6,0,0,"WE",0,41800,2500,64450,0,24900,1000,22250,700,43225
"Thompson","Mike","mike thompson","D","CA","T000460","+","+","+","+","+","+",5,6,0,0,"WE",6250,8200,6500,21250,23885,7500,11025,23000,25303,26250
"Matsui","Doris O.","doris o matsui","D","CA","M001163","+","+","+","+","+","+",6,6,0,0,"WE",2000,11000,3000,17500,6200,15500,9537,21000,2500,16000
"Bera","Ami","ami bera","D","CA","B001287","+","+","+","+","+","+",7,6,0,0,"WE",54626,20150,87619,14150,49448,5840,16505,20,8976,8068
"Cook","Paul","paul cook","R","CA","C001094","-","-","-","-","-",NA,8,5,0,0,"WE",5000,6800,7100,5550,5400,34250,6400,36950,3800,3200
"McNerney","Jerry","jerry mcnerney","D","CA","M001166","+","+","+","+","+","+",9,6,0,0,"WE",81002,6000,55150,8500,65207,6500,22650,10400,25800,8000
"Denham","Jeff","jeff denham","R","CA","D000612","-","-","-","-",NA,NA,10,4,0,0,"WE",1500,116100,0,97998,2500,239698,2500,341393,0,-7000
"Pelosi","Nancy","nancy pelosi","D","CA","P000197","+","+","+","+",NA,NA,12,4,0,0,"WE",36000,35000,29800,250,26528,3298,42721,7568,46160,41832
"Lee","Barbara J.","barbara j lee,barbara lee","D","CA","L000551","+","+","+","+","+","+",13,6,0,0,"WE",NA,NA,NA,NA,NA,NA,NA,NA,NA,NA
"Speier","Jackie","jackie speier","D","CA","S001175","+","+","+",NA,"+","+",14,5,0,0,"WE",800,500,4000,0,14800,0,2900,0,1275,0
"Swalwell","Eric","eric swalwell","D","CA","S001193","+","+","+","+",NA,"+",15,5,0,0,"WE",500,2750,10200,15300,15800,11700,7326,28558,8455,10527
"Costa","Jim","jim costa","D","CA","C001059","-","+",NA,"+","-","+",16,5,3,1,"WE",3250,108000,7500,137428,4000,126525,4000,129005,2000,107500
"Honda","Mike","mike honda","D","CA",NA,"+","+",NA,NA,NA,NA,17,2,0,0,"WE",NA,NA,NA,NA,NA,NA,NA,NA,NA,NA
"Eshoo","Anna G.","anna g eshoo","D","CA","E000215","+",NA,"+","+","+","+",18,5,0,0,"WE",27450,1000,15110,4000,19200,0,9600,1000,17000,0
"Lofgren","Zoe","zoe lofgren","D","CA","L000397","+","+","+","+","+","+",19,6,0,0,"WE",10500,2000,14400,4000,23500,3700,30600,5000,13101,6000
"Farr","Sam","sam farr","D","CA","F000030","+","+",NA,NA,NA,NA,20,2,0,0,"WE",15700,0,18050,250,NA,NA,NA,NA,NA,NA
"Valadao","David G.","david g valadao","R","CA","V000129","-","-","-","-",NA,"-",21,5,0,0,"WE",0,62500,0,88150,5000,64300,1250,123301,2618,117815
"Nunes","Devin G.","devin g nunes,devin nunes","R","CA","N000181","-","-","-","-","-","-",22,6,0,0,"WE",NA,NA,NA,NA,NA,NA,NA,NA,NA,NA
"McCarthy","Kevin","kevin mccarthy","R","CA","M001165","-","-","-","-","-","-",23,6,0,0,"WE",24900,306700,2000,429800,21800,426250,59400,807050,15074,760442
"Capps","Lois","lois capps","D","CA","C001036","+","+",NA,NA,NA,NA,24,2,0,0,"WE",59356,6500,42000,3000,NA,NA,NA,NA,NA,NA
"Brownley","Julia","julia brownley","D","CA","B001285","+","+","+","+","+","+",26,6,0,0,"WE",39458,500,57112,500,27048,1373,9706,1351,8311,386
"Chu","Judy M.","judy m chu,judy chu","D","CA","C001080","+","+","+","+","+","+",27,6,0,0,"WE",NA,NA,NA,NA,NA,NA,NA,NA,NA,NA
"Schiff","Adam B.","adam b schiff","D","CA","S001150","+","+","+","+","+","+",28,6,0,0,"WE",7000,0,3250,0,1250,0,20382,3263,25939,35118
"Cárdenas","Tony","tony c rdenas","D","CA","C001097","+","+","+",NA,"+","+",29,5,0,0,"WE",2500,17500,3250,23500,7700,32100,3604,27530,2000,19500
"Sherman","Brad J.","brad j sherman,brad sherman","D","CA","S000344","+","+","+","+","+","+",30,6,0,0,"WE",NA,NA,NA,NA,NA,NA,NA,NA,NA,NA
"Napolitano","Grace","grace napolitano,grace f napolitano","D","CA","N000179","+","+","+","+","+","+",32,6,0,0,"WE",NA,NA,NA,NA,NA,NA,NA,NA,NA,NA
"Becerra","Xavier","xavier becerra","D","CA","B000287","+","+",NA,NA,NA,NA,34,2,0,0,"WE",4000,2000,5000,10500,7700,8000,NA,NA,NA,NA
"Ruiz","Raul","raul ruiz","D","CA","R000599","+","+","+","+","+","+",36,6,0,0,"WE",3750,250,57587,8000,33978,13060,24769,3626,18503,4808
"Bass","Karen","karen bass","D","CA","B001270","+","+","+",NA,"+","+",37,5,0,0,"WE",750,0,4600,7500,8700,6000,2100,4500,10626,13775
"Sanchez","Linda","linda sanchez","D","CA",NA,"+","+","+","+","+","+",38,6,0,0,"WE",NA,NA,NA,NA,NA,NA,NA,NA,NA,NA
"Royce","Ed","ed royce","R","CA",NA,"-","-","-","-",NA,NA,39,4,0,0,"WE",NA,NA,NA,NA,NA,NA,NA,NA,NA,NA
"Roybal-Allard","Lucille","lucille roybal allard","D","CA",NA,"+","+","+","+","+","+",40,6,0,0,"WE",NA,NA,NA,NA,NA,NA,NA,NA,NA,NA
"Takano","Mark","mark takano","D","CA","T000472","+","+","+","+","+","+",41,6,0,0,"WE",15270,250,8900,0,6300,0,1604,0,559,0
"Calvert","Ken S.","ken s calvert,ken calvert","R","CA","C000059","-","-","-","-","-","-",42,6,0,0,"WE",NA,NA,NA,NA,NA,NA,NA,NA,NA,NA
"Waters","Maxine","maxine waters","D","CA","W000187","+","+","+","+","+","+",43,6,0,0,"WE",1500,250,2000,23300,4700,5000,2375,4250,16,6535
"Hahn","Janice","janice hahn","D","CA","H001063","+","+",NA,NA,NA,NA,44,2,0,0,"WE",9750,15350,1000,4000,NA,NA,NA,NA,NA,NA
"Sanchez","Loretta L.","loretta l sanchez,loretta sanchez","D","CA","S000030","+","+",NA,NA,NA,NA,46,2,0,0,"WE",NA,NA,NA,NA,NA,NA,NA,NA,NA,NA
"Lowenthal","Alan S.","alan s lowenthal","D","CA","L000579","+","+","+","+","+","+",47,6,0,0,"WE",24000,25450,10950,13000,7323,14000,5100,9500,4450,6025
"Rohrabacher","Dana T.","dana t rohrabacher,dana rohrabacher","R","CA","R000409","-","-","-","-",NA,NA,48,4,0,0,"WE",NA,NA,NA,NA,NA,NA,NA,NA,NA,NA
"Issa","Darrell","darrell issa","R","CA","I000056","-","-","-","-",NA,NA,49,4,0,0,"WE",1000,95950,4250,108200,0,64100,1000,32870,702,35188
"Hunter","Duncan D.","duncan d hunter,duncan hunter","R","CA","H000981","-","-","-","-","-",NA,50,5,0,0,"WE",NA,NA,NA,NA,NA,NA,NA,NA,NA,NA
"Hunter","Duncan D.","duncan d hunter","R","CA","H001048","-","-","-","-","-",NA,50,5,0,0,"WE",500,4800,3000,13100,0,11500,1000,1000,0,7850
"Vargas","Juan","juan vargas","D","CA","V000130","+","+","+","+","+","+",51,6,0,0,"WE",0,15000,1000,2500,1000,0,4000,2000,0,8500
"Peters","Scott H.","scott h peters","D","CA","P000608","+","+","+",NA,"+","+",52,5,0,0,"WE",18250,0,55459,9000,37499,15300,25430,56903,5000,27000
"Davis","Susan A.","susan a davis","D","CA","D000598","+","+","+","+","+",NA,53,5,0,0,"WE",4000,0,6500,0,5700,0,2500,0,NA,NA
"DeGette","Diana L.","diana l degette,diana degette","D","CO","D000197","+","+","+","+","+","+",1,6,0,0,"WE",NA,NA,NA,NA,NA,NA,NA,NA,NA,NA
"Polis","Jared","jared polis","D","CO","P000598","+","+","+","+",NA,NA,2,4,0,0,"WE",6750,6500,18400,6200,10975,7500,-500,1000,NA,NA
"Tipton","Scott","scott tipton,scott r tipton","R","CO","T000470","-","-","-","-","-",NA,3,5,0,0,"WE",NA,NA,NA,NA,NA,NA,NA,NA,NA,NA
"Lamborn","Doug","doug lamborn","R","CO","L000564","-","-","-","-","-","-",5,6,0,0,"WE",1000,114998,1000,89500,1000,129377,0,44791,0,20500
"Coffman","Mike","mike coffman","R","CO","C001077","-","-","-","+",NA,NA,6,4,1,1,"WE",1450,274806,2750,448900,1500,249844,4600,256903,0,5400
"Perlmutter","Ed","ed perlmutter","D","CO","P000593","+","+","+","+","+","+",7,6,0,0,"WE",20483,61500,13950,32400,10250,17200,1250,11111,2000,18351
"Larson","John B.","john b larson","D","CT","L000557","+","+","+","+","+","+",1,6,0,0,"NE",3700,11250,3700,20700,2500,14000,1000,0,0,17000
"Courtney","Joe","joe courtney","D","CT","C001069","+","+","+","+","+","+",2,6,0,0,"NE",1500,2900,5750,3500,5550,5000,3100,750,NA,NA
"DeLauro","Rosa L.","rosa l delauro","D","CT","D000216","+","+",NA,"+","+","+",3,5,0,0,"NE",1551,1000,5500,1400,5000,4575,3350,1325,1510,10850
"Himes","Jim","jim himes","D","CT",NA,"+","+","+","+","+","+",4,6,0,0,"NE",NA,NA,NA,NA,NA,NA,NA,NA,NA,NA
"Esty","Elizabeth H.","elizabeth h esty","D","CT","E000293","+","+","+","+",NA,NA,5,4,0,0,"NE",46400,21750,65880,3150,28659,9000,23703,5400,NA,NA
"Carney","John","john carney,john c carney","D","DE","C001083","+","+",NA,NA,NA,NA,NA,2,0,0,"SO",NA,NA,NA,NA,NA,NA,NA,NA,NA,NA
"Miller","Jeff","jeff miller","R","FL","M001144","-","-",NA,NA,NA,NA,1,2,0,0,"SO",4000,500,7600,3000,2500,2000,NA,NA,NA,NA
"Yoho","Ted S.","ted s yoho","R","FL","Y000065","-","-","-","-","-",NA,3,5,0,0,"SO",0,5500,0,7000,0,12900,0,7500,NA,NA
"Crenshaw","Ander","ander crenshaw","R","FL","C001045","-","-",NA,NA,NA,NA,4,2,0,0,"SO",0,1000,0,7500,0,1000,NA,NA,NA,NA
"Brown","Corrine","corrine brown","D","FL","B000911","+","+",NA,NA,NA,NA,5,2,0,0,"SO",0,1500,0,5000,NA,NA,NA,NA,NA,NA
"DeSantis","Ron","ron desantis","R","FL","D000621","-","-","-",NA,NA,NA,6,3,0,0,"SO",0,42000,0,22000,75,74845,0,2300,NA,NA
"Mica","John L.","john l mica","R","FL","M000689","-","-",NA,NA,NA,NA,7,2,0,0,"SO",0,94000,0,44500,500,32550,NA,NA,NA,NA
"Posey","Bill","bill posey","R","FL","P000599","-","-",NA,"-","-","-",8,5,0,0,"SO",0,13000,0,28400,0,15600,0,11400,2000,14700
"Grayson","Alan","alan grayson","D","FL","G000556","+","+",NA,NA,NA,NA,9,2,0,0,"SO",4950,800,8983,1450,NA,NA,2903,10386,NA,NA
"Webster","Daniel","daniel webster","R","FL","W000806","-","-","-","-","-","-",10,6,0,0,"SO",0,38000,0,13600,0,6900,0,3300,0,1030
"Nugent","Rich","rich nugent","R","FL",NA,"-","-",NA,NA,NA,NA,11,2,0,0,"SO",NA,NA,NA,NA,NA,NA,NA,NA,NA,NA
"Bilirakis","Gus","gus bilirakis,gus m bilirakis","R","FL","B001257","-","-","-","-","-","-",12,6,0,0,"SO",NA,NA,NA,NA,NA,NA,NA,NA,NA,NA
"Castor","Kathy","kathy castor","D","FL","C001066","+","+",NA,"+","+","+",14,5,0,0,"SO",4070,2000,2750,2500,3100,0,2253,59,12955,5712
"Ross","Dennis","dennis ross,dennis a ross","R","FL","R000593","-","-",NA,"-",NA,NA,15,3,0,0,"SO",NA,NA,NA,NA,NA,NA,NA,NA,NA,NA
"Buchanan","Vern","vern buchanan","R","FL","B001260","-","-","-","-","-","-",16,6,0,0,"SO",11500,16500,0,6000,500,7500,1000,31750,15500,60375
"Rooney","Tom","tom rooney","R","FL",NA,"-","-","-","-",NA,NA,17,4,0,0,"SO",NA,NA,NA,NA,NA,NA,NA,NA,NA,NA
"Murphy","Patrick","patrick murphy","D","FL","M001191","+","+",NA,NA,NA,NA,18,2,0,0,"SO",16645,11350,27910,11400,NA,NA,NA,NA,NA,NA
"Hastings","Alcee L.","alcee l hastings","D","FL","H000324","+",NA,"+","+",NA,NA,20,3,0,0,"SO",NA,NA,300,0,2000,0,NA,NA,NA,NA
"Deutch","Ted","ted deutch","D","FL",NA,"+","+","+","+","+","+",21,6,0,0,"SO",NA,NA,NA,NA,NA,NA,NA,NA,NA,NA
"Frankel","Lois","lois frankel","D","FL","F000462","+","+","+","+","+","+",22,6,0,0,"SO",10807,9500,2000,5100,3910,1005,2504,2,2075,5170
"Wasserman Schultz","Debbie","debbie wasserman schultz","D","FL","W000797",NA,"+","+","+","+","+",23,5,0,0,"SO",7100,4250,37100,2000,30730,1050,6537,3000,11460,645
"Wilson","Frederica","frederica wilson,frederica s wilson","D","FL","W000808","+","+","+","+","+","+",24,6,0,0,"SO",NA,NA,NA,NA,NA,NA,NA,NA,NA,NA
"Díaz-Balart","Mario","mario d az balart","R","FL",NA,"-","-",NA,"-","-","-",25,5,0,0,"SO",NA,NA,NA,NA,NA,NA,NA,NA,NA,NA
"Ros-Lehtinen","Ileana","ileana ros lehtinen","R","FL",NA,"-","+",NA,"+",NA,NA,27,3,1,1,"SO",NA,NA,NA,NA,NA,NA,NA,NA,NA,NA
"Bishop","Sanford D.","sanford d bishop","D","GA","B000490","+","-","+","-","+","+",2,6,4,1,"SO",0,9500,0,16000,1000,24000,1000,23750,1000,33000
"Westmoreland","Lynn A.","lynn a westmoreland","R","GA","W000796","-","-",NA,NA,NA,NA,3,2,0,0,"SO",0,16500,0,22550,0,5750,NA,NA,NA,NA
"Johnson","Hank","hank johnson","D","GA",NA,"+","+","+","+","+","+",4,6,0,0,"SO",NA,NA,NA,NA,NA,NA,NA,NA,NA,NA
"Lewis","John R.","john r lewis,john lewis","D","GA","L000287","+","+","+","+","+",NA,5,5,0,0,"SO",NA,NA,NA,NA,NA,NA,NA,NA,NA,NA
"Price","Tom","tom price","R","GA","P000591","-","-",NA,NA,NA,NA,6,2,0,0,"SO",0,44500,0,40250,0,24500,NA,NA,NA,NA
"Woodall","Rob","rob woodall","R","GA","W000810","-","-","-","-","-",NA,7,5,0,0,"SO",0,19500,0,22000,0,20500,1000,19500,0,1500
"Scott","Austin","austin scott","R","GA","S001189","-","-","-","-","-","-",8,6,0,0,"SO",0,15250,1000,9250,3885,6000,0,4000,0,13000
"Collins","Doug","doug collins","R","GA","C001093","-","-","-","-","-",NA,9,5,0,0,"SO",0,26500,0,19750,0,31850,0,38000,NA,NA
"Scott","David","david scott","D","GA","S001157","+","+","+","+","+","+",13,6,0,0,"SO",0,4000,0,2500,0,11500,0,1000,0,11000
"Graves","Tom","tom graves","R","GA","G000560","-","-","-","-","-",NA,14,5,0,0,"SO",0,57250,0,33750,0,57500,0,58750,0,27600
"Hanabusa","Colleen","colleen hanabusa","D","HI","H001050","+",NA,"+",NA,NA,NA,1,2,0,0,"WE",3000,2500,NA,NA,2000,3500,500,0,NA,NA
"Gabbard","Tulsi","tulsi gabbard","D","HI","G000571","+","+","+","+","+",NA,2,5,0,0,"WE",20465,3250,19650,3250,13195,6800,955,4218,NA,NA
"Labrador","Raul","raul labrador,raul r labrador","R","ID","L000573","-","-","-","-",NA,NA,1,4,0,0,"WE",NA,NA,NA,NA,NA,NA,NA,NA,NA,NA
"Simpson","Mike","mike simpson","R","ID",NA,"-","-","-","-","-","-",2,6,0,0,"WE",NA,NA,NA,NA,NA,NA,NA,NA,NA,NA
"Rush","Bobby L.","bobby l rush","D","IL","R000515",NA,"+","+","+","+","+",1,5,0,0,"MW",1000,7000,7000,9500,5000,27500,2000,19000,3000,44500
"Kelly","Robin","robin kelly,robin l kelly","D","IL","K000385","+","+","+","+","+","+",2,6,0,0,"MW",NA,NA,NA,NA,NA,NA,NA,NA,NA,NA
"Lipinski","Dan","dan lipinski","D","IL",NA,"+","+","+","+","+",NA,3,5,0,0,"MW",NA,NA,NA,NA,NA,NA,NA,NA,NA,NA
"Gutierrez","Luis V.","luis v gutierrez","D","IL","G000535","+","+","+","+",NA,NA,4,4,0,0,"MW",1500,1000,1000,0,2117,0,2500,0,-2500,0
"Quigley","Mike","mike quigley","D","IL","Q000023","+","+","+","+","+","+",5,6,0,0,"MW",0,2250,5100,1500,3900,3700,6525,0,3000,0
"Roskam","Peter J.","peter j roskam","R","IL","R000580","-","-","-","+",NA,NA,6,4,1,1,"MW",2500,67000,0,95300,1000,40800,1500,158400,NA,NA
"Davis","Danny K.","danny k davis","D","IL","D000096","+","+","+","+","+","+",7,6,0,0,"MW",1000,5000,2000,2500,7000,2000,0,3000,8000,1000
"Duckworth","Tammy","tammy duckworth","D","IL","D000622","+","+",NA,NA,NA,NA,8,2,0,0,"MW",43693,7250,41449,6000,NA,NA,NA,NA,NA,NA
"Schakowsky","Jan","jan schakowsky","D","IL",NA,"+","+","+","+","+","+",9,6,0,0,"MW",NA,NA,NA,NA,NA,NA,NA,NA,NA,NA
"Schneider","Brad","brad schneider","D","IL",NA,"+",NA,"+","+","+","+",10,5,0,0,"MW",NA,NA,NA,NA,NA,NA,NA,NA,NA,NA
"Foster","Bill","bill foster","D","IL","F000454","+","+","+","+","+","+",11,6,0,0,"MW",24500,10250,38000,18950,32719,24750,26110,7950,22097,6340
"Davis","Rodney","rodney davis","R","IL","D000619","-","-","-","-","-","-",13,6,0,0,"MW",0,77400,17600,270167,15000,90450,31500,117200,26506,145908
"Hultgren","Randy","randy hultgren","R","IL","H001059","-","-","-","-",NA,NA,14,4,0,0,"MW",1500,18250,250,33250,0,31000,1000,35700,NA,NA
"Shimkus","John M.","john m shimkus,john shimkus","R","IL","S000364","-","-","-","-","-",NA,15,5,0,0,"MW",NA,NA,NA,NA,NA,NA,NA,NA,NA,NA
"Kinzinger","Adam","adam kinzinger","R","IL","K000378","-","-","-","-","-","-",16,6,0,0,"MW",9750,66699,11500,105600,21200,88750,12500,73500,11800,94943
"Bustos","Cheri","cheri bustos","D","IL","B001286","+","+","+","+","+","+",17,6,0,0,"MW",13426,1000,37946,5000,33211,16140,25187,8896,71205,11957
"Visclosky","Peter J.","peter j visclosky","D","IN","V000108","+","+","+","+","+",NA,1,5,0,0,"MW",NA,NA,NA,NA,NA,NA,NA,NA,NA,NA
"Walorski","Jackie","jackie walorski","R","IN","W000813","-","-","-","-","-","-",2,6,0,0,"MW",2500,68750,9500,56040,11000,34500,8000,83950,4002,68521
"Stutzman","Marlin","marlin stutzman,marlin a stutzman","R","IN","S001188","-","-",NA,NA,NA,NA,3,2,0,0,"MW",NA,NA,NA,NA,NA,NA,NA,NA,NA,NA
"Rokita","Todd","todd rokita","R","IN","R000592","-","-","-","-",NA,NA,4,4,0,0,"MW",1000,36600,0,113250,6000,29600,NA,NA,NA,NA
"Brooks","Susan W.","susan w brooks","R","IN","B001284","-","-","-","-","-",NA,5,5,0,0,"MW",1250,12500,4000,43250,7000,40700,7500,33300,0,1000
"Messer","Luke","luke messer","R","IN","M001189","-","-","-","-",NA,NA,6,4,0,0,"MW",2000,38250,3000,43050,2500,76600,NA,NA,NA,NA
"Carson","Andre","andre carson,andr carson","D","IN","C001072","+","+","+","+","+","+",7,6,0,0,"MW",NA,NA,NA,NA,NA,NA,NA,NA,NA,NA
"Bucshon","Larry","larry bucshon","R","IN","B001275","-","-","-","-","-","-",8,6,0,0,"MW",2000,134500,500,169850,5000,58500,250,63000,0,60605
"Young","Todd","todd young","R","IN","Y000064","-","-",NA,NA,NA,NA,9,2,0,0,"MW",0,71500,1000,82800,NA,NA,NA,NA,NA,NA
"Loebsack","Dave W.","dave w loebsack","D","IA",NA,"+","+","+","+","+",NA,2,5,0,0,"MW",NA,NA,NA,NA,NA,NA,NA,NA,NA,NA
"King","Steve A.","steve a king,steve king","R","IA","K000362","-","-","-","-","-",NA,4,5,0,0,"MW",NA,NA,NA,NA,NA,NA,NA,NA,NA,NA
"Huelskamp","Tim","tim huelskamp","R","KS","H001057","-","-",NA,NA,NA,NA,1,2,0,0,"MW",9750,69200,5200,77800,2700,53400,NA,NA,NA,NA
"Jenkins","Lynn M.","lynn m jenkins,lynn jenkins","R","KS","J000290","-","-","-","-",NA,NA,2,4,0,0,"MW",NA,NA,NA,NA,NA,NA,NA,NA,NA,NA
"Yoder","Kevin","kevin yoder","R","KS","Y000063","-","-","-","-",NA,NA,3,4,0,0,"MW",10500,86600,23900,85100,44800,65175,51400,145950,NA,NA
"Pompeo","Mike","mike pompeo","R","KS","P000602","-","-",NA,NA,NA,NA,4,2,0,0,"MW",7500,346050,11400,432850,0,222825,NA,NA,NA,NA
"Whitfield","Ed","ed whitfield","R","KY","W000413","-","-",NA,NA,NA,NA,1,2,0,0,"SO",7500,351025,13000,228000,500,80600,NA,NA,NA,NA
"Guthrie","Brett","brett guthrie","R","KY","G000558","-","-","-","-","-","-",2,6,0,0,"SO",0,115248,0,106950,0,89900,0,63550,0,64005
"Yarmuth","John","john yarmuth,john a yarmuth","D","KY","Y000062","+","+","+","+","+","+",3,6,0,0,"SO",NA,NA,NA,NA,NA,NA,NA,NA,NA,NA
"Massie","Thomas","thomas massie","R","KY","M001184","-","-","-","-","-","-",4,6,0,0,"SO",0,81701,0,37700,0,16000,0,13200,2750,15950
"Rogers","Harold","harold rogers","R","KY","R000395","-","-","-","-","-","-",5,6,0,0,"SO",NA,NA,NA,NA,NA,NA,NA,NA,NA,NA
"Barr","Garland","garland barr","R","KY",NA,"-","-","-","-","-",NA,6,5,0,0,"SO",NA,NA,NA,NA,NA,NA,NA,NA,NA,NA
"Scalise","Steve","steve scalise","R","LA","S001176","-","-",NA,"-","-","-",1,5,0,0,"SO",4000,152075,7200,264374,0,332350,1435,419590,17071,584003
"Richmond","Cedric L","cedric l richmond","D","LA","R000588","+","+","+",NA,"+",NA,2,4,0,0,"SO",750,26250,4600,52100,3700,67500,1000,94200,6000,171800
"Boustany","Charles","charles boustany,charles w boustany","R","LA","B001255","-","-",NA,NA,NA,NA,3,2,0,0,"SO",NA,NA,NA,NA,NA,NA,NA,NA,NA,NA
"Fleming","John","john fleming","R","LA","F000456","-","-",NA,NA,NA,NA,4,2,0,0,"SO",13200,223000,16400,206100,NA,NA,NA,NA,NA,NA
"Pingree","Chellie M.","chellie m pingree,chellie pingree","D","ME","P000597","+","+","+","+","+","+",1,6,0,0,"NE",NA,NA,NA,NA,NA,NA,NA,NA,NA,NA
"Harris","Andy","andy harris","R","MD","H001052","-","-","-","-","-","-",1,6,0,0,"MD",6900,69760,0,49250,250,29500,0,18750,0,13808
"Ruppersberger","C.A. Dutch","c a dutch ruppersberger","D","MD","R000576","+","+","+","+","+","+",2,6,0,0,"MD",NA,NA,NA,NA,NA,NA,NA,NA,NA,NA
"Sarbanes","John P.","john p sarbanes","D","MD","S001168","+","+","+","+","+","+",3,6,0,0,"MD",5250,2000,5000,3000,2800,2100,2700,1003,0,1009
"Edwards","Donna","donna edwards,donna f edwards","D","MD","E000290","+","+",NA,NA,NA,NA,4,2,0,0,"MD",NA,NA,NA,NA,NA,NA,NA,NA,NA,NA
"Hoyer","Steny H.","steny h hoyer","D","MD","H000874","+","+","+",NA,"+","+",5,5,0,0,"MD",13250,59000,14000,64250,6788,55500,6500,53250,11125,68000
"Delaney","John K.","john k delaney","D","MD","D000620","+","+","+","+",NA,NA,6,4,0,0,"MD",20995,0,5000,5000,11438,7000,NA,NA,NA,NA
"Cummings","Elijah E.","elijah e cummings","D","MD","C000984","+","+","+","+","+",NA,7,5,0,0,"MD",500,3750,3850,6850,5052,5000,2050,3088,1205,2098
"Van Hollen","Chris","chris van hollen","D","MD","V000128","+","+",NA,NA,NA,NA,8,2,0,0,"MD",NA,NA,NA,NA,NA,NA,NA,NA,NA,NA
"Neal","Richard E.","richard e neal","D","MA","N000015","+","+","+","+","+","+",1,6,0,0,"NE",250,13000,1000,12500,1000,10500,9000,53400,70175,50850
"McGovern","Jim","jim mcgovern","D","MA",NA,"+","+","+","+","+","+",2,6,0,0,"NE",NA,NA,NA,NA,NA,NA,NA,NA,NA,NA
"Tsongas","Niki","niki tsongas","D","MA","T000465","+","+","+","+",NA,NA,3,4,0,0,"NE",12750,2500,6000,0,11058,4700,0,1,NA,NA
"Kennedy","Joseph P.","joseph p kennedy","D","MA","K000110","+","+","+","+","+",NA,4,5,0,0,"NE",NA,NA,NA,NA,NA,NA,NA,NA,NA,NA
"Kennedy","Joseph P.","joseph p kennedy","D","MA","K000379","+","+","+","+","+",NA,4,5,0,0,"NE",NA,NA,NA,NA,NA,NA,NA,NA,NA,NA
"Capuano","Michael E.","michael e capuano","D","MA","C001037","+","+","+","+",NA,NA,7,4,0,0,"NE",250,33000,0,42650,1500,24600,750,35125,NA,NA
"Lynch","Stephen F.","stephen f lynch","D","MA","L000562","+","+","+","+","+","+",8,6,0,0,"NE",NA,NA,1000,5700,4200,2500,2500,3500,0,1500
"Keating","Bill","bill keating","D","MA",NA,"+","+","+","+","+","+",9,6,0,0,"NE",NA,NA,NA,NA,NA,NA,NA,NA,NA,NA
"Benishek","Dan","dan benishek","R","MI","B001271","-","-",NA,NA,NA,NA,1,2,0,0,"MW",3000,156050,2000,137049,1000,26525,NA,NA,NA,NA
"Huizenga","Bill","bill huizenga","R","MI","H001058","-","-","-","-","-","-",2,6,0,0,"MW",0,13350,0,15150,0,18750,0,46175,0,61125
"Amash","Justin","justin amash","R","MI",NA,"-","-","-","-","-",NA,3,5,0,0,"MW",NA,NA,NA,NA,NA,NA,NA,NA,NA,NA
"Kildee","Daniel T.","daniel t kildee","D","MI","K000380","+","+","+","+","+","+",5,6,0,0,"MW",NA,NA,NA,NA,NA,NA,NA,NA,NA,NA
"Upton","Fred","fred upton","R","MI","U000031","-","-","-","+","+","+",6,6,1,1,"MW",9500,422641,4500,360000,6000,293600,0,210550,2026,132869
"Walberg","Tim","tim walberg","R","MI","W000798","-","-","-","-","-","-",7,6,0,0,"MW",0,54450,0,92750,0,91450,0,92400,1525,81475
"Levin","Sander M.","sander m levin","D","MI","L000263","+","+","+","+",NA,NA,9,4,0,0,"MW",11250,14250,4095,8500,6750,4000,0,-2000,NA,NA
"Miller","Candice S.","candice s miller","R","MI","M001150","-","-",NA,NA,NA,NA,10,2,0,0,"MW",0,10500,13500,34500,NA,NA,NA,NA,NA,NA
"Conyers","John","john conyers","D","MI","C000714","+","+","+",NA,NA,NA,13,3,0,0,"MW",NA,NA,NA,NA,NA,NA,NA,NA,NA,NA
"Walz","Tim","tim walz","D","MN",NA,"+","+","+",NA,NA,NA,1,3,0,0,"MW",NA,NA,NA,NA,NA,NA,NA,NA,NA,NA
"Kline","John P.","john p kline,john kline","R","MN","K000363","-","-",NA,NA,NA,NA,2,2,0,0,"MW",NA,NA,NA,NA,NA,NA,NA,NA,NA,NA
"Paulsen","Erik","erik paulsen","R","MN","P000594","-","-","-",NA,NA,NA,3,3,0,0,"MW",0,30550,7250,35250,2000,66499,1000,170222,0,-1500
"McCollum","Betty","betty mccollum","D","MN","M001143","+","+","+","+","+","+",4,6,0,0,"MW",850,0,1077,0,10650,0,6511,1,8884,0
"Ellison","Keith M.","keith m ellison,keith ellison","D","MN","E000288","+","+","+","+",NA,NA,5,4,0,0,"MW",NA,NA,NA,NA,NA,NA,NA,NA,NA,NA
"Peterson","Collin C.","collin c peterson","D","MN","P000258","-","-","-",NA,"+",NA,7,4,0,0,"MW",19500,22000,21500,25500,23500,41575,10600,47001,30463,45777
"Nolan","Rick","rick nolan","D","MN",NA,"+","+","+","+",NA,NA,8,4,0,0,"MW",NA,NA,NA,NA,NA,NA,NA,NA,NA,NA
"Thompson","Bennie G.","bennie g thompson","D","MS","T000193","+","+","+","+","+","+",2,6,0,0,"SO",1000,35900,3000,20000,500,28000,2000,14000,1000,48260
"Harper","Gregg","gregg harper","R","MS","H001045","-","-","-","-",NA,NA,3,4,0,0,"SO",0,99750,0,154800,0,70050,0,21160,NA,NA
"Palazzo","Steven","steven palazzo,steven m palazzo","R","MS","P000601","-","-","-","-","-","-",4,6,0,0,"SO",NA,NA,NA,NA,NA,NA,NA,NA,NA,NA
"Clay","William Lacy","william lacy clay","D","MO",NA,"+","+","+","+","+",NA,1,5,0,0,"MW",NA,NA,NA,NA,NA,NA,NA,NA,NA,NA
"Wagner","Ann","ann wagner","R","MO","W000812","-","-","-","-","-","-",2,6,0,0,"MW",0,208500,0,144300,500,79300,1000,51500,2574,56882
"Luetkemeyer","Blaine","blaine luetkemeyer","R","MO","L000569","-","-","-","-","-","-",3,6,0,0,"MW",3500,16250,9500,16250,5500,23800,6000,14750,4500,12500
"Hartzler","Vicky","vicky hartzler","R","MO","H001053","-","-","-","-","-","-",4,6,0,0,"MW",1000,46250,7600,28750,-2500,16400,3500,17800,8016,11774
"Cleaver","Emanuel","emanuel cleaver","D","MO","C001061","+","+","+","+","+","+",5,6,0,0,"MW",3500,2750,2000,0,2000,1000,2500,0,3025,2680
"Graves","Sam","sam graves","R","MO","G000546","-","-",NA,"-","-","-",6,5,0,0,"MW",3000,37250,6000,27000,7000,21500,8500,48300,13200,129300
"Long","Billy","billy long","R","MO","L000576","-","-","-","-","-","-",7,6,0,0,"MW",0,14500,0,71850,0,59000,3500,69000,3500,59000
"Smith","Jason T.","jason t smith,jason smith","R","MO","S001195","-","-","-","-","-","-",8,6,0,0,"MW",NA,NA,NA,NA,NA,NA,NA,NA,NA,NA
"Fortenberry","Jeff","jeff fortenberry","R","NE","F000449","-","-","-","-","-","-",1,6,0,0,"MW",1000,8250,2000,800,8400,500,6300,2500,10050,8775
"Smith","Adrian M.","adrian m smith,adrian smith","R","NE","S001172","-","-","-","-","-","-",3,6,0,0,"MW",NA,NA,NA,NA,NA,NA,NA,NA,NA,NA
"Titus","Dina","dina titus","D","NV","T000468","+","+","+","+","+","+",1,6,0,0,"WE",12135,29500,8000,19600,9060,13000,2033,12500,2380,9500
"Amodei","Mark E.","mark e amodei","R","NV","A000369","-","-","-","-","-","-",2,6,0,0,"WE",0,76250,3000,39250,0,50450,0,78700,0,47250
"Heck","Joe","joe heck","R","NV",NA,"-","-",NA,NA,NA,NA,3,2,0,0,"WE",NA,NA,NA,NA,NA,NA,NA,NA,NA,NA
"Horsford","Steven A.","steven a horsford,steven horsford","D","NV","H001066","+",NA,NA,NA,"+","+",4,3,0,0,"WE",NA,NA,NA,NA,NA,NA,NA,NA,NA,NA
"Shea-Porter","Carol","carol shea porter","D","NH",NA,"+",NA,"+",NA,NA,NA,1,2,0,0,"NE",NA,NA,NA,NA,NA,NA,NA,NA,NA,NA
"Kuster","Ann M.","ann m kuster","D","NH","K000382","+","+","+","+","+","+",2,6,0,0,"NE",46550,500,70595,3750,55876,5,35132,1510,16388,1751
"LoBiondo","Frank A.","frank a lobiondo","R","NJ","L000554","-","-","-","-",NA,NA,2,4,0,0,"NE",9350,8500,9090,15750,4500,16500,0,-3000,NA,NA
"Smith","Christopher H.","christopher h smith","R","NJ","S000522","-","-","+","+","+","-",4,6,2,1,"NE",NA,NA,NA,NA,NA,NA,NA,NA,NA,NA
"Garrett","E. Scott","e scott garrett,scott garrett","R","NJ","G000548","-","-",NA,NA,NA,NA,5,2,0,0,"NE",NA,NA,NA,NA,NA,NA,NA,NA,NA,NA
"Pallone","Frank J.","frank j pallone,frank pallone","D","NJ","P000034","+","+","+","+","+","+",6,6,0,0,"NE",NA,NA,NA,NA,NA,NA,NA,NA,NA,NA
"Lance","Leonard","leonard lance","R","NJ","L000567","-","-","-","+",NA,NA,7,4,1,1,"NE",3000,26550,1000,40000,0,33200,250,42400,NA,NA
"Sires","Albio","albio sires","D","NJ","S001165","+","+","+","+","+","+",8,6,0,0,"NE",0,4000,500,8400,0,5500,3000,2000,-500,3000
"Pascrell","Bill","bill pascrell","D","NJ","P000096","+","+","+","+","+","+",9,6,0,0,"NE",NA,NA,NA,NA,NA,NA,NA,NA,NA,NA
"Payne","Donald M.","donald m payne","D","NJ","P000604","+","+","+","+","+","+",10,6,0,0,"NE",NA,NA,NA,NA,NA,NA,NA,NA,NA,NA
"Frelinghuysen","Rodney P.","rodney p frelinghuysen","R","NJ","F000372","-","-","-","-",NA,NA,11,4,0,0,"NE",500,16350,500,15050,0,35500,0,26800,NA,NA
"Lujan Grisham","Michelle","michelle lujan grisham","D","NM","L000580","+","+","+","+",NA,NA,1,4,0,0,"WE",16490,7900,6000,18700,8000,16750,2000,0,NA,NA
"Pearce","Steve","steve pearce,stevan pearce","R","NM","P000588","-",NA,"-","-",NA,NA,2,3,0,0,"WE",NA,NA,NA,NA,NA,NA,NA,NA,NA,NA
"Luján","Ben Ray","ben ray luj n,ben ray lujan","D","NM","L000570","+","+","+","+","+",NA,3,5,0,0,"WE",NA,NA,NA,NA,NA,NA,NA,NA,NA,NA
"King","Peter T.","peter t king","R","NY","K000210","-","-","-","-","-",NA,2,5,0,0,"NE",NA,NA,NA,NA,NA,NA,NA,NA,NA,NA
"Israel","Steve J.","steve j israel,steve israel","D","NY","I000057","+","+",NA,NA,NA,NA,3,2,0,0,"NE",NA,NA,NA,NA,NA,NA,NA,NA,NA,NA
"Meeks","Gregory W.","gregory w meeks","D","NY","M001137","+","+","+","+","+","+",5,6,0,0,"NE",0,2750,0,11100,0,2500,0,2500,1000,8500
"Meng","Grace","grace meng","D","NY","M001188","+","+","+","+","+","+",6,6,0,0,"NE",2250,0,1000,0,1500,1500,2201,5,1130,1000
"Velázquez","Nydia","nydia vel zquez,nydia m vel zquez","D","NY","V000081","+","+","+","+","+","+",7,6,0,0,"NE",NA,NA,NA,NA,NA,NA,NA,NA,NA,NA
"Jeffries","Hakeem S.","hakeem s jeffries","D","NY","J000294","+","+","+","+","+","+",8,6,0,0,"NE",1500,3900,1200,0,2000,1000,2275,0,16414,18375
"Clarke","Yvette D.","yvette d clarke","D","NY","C001067","+","+","+","+","+","+",9,6,0,0,"NE",1000,3000,NA,NA,2000,2000,2000,2250,1530,4000
"Nadler","Jerrold L.","jerrold l nadler,jerrold nadler","D","NY","N000002","+","+","+","+","+","+",10,6,0,0,"NE",NA,NA,NA,NA,NA,NA,NA,NA,NA,NA
"Maloney","Carolyn B.","carolyn b maloney","D","NY","M000087","+","+","+","+","+","+",12,6,0,0,"NE",3950,7750,6850,12400,2500,10810,5050,13400,2252,11954
"Rangel","Charles","charles rangel,charles b rangel","D","NY","R000053","+","+",NA,NA,NA,NA,13,2,0,0,"NE",NA,NA,NA,NA,NA,NA,NA,NA,NA,NA
"Crowley","Joseph","joseph crowley","D","NY","C001038","+","+","+","+",NA,NA,14,4,0,0,"NE",4000,14000,14275,11000,4785,24500,4750,10000,NA,NA
"Serrano","Jose","jose serrano,jose e serrano","D","NY","S000248","+","+","+","+","+",NA,15,5,0,0,"NE",NA,NA,NA,NA,NA,NA,NA,NA,NA,NA
"Engel","Eliot L.","eliot l engel","D","NY","E000179","+","+","+","+","+",NA,16,5,0,0,"NE",1000,2550,2000,5600,2000,13900,4000,11150,5070,500
"Lowey","Nita M.","nita m lowey","D","NY","L000480","+","+","+","+","+",NA,17,5,0,0,"NE",1250,2000,6850,500,13316,0,6903,500,2300,2000
"Maloney","Sean Patrick","sean patrick maloney","D","NY","M001185","+","+","+","+","+","+",18,6,0,0,"NE",4000,0,32650,7700,10156,11500,7520,1055,9103,71
"Gibson","Chris","chris gibson","R","NY",NA,"+","+",NA,NA,NA,NA,19,2,0,0,"NE",NA,NA,NA,NA,NA,NA,NA,NA,NA,NA
"Tonko","Paul D.","paul d tonko,paul tonko","D","NY","T000469","+","+","+","+","+","+",20,6,0,0,"NE",NA,NA,NA,NA,NA,NA,NA,NA,NA,NA
"Hanna","Richard","richard hanna,richard l hanna","R","NY","H001051","-","+",NA,NA,NA,NA,22,2,1,1,"NE",NA,NA,NA,NA,NA,NA,NA,NA,NA,NA
"Reed","Tom","tom reed","R","NY","R000585","-","-","-","-","-","+",23,6,1,1,"NE",1000,159171,10250,254705,35500,152950,40225,144375,16114,143261
"Slaughter","Louise","louise slaughter","D","NY",NA,"+","+","+",NA,NA,NA,25,3,0,0,"NE",NA,NA,NA,NA,NA,NA,NA,NA,NA,NA
"Higgins","Brian M.","brian m higgins,brian higgins","D","NY","H001038","+","+","+","+","+","+",26,6,0,0,"NE",NA,NA,NA,NA,NA,NA,NA,NA,NA,NA
"Collins","Chris","chris collins","R","NY","C001092","-","-","-","-","-",NA,27,5,0,0,"NE",500,42000,0,68600,0,85950,7500,74900,NA,NA
"Butterfield","G.K.","g k butterfield","D","NC","B001251","+","+","+","+","+","+",1,6,0,0,"SO",1000,15000,5000,20000,4500,18500,3763,11500,1500,18500
"Ellmers","Renee","renee ellmers,renee l ellmers","R","NC","E000291","-","-",NA,NA,NA,NA,2,2,0,0,"SO",NA,NA,NA,NA,NA,NA,NA,NA,NA,NA
"Jones","Jr.","jr jones","R","NC",NA,"-","-","-","-",NA,NA,3,4,0,0,"SO",NA,NA,NA,NA,NA,NA,NA,NA,NA,NA
"Price","David","david price,david e price","D","NC","P000523","+","+","+","+","+","+",4,6,0,0,"SO",NA,NA,NA,NA,NA,NA,NA,NA,NA,NA
"Foxx","Virginia","virginia foxx","R","NC","F000450","-","-","-","-","-","-",5,6,0,0,"SO",0,20000,0,36050,0,30750,0,111025,16,42276
"Hudson","Richard","richard hudson","R","NC","H001067","-","-","-","-","-","-",8,6,0,0,"SO",2200,59450,0,67250,0,109600,1000,98200,1001,188342
"Pittenger","Robert","robert pittenger","R","NC","P000606","-","-","-","-",NA,NA,9,4,0,0,"SO",0,34500,0,30000,0,32800,0,15400,NA,NA
"McHenry","Patrick T.","patrick t mchenry","R","NC","M001156","-","-","-","-","-","-",10,6,0,0,"SO",0,18000,0,40000,0,75750,20200,89000,13100,66610
"Meadows","Mark","mark meadows","R","NC","M001187","-","-","-","-","-",NA,11,5,0,0,"SO",0,27250,0,6000,0,12800,0,42225,0,8180
"Holding","George","george holding","R","NC","H001065","-","-","-","-","-",NA,13,5,0,0,"SO",0,15750,2600,14850,22700,61582,22800,74950,1000,31172
"Cramer","Kevin","kevin cramer","R","ND","C001096","-","-","-","-",NA,NA,NA,4,0,0,"MW",11750,264800,2000,332550,15000,295700,NA,NA,NA,NA
"Chabot","Steve","steve chabot","R","OH","C000266","-","-","-","-","-","-",1,6,0,0,"MW",0,22200,0,15600,750,3100,0,83375,310,43161
"Wenstrup","Brad R.","brad r wenstrup","R","OH","W000815","-","-","-","-","-","-",2,6,0,0,"MW",0,37500,0,27300,0,18800,0,37150,5604,36789
"Beatty","Joyce","joyce beatty","D","OH","B001281","+","+","+","+","+","+",3,6,0,0,"MW",0,3250,1500,4500,0,7050,0,1000,1000,8100
"Jordan","Jim","jim jordan","R","OH","J000289","-","-","-","-","-","-",4,6,0,0,"MW",0,38200,0,36400,0,19000,0,17000,1624,69086
"Latta","Bob","bob latta","R","OH",NA,"-","-","-","-","-","-",5,6,0,0,"MW",NA,NA,NA,NA,NA,NA,NA,NA,NA,NA
"Johnson","Bill","bill johnson","R","OH","J000292","-","-","-","-","-","-",6,6,0,0,"MW",0,325175,4500,468741,13500,232550,2500,293260,1029,195797
"Gibbs","Bob","bob gibbs","R","OH","G000563","-","-","-","-","-","-",7,6,0,0,"MW",1000,235750,0,122600,4500,46000,1500,77750,4,32758
"Kaptur","Marcy","marcy kaptur","D","OH","K000009","+","+","+","+","+","+",9,6,0,0,"MW",10350,250,9000,17500,4000,14500,1000,15500,14875,13000
"Turner","Michael R.","michael r turner","R","OH","T000463","-","-","-","-","-","-",10,6,0,0,"MW",0,5000,0,29000,0,31950,0,16200,4,33128
"Fudge","Marcia L.","marcia l fudge","D","OH","F000455","+","+","+","+","+",NA,11,5,0,0,"MW",2500,0,1000,16200,1000,400,1000,0,1000,0
"Tiberi","Pat","pat tiberi","R","OH",NA,"-","-",NA,NA,NA,NA,12,2,0,0,"MW",NA,NA,NA,NA,NA,NA,NA,NA,NA,NA
"Ryan","Tim","tim ryan","D","OH","R000577","+","+","+","+",NA,"+",13,5,0,0,"MW",250,25000,7700,55500,6400,19500,5835,32725,4871,44335
"Joyce","David P.","david p joyce","R","OH","J000295","-","-","-","-","-","-",14,6,0,0,"MW",0,73128,9500,116700,5200,85350,9400,106675,1004,118926
"Stivers","Steve","steve stivers","R","OH","S001187","-","-","-","-","-",NA,15,5,0,0,"MW",2000,105750,0,104000,0,100400,2000,200975,0,69155
"Renacci","Jim","jim renacci","R","OH",NA,"-","-","-","-",NA,NA,16,4,0,0,"MW",NA,NA,NA,NA,NA,NA,NA,NA,NA,NA
"Bridenstine","Jim","jim bridenstine","R","OK","B001283","-","-",NA,NA,NA,NA,1,2,0,0,"SO",NA,NA,NA,NA,NA,NA,NA,NA,NA,NA
"Mullin","Markwayne","markwayne mullin","R","OK","M001190","-","-","-","-","-","-",2,6,0,0,"SO",0,147500,0,172050,0,285650,1500,226750,3000,213640
"Lucas","Frank D.","frank d lucas","R","OK","L000491","-","-","-","-","-","-",3,6,0,0,"SO",7500,99500,1000,115450,3500,69050,5000,74600,1000,87650
"Cole","Tom","tom cole","R","OK","C001053","-","-","-","-","-","-",4,6,0,0,"SO",4500,134950,2000,139200,5000,175850,7493,155650,11600,179800
"Bonamici","Suzanne","suzanne bonamici","D","OR","B001278","+","+","+","+","+","+",1,6,0,0,"WE",13498,4500,9390,250,9358,10900,4451,5643,6005,5200
"Walden","Greg P.","greg p walden,greg walden","R","OR","W000791","-","-","-","-","-",NA,2,5,0,0,"WE",NA,NA,NA,NA,NA,NA,NA,NA,NA,NA
"Blumenauer","Earl","earl blumenauer","D","OR","B000574","+","+","+","+","+","+",3,6,0,0,"WE",27605,7000,20092,4500,27850,7550,21058,6807,24492,372
"DeFazio","Peter A.","peter a defazio","D","OR","D000191","+","+","+","+","+","+",4,6,0,0,"WE",0,7000,3640,8000,3112,5500,2415,17000,57804,3573
"Schrader","Kurt","kurt schrader","D","OR","S001180","+","+","+","+","+","+",5,6,0,0,"WE",4750,5000,1000,8750,5700,74500,1500,94000,2499,123500
"Brady","Robert A.","robert a brady","D","PA","B001227","+","+","+","+",NA,NA,1,4,0,0,"NE",0,8000,0,23525,0,28875,0,800,NA,NA
"Kelly","Mike","mike kelly","R","PA","K000376","-","-","-","-","-","-",3,6,0,0,"NE",0,122200,0,230150,0,175774,1500,171150,500,157075
"Perry","Scott","scott perry","R","PA","P000605","-","-","-","-","-","-",4,6,0,0,"NE",0,25500,0,39100,0,45500,0,52550,6500,33896
"Perry","Scott","scott perry","R","PA","P000605","-","-","-","-","-","-",4,6,0,0,"NE",NA,NA,NA,NA,0,11400,NA,NA,NA,NA
"Thompson","Glenn W.","glenn w thompson,glenn thompson","R","PA","T000467","-","-","-","-","-","-",5,6,0,0,"NE",NA,NA,NA,NA,NA,NA,NA,NA,NA,NA
"Meehan","Patrick","patrick meehan","R","PA","M001181","-","-","+",NA,NA,NA,7,3,1,1,"NE",0,62000,0,90000,7870,109500,5000,57250,NA,NA
"Fitzpatrick","Michael","michael fitzpatrick,michael g fitzpatrick","R","PA","F000451","-","-",NA,NA,NA,NA,8,2,0,0,"NE",NA,NA,NA,NA,NA,NA,NA,NA,NA,NA
"Shuster","Bill","bill shuster","R","PA","S001154",NA,"-","-",NA,NA,NA,9,2,0,0,"NE",0,197800,1000,424553,0,327662,1000,144762,NA,NA
"Marino","Tom","tom marino","R","PA","M001179","-","-","-","-",NA,NA,10,4,0,0,"NE",0,32750,0,43000,10000,27900,0,15400,0,-2000
"Barletta","Lou","lou barletta","R","PA","B001269","-","-","-","-",NA,NA,11,4,0,0,"NE",0,46950,0,40020,0,52700,NA,NA,NA,NA
"Rothfus","Keith J.","keith j rothfus","R","PA","R000598","-","-","-","-",NA,NA,12,4,0,0,"NE",0,128800,0,294794,0,159300,0,284736,NA,NA
"Doyle","Mike","mike doyle","D","PA",NA,"+","+","+","+","+","+",14,6,0,0,"NE",NA,NA,NA,NA,NA,NA,NA,NA,NA,NA
"Dent","Charlie","charlie dent","R","PA",NA,"-","-","-",NA,NA,NA,15,3,0,0,"NE",NA,NA,NA,NA,NA,NA,NA,NA,NA,NA
"Pitts","Joe","joe pitts","R","PA",NA,"-","-",NA,NA,NA,NA,16,2,0,0,"NE",NA,NA,NA,NA,NA,NA,NA,NA,NA,NA
"Cartwright","Matt A.","matt a cartwright,matt cartwright","D","PA","C001090","+","+","+","+","+","+",17,6,0,0,"NE",NA,NA,NA,NA,NA,NA,NA,NA,NA,NA
"Murphy","Tim","tim murphy","R","PA","M001151","-","-","-",NA,NA,NA,18,3,0,0,"NE",0,354741,0,241000,0,135400,0,1000,NA,NA
"Cicilline","David","david cicilline,david n cicilline","D","RI","C001084","+","+","+","+","+","+",1,6,0,0,"NE",NA,NA,NA,NA,NA,NA,NA,NA,NA,NA
"Langevin","Jim","jim langevin","D","RI",NA,"+","+","+","+","+","+",2,6,0,0,"NE",NA,NA,NA,NA,NA,NA,NA,NA,NA,NA
"Sanford","Mark","mark sanford","R","SC","S000051","-","-","+","+",NA,NA,1,4,1,1,"SO",NA,NA,4500,15350,0,8000,4200,17400,NA,NA
"Wilson","Joe","joe wilson","R","SC","W000795","-","-","-","-","-","-",2,6,0,0,"SO",0,9450,0,21000,2500,14000,2700,26300,25,30542
"Duncan","Jeff","jeff duncan","R","SC","D000615","-","-","-","-","-","-",3,6,0,0,"SO",3500,68400,5000,70160,5000,55250,2000,79850,6363,70103
"Gowdy","Trey","trey gowdy","R","SC","G000566","-","-","-","-",NA,NA,4,4,0,0,"SO",0,18500,0,25500,0,29700,0,15125,NA,NA
"Mulvaney","Mick","mick mulvaney","R","SC","M001182","-","-",NA,NA,NA,NA,5,2,0,0,"SO",0,18250,1000,25000,0,18500,NA,NA,NA,NA
"Clyburn","James E.","james e clyburn","D","SC","C000537","+","+",NA,"+","+","+",6,5,0,0,"SO",5500,16450,4250,12500,2750,16430,7250,25506,7475,83127
"Rice","Tom","tom rice","R","SC","R000597","-","-","-","-","-","-",7,6,0,0,"SO",0,9750,0,16000,0,15750,2000,30200,6100,12500
"Noem","Kristi","kristi noem,kristi l noem","R","SD","N000184",NA,"-","-","-",NA,NA,NA,3,0,0,"MW",NA,NA,NA,NA,NA,NA,NA,NA,NA,NA
"Roe","Phil","phil roe","R","TN",NA,"-","-","-","-","-",NA,1,5,0,0,"SO",NA,NA,NA,NA,NA,NA,NA,NA,NA,NA
"Duncan","Jr.","jr duncan","R","TN",NA,"-","-","-","-",NA,NA,2,4,0,0,"SO",NA,NA,NA,NA,NA,NA,NA,NA,NA,NA
"Fleischmann","Chuck","chuck fleischmann","R","TN",NA,"-","-","-","-","-","-",3,6,0,0,"SO",NA,NA,NA,NA,NA,NA,NA,NA,NA,NA
"DesJarlais","Scott","scott desjarlais","R","TN","D000616","-","-","-","-","-","-",4,6,0,0,"SO",0,10000,0,4250,0,10000,0,12400,0,5600
"Cooper","Jim","jim cooper","D","TN","C000754","+","+","+","+","+","+",5,6,0,0,"SO",500,7000,0,7200,2700,4500,1250,6500,4200,4000
"Black","Diane","diane black","R","TN","B001273","-","-","-",NA,NA,NA,6,3,0,0,"SO",500,74405,0,68625,2000,46250,2500,1250,NA,NA
"Blackburn","Marsha","marsha blackburn","R","TN","B001243","-","-","-",NA,NA,NA,7,3,0,0,"SO",0,120000,0,120100,0,100400,NA,NA,NA,NA
"Fincher","Stephen","stephen fincher","R","TN",NA,"-","-",NA,NA,NA,NA,8,2,0,0,"SO",NA,NA,NA,NA,NA,NA,NA,NA,NA,NA
"Cohen","Steve","steve cohen","D","TN","C001068","+","+","+","+","+","+",9,6,0,0,"SO",750,5250,5250,250,1000,0,4500,3000,4005,0
"Gohmert","Louie","louie gohmert","R","TX","G000552","-","-","-","-","-","-",1,6,0,0,"SO",NA,NA,NA,NA,NA,NA,NA,NA,NA,NA
"Poe","Ted","ted poe","R","TX","P000592","-",NA,NA,"-",NA,NA,2,2,0,0,"SO",0,96600,1000,115950,2700,82400,5000,6200,NA,NA
"Johnson","Sam","sam johnson","R","TX","J000174","-","-","-","-",NA,NA,3,4,0,0,"SO",0,47150,0,56500,1000,42750,NA,NA,NA,NA
"Hensarling","Jeb","jeb hensarling","R","TX","H001036","-","-","-","-",NA,NA,5,4,0,0,"SO",0,189900,0,121400,0,78900,0,10200,NA,NA
"Barton","Joe","joe barton","R","TX","B000213","-","-","-","-",NA,NA,6,4,0,0,"SO",0,226800,0,167600,0,263732,1000,65850,NA,NA
"Culberson","John A.","john a culberson","R","TX",NA,"-","-","-","-",NA,NA,7,4,0,0,"SO",NA,NA,NA,NA,NA,NA,NA,NA,NA,NA
"Brady","Kevin P.","kevin p brady,kevin brady","R","TX","B000755","-",NA,"-","-","-","-",8,5,0,0,"SO",NA,NA,NA,NA,NA,NA,NA,NA,NA,NA
"Green","Al","al green","D","TX","G000553","+","+","+","+","+","+",9,6,0,0,"SO",500,8400,0,14100,0,24200,1000,7656,65,-1552
"McCaul","Michael T.","michael t mccaul","R","TX","M001157","-","-","-","-","-","-",10,6,0,0,"SO",0,76300,0,106150,0,130250,1250,138900,1361,207307
"Conaway","K. Michael","k michael conaway","R","TX","C001062","-","-","-","-","-",NA,11,5,0,0,"SO",NA,NA,NA,NA,NA,NA,NA,NA,NA,NA
"Granger","Kay","kay granger","R","TX","G000377","-","-","-","-","-","-",12,6,0,0,"SO",0,87300,0,85850,1000,72350,1000,73400,8616,85974
"Thornberry","Mac","mac thornberry","R","TX","T000238","-","-","-","-","-",NA,13,5,0,0,"SO",0,85275,1750,101375,8000,81175,4000,49925,0,33500
"Weber","Randy K.","randy k weber","R","TX","W000814","-","-","-","-","-","-",14,6,0,0,"SO",250,67600,3600,112150,0,76000,0,118500,0,89803
"Hinojosa","Ruben","ruben hinojosa","D","TX","H000636","+","+",NA,NA,NA,NA,15,2,0,0,"SO",0,27250,0,15500,0,3500,0,-2000,NA,NA
"O'Rourke","Beto","beto o rourke","D","TX","O000170","+","+","+","+",NA,NA,16,4,0,0,"SO",0,6000,1000,19500,0,500,NA,NA,NA,NA
"Flores","Bill","bill flores","R","TX","F000461","-","-","-","-","-",NA,17,5,0,0,"SO",2500,258489,12400,245289,1000,244900,0,213600,250,61100
"Jackson Lee","Sheila","sheila jackson lee","D","TX","J000032","+","+","+","+","+","+",18,6,0,0,"SO",NA,NA,NA,NA,NA,NA,NA,NA,NA,NA
"Neugebauer","Randy","randy neugebauer","R","TX","N000182","-","-",NA,NA,NA,NA,19,2,0,0,"SO",0,103750,2500,98500,0,2700,NA,NA,NA,NA
"Castro","Joaquin","joaquin castro","D","TX","C001091","+","+","+","+","+","+",20,6,0,0,"SO",5750,66550,6900,46250,2000,28100,5200,12890,563,828
"Smith","Lamar S.","lamar s smith,lamar smith","R","TX","S000583","-","-","-","-",NA,NA,21,4,0,0,"SO",NA,NA,NA,NA,NA,NA,NA,NA,NA,NA
"Olson","Pete","pete olson","R","TX","O000168","-","-","-","-","-",NA,22,5,0,0,"SO",1000,215700,0,288100,7700,274000,0,256828,1000,61472
"Marchant","Kenny E.","kenny e marchant,kenny marchant","R","TX","M001158","-","-","-","-","-",NA,24,5,0,0,"SO",NA,NA,NA,NA,NA,NA,NA,NA,NA,NA
"Williams","Roger","roger williams","R","TX","W000816","-","-","-","-","-","-",25,6,0,0,"SO",0,370483,0,224200,0,136250,0,100850,10,165545
"Burgess","Michael C.","michael c burgess","R","TX","B001248","-","-","-","-","-","-",26,6,0,0,"SO",0,78500,0,67956,0,43100,5200,39250,3800,87375
"Farenthold","Blake","blake farenthold","R","TX","F000460","-","-","-",NA,NA,NA,27,3,0,0,"SO",0,129785,6600,123325,0,91950,0,36100,NA,NA
"Cuellar","Henry","henry cuellar","D","TX","C001063","-","-","-","-","+","+",28,6,1,1,"SO",0,109625,0,159758,0,191252,500,200419,0,273710
"Green","Gene","gene green","D","TX","G000410","-","+","+","+",NA,NA,29,4,1,1,"SO",0,113900,0,127450,0,149200,0,35000,NA,NA
"Johnson","Eddie Bernice","eddie bernice johnson","D","TX","J000126","+","+","+","+","+","+",30,6,0,0,"SO",1500,11000,2000,12070,2500,4000,2000,3756,3800,23200
"Carter","John R.","john r carter","R","TX","C001051","-","-","-","-","-","-",31,6,0,0,"SO",0,70750,0,55600,0,16700,5400,68850,39,72559
"Sessions","Pete","pete sessions","R","TX","S000250","-","-","-","-",NA,"-",32,5,0,0,"SO",0,176300,0,179750,0,168150,0,302575,0,26450
"Veasey","Marc A.","marc a veasey","D","TX","V000131","+","-","+","+","+","+",33,6,2,1,"SO",4450,63350,4000,58400,1500,73800,1000,67006,600,170549
"Vela","Filemon","filemon vela","D","TX","V000132","-","+","+","+","+","+",34,6,1,1,"SO",500,13550,1000,31600,1000,42000,2000,43006,0,74200
"Doggett","Lloyd A.","lloyd a doggett,lloyd doggett","D","TX","D000399","+","+","+","+","+","+",35,6,0,0,"SO",NA,NA,NA,NA,NA,NA,NA,NA,NA,NA
"Bishop","Rob","rob bishop","R","UT","B001250","-","-","-","-","-",NA,1,5,0,0,"WE",0,85500,9349,146850,16750,214016,5700,176938,NA,NA
"Stewart","Chris","chris stewart","R","UT","S001192","-","-","-","-","-","-",2,6,0,0,"WE",0,57250,7800,86100,0,131612,0,97050,0,34032
"Chaffetz","Jason","jason chaffetz","R","UT","C001076","-","-",NA,NA,NA,NA,3,2,0,0,"WE",0,43000,0,54600,0,65700,0,1000,NA,NA
"Welch","Peter F.","peter f welch,peter welch","D","VT","W000800","+","+","+","+","+","+",NA,6,0,0,"NE",NA,NA,NA,NA,NA,NA,NA,NA,NA,NA
"Wittman","Rob","rob wittman","R","VA",NA,"-","-","-","-","-","-",1,6,0,0,"SO",NA,NA,NA,NA,NA,NA,NA,NA,NA,NA
"Rigell","Scott","scott rigell,e scott rigell","R","VA","R000589","-","-",NA,NA,NA,NA,2,2,0,0,"SO",NA,NA,NA,NA,NA,NA,NA,NA,NA,NA
"Scott","Robert C.","robert c scott","D","VA",NA,"+","+","+","+","+","+",3,6,0,0,"SO",NA,NA,NA,NA,NA,NA,NA,NA,NA,NA
"Forbes","J. Randy","j randy forbes","R","VA","F000445","-","-",NA,NA,NA,NA,4,2,0,0,"SO",0,4300,0,17700,0,4950,NA,NA,NA,NA
"Goodlatte","Bob","bob goodlatte","R","VA","G000289","-","-","-","-",NA,NA,6,4,0,0,"SO",0,20250,0,49500,0,45400,0,8500,NA,NA
"Griffith","Morgan","morgan griffith,h morgan griffith","R","VA","G000568","-","-","-","-","-","-",9,6,0,0,"SO",NA,NA,NA,NA,NA,NA,NA,NA,NA,NA
"Connolly","Gerald E.","gerald e connolly","D","VA","C001078","+","+","+","+","+","+",11,6,0,0,"SO",NA,NA,NA,NA,NA,NA,NA,NA,NA,NA
"DelBene","Suzan K.","suzan k delbene","D","WA","D000617","+","+","+","+","+","+",1,6,0,0,"WE",27031,2000,48551,10000,33957,10000,23351,14011,16030,2805
"Larsen","Rick","rick larsen","D","WA","L000560","+","+","+","+","+","+",2,6,0,0,"WE",4800,77000,0,40500,3000,48500,1515,36751,1140,44301
"Herrera-Beutler","Jaime","jaime herrera beutler","R","WA","H001056",NA,"-","-","-",NA,"-",3,4,0,0,"WE",6000,37600,5416,26350,0,19315,250,42100,386,65024
"McMorris Rodgers","Cathy","cathy mcmorris rodgers","R","WA","M001159","-","-","-","-","-","-",5,6,0,0,"WE",1750,74575,1000,127350,4250,140250,5820,190254,16,195216
"Kilmer","Derek","derek kilmer","D","WA","K000381","+","+","+","+","+","+",6,6,0,0,"WE",30185,2000,47817,7500,38329,5950,25613,12375,8301,4265
"McDermott","Jim","jim mcdermott","D","WA","M000404","+","+",NA,NA,NA,NA,7,2,0,0,"WE",6350,2500,7750,0,NA,NA,NA,NA,NA,NA
"McDermott","Jim","jim mcdermott","D","WA","M000404","+","+",NA,NA,NA,NA,7,2,0,0,"WE",NA,NA,NA,NA,2950,500,NA,NA,NA,NA
"Reichert","Dave","dave reichert","R","WA",NA,"-","-","+","+",NA,NA,8,4,1,1,"WE",NA,NA,NA,NA,NA,NA,NA,NA,NA,NA
"Smith","Adam","adam smith","D","WA","S000510","+","+","+","+","+","+",9,6,0,0,"WE",4750,0,3500,1500,NA,NA,6200,0,9075,1000
"Heck","Denny","denny heck","D","WA","H001064","+","+","+","+","+",NA,10,5,0,0,"WE",23450,0,16250,3200,11250,1000,7500,4000,2000,0
"McKinley","David","david mckinley,david b mckinley","R","WV","M001180","-","-","-","-","-","-",1,6,0,0,"SO",NA,NA,NA,NA,NA,NA,NA,NA,NA,NA
"Pocan","Mark","mark pocan","D","WI","P000607","+","+","+","+","+","+",2,6,0,0,"MW",2250,2250,3000,8350,6600,6000,6403,3023,12350,1343
"Kind","Ron","ron kind","D","WI","K000188","+","+","+","+","+","+",3,6,0,0,"MW",26159,15200,16500,6500,6775,8500,14175,10500,6391,20432
"Moore","Gwen","gwen moore","D","WI","M001160","+","+","+","+","+","+",4,6,0,0,"MW",NA,NA,1000,0,2000,0,2000,0,1575,50
"Sensenbrenner","James F.","james f sensenbrenner","R","WI",NA,"-","-","-","-","-",NA,5,5,0,0,"MW",NA,NA,NA,NA,NA,NA,NA,NA,NA,NA
"Duffy","Sean","sean duffy,sean p duffy","R","WI","D000614","-","-","-","-","-",NA,7,5,0,0,"MW",NA,NA,NA,NA,NA,NA,NA,NA,NA,NA
"Ribble","Reid","reid ribble,reid j ribble","R","WI","R000587","-","-",NA,NA,NA,NA,8,2,0,0,"MW",NA,NA,NA,NA,NA,NA,NA,NA,NA,NA
"Byrne","Bradley","bradley byrne","R","AL","B001289",NA,"-","-","-","-",NA,1,4,0,0,"SO",NA,NA,1000,80250,0,58750,2700,22200,NA,NA
"Palmer","Gary","gary palmer,gary j palmer","R","AL","P000609",NA,"-","-","-","-","-",6,5,0,0,"SO",NA,NA,NA,NA,NA,NA,NA,NA,NA,NA
"McSally","Martha","martha mcsally","R","AZ","M001197",NA,"-","-","-",NA,NA,2,3,0,0,"WE",0,39750,900,63900,1325,91986,NA,NA,NA,NA
"Gallego","Ruben","ruben gallego","D","AZ","G000574",NA,"+","+","+","+","+",7,5,0,0,"WE",NA,NA,6641,0,21191,4500,16210,3503,22930,3830
"Hill","French","french hill,j french hill","R","AR","H001072",NA,"-","-","-","-","-",2,5,0,0,"SO",NA,NA,NA,NA,NA,NA,NA,NA,NA,NA
"Westerman","Bruce","bruce westerman","R","AR","W000821",NA,"-","-","-","-","-",4,5,0,0,"SO",NA,NA,0,75550,2250,47200,250,80400,250,84900
"DeSaulnier","Mark","mark desaulnier","D","CA","D000623",NA,"+","+","+","+","+",11,5,0,0,"WE",NA,NA,5140,8000,3750,8000,2150,7175,4100,6700
"Knight","Steve","steve knight","R","CA",NA,NA,"-","+","-",NA,NA,25,3,2,1,"WE",NA,NA,NA,NA,NA,NA,NA,NA,NA,NA
"Aguilar","Pete","pete aguilar","D","CA","A000371",NA,"+","+",NA,"+","+",31,4,0,0,"WE",NA,NA,43811,500,31601,2203,9603,5629,2126,10726
"Lieu","Ted","ted lieu","D","CA","L000582",NA,"+","+","+","+","+",33,5,0,0,"WE",NA,NA,14450,11000,7950,0,11625,550,4173,2803
"Torres","Norma","norma torres,norma j torres","D","CA","T000474",NA,"+","+","+","+","+",35,5,0,0,"WE",NA,NA,NA,NA,NA,NA,NA,NA,NA,NA
"Walters","Mimi","mimi walters","R","CA","W000820",NA,"-","-","-",NA,NA,45,3,0,0,"WE",NA,NA,0,81050,4700,68350,2000,171550,0,-2000
"Buck","Ken","ken buck","R","CO","B001297",NA,"-","-","-","-","-",4,5,0,0,"WE",NA,NA,500,149400,2500,79050,1000,53700,0,32500
"Curbelo","Carlos","carlos curbelo","R","FL","C001107",NA,"+",NA,"+",NA,NA,26,2,0,0,"SO",NA,NA,500,17500,15450,59400,24792,133561,0,5400
"Carter","Buddy","buddy carter","R","GA",NA,NA,"-","-","-","-",NA,1,4,0,0,"SO",NA,NA,NA,NA,NA,NA,NA,NA,NA,NA
"Hice","Jody","jody hice,jody b hice","R","GA","H001071",NA,"-","-","-","-","-",10,5,0,0,"SO",NA,NA,NA,NA,NA,NA,NA,NA,NA,NA
"Loudermilk","Barry","barry loudermilk","R","GA","L000583",NA,"-",NA,"-","-","-",11,4,0,0,"SO",NA,NA,0,10000,0,16250,0,25500,0,23605
"Allen","Rick","rick allen,rick w allen","R","GA","A000372",NA,"-","-","-","-","-",12,5,0,0,"SO",NA,NA,NA,NA,NA,NA,NA,NA,NA,NA
"Bost","Mike","mike bost","R","IL","B001295",NA,"-","-","-","-","-",12,5,0,0,"MW",NA,NA,0,64100,1000,93200,18000,183314,6500,115230
"LaHood","Darin","darin lahood","R","IL","L000585",NA,"-","-","-","-","-",18,5,0,0,"MW",NA,NA,NA,NA,31600,82850,33600,83900,33100,83400
"Blum","Rod","rod blum","R","IA","B001294",NA,"-","-","-",NA,NA,1,3,0,0,"MW",NA,NA,6250,6450,14050,22800,18500,90628,0,-2500
"Young","David","david young","R","IA","Y000066",NA,"-","-","-",NA,NA,3,3,0,0,"MW",NA,NA,10100,27750,22750,27500,54750,66699,7475,43987
"Abraham","Ralph","ralph abraham","R","LA",NA,NA,"-","-","-","-",NA,5,4,0,0,"SO",NA,NA,NA,NA,NA,NA,NA,NA,NA,NA
"Graves","Garret","garret graves","R","LA","G000577",NA,"-","-","-","-",NA,6,4,0,0,"SO",NA,NA,28000,136285,23050,211749,5700,268602,2000,244960
"Poliquin","Bruce","bruce poliquin","R","ME","P000611",NA,"-","-","-",NA,NA,2,3,0,0,"NE",NA,NA,3000,33850,500,58000,3793,98620,0,-1000
"Clark","Katherine M.","katherine m clark","D","MA","C001101",NA,"+","+","+","+","+",5,5,0,0,"NE",NA,NA,7525,28100,10875,8503,6913,8206,7350,3306
"Moulton","Seth","seth moulton","D","MA","M001196",NA,"+","+","+","+","+",6,5,0,0,"NE",NA,NA,22050,10150,14100,6500,1300,8100,3986,962
"Moolenaar","John","john moolenaar,john r moolenaar","R","MI","M001194",NA,"-","-","-","-","-",4,5,0,0,"MW",NA,NA,NA,NA,NA,NA,NA,NA,NA,NA
"Bishop","Mike","mike bishop","R","MI","B001293",NA,"-","-","-",NA,NA,8,3,0,0,"MW",NA,NA,0,25900,0,21400,0,145106,NA,NA
"Trott","Dave","dave trott","R","MI",NA,NA,"-","-","-",NA,NA,11,3,0,0,"MW",NA,NA,NA,NA,NA,NA,NA,NA,NA,NA
"Dingell","Debbie","debbie dingell","D","MI","D000624",NA,"+","+","+","+","+",12,5,0,0,"MW",NA,NA,11076,23500,5277,18200,6153,9000,9962,13764
"Lawrence","Brenda","brenda lawrence,brenda l lawrence","D","MI","L000581",NA,"+","+","+","+","+",14,5,0,0,"MW",NA,NA,NA,NA,NA,NA,NA,NA,NA,NA
"Emmer","Tom","tom emmer","R","MN","E000294",NA,"-","-","-",NA,"-",6,4,0,0,"MW",NA,NA,0,42400,8000,12250,27493,32500,28735,56719
"Kelly","Trent","trent kelly","R","MS","K000388",NA,"-","-","-","-","-",1,5,0,0,"SO",NA,NA,NA,NA,0,35850,0,30787,0,29915
"Norcross","Donald W.","donald w norcross,donald norcross","D","NJ","N000188",NA,"+","+","+","+",NA,1,4,0,0,"NE",NA,NA,NA,NA,NA,NA,NA,NA,NA,NA
"MacArthur","Tom","tom macarthur","R","NJ",NA,NA,"-","-","-",NA,NA,3,3,0,0,"NE",NA,NA,NA,NA,NA,NA,NA,NA,NA,NA
"Watson Coleman","Bonnie","bonnie watson coleman","D","NJ","W000822",NA,"+",NA,"+","+","+",12,4,0,0,"NE",NA,NA,10740,1000,2500,1000,5504,2,4350,10
"Zeldin","Lee","lee zeldin,lee m zeldin","R","NY","Z000017",NA,"-","-","-","-","-",1,5,0,0,"NE",NA,NA,NA,NA,NA,NA,NA,NA,NA,NA
"Rice","Kathleen","kathleen rice,kathleen m rice","D","NY","R000602",NA,"+","+",NA,"+","+",4,4,0,0,"NE",NA,NA,NA,NA,NA,NA,NA,NA,NA,NA
"Donovan","Daniel M.","daniel m donovan","R","NY","D000625",NA,"-","-","-",NA,NA,11,3,0,0,"NE",NA,NA,NA,NA,NA,NA,NA,NA,NA,NA
"Stefanik","Elise","elise stefanik,elise m stefanik","R","NY","S001196",NA,"+","+","+","+","-",21,5,1,1,"NE",NA,NA,NA,NA,NA,NA,NA,NA,NA,NA
"Katko","John","john katko","R","NY","K000386",NA,"+","+","+","+","+",24,5,0,0,"NE",NA,NA,0,15450,1250,73950,0,141142,1769,123730
"Walker","Bradley Mark","bradley mark walker","R","NC",NA,NA,"-","-","-","-",NA,6,4,0,0,"SO",NA,NA,NA,NA,NA,NA,NA,NA,NA,NA
"Rouzer","David","david rouzer","R","NC","R000603",NA,"-","-","-","-","-",7,5,0,0,"SO",1700,29650,0,30600,0,25740,3500,38000,0,48267
"Adams","Alma","alma adams,alma s adams","D","NC","A000370",NA,"+","+","+","+","+",12,5,0,0,"SO",NA,NA,NA,NA,NA,NA,NA,NA,NA,NA
"Davidson","Warren","warren davidson","R","OH","D000626",NA,"-","-","-","-","-",8,5,0,0,"MW",NA,NA,NA,NA,100,6443,0,10500,4,15516
"Russell","Steve","steve russell","R","OK","R000604",NA,"-","-","-",NA,NA,5,3,0,0,"SO",NA,NA,0,96250,0,105150,0,96750,0,-2500
"Costello","Ryan","ryan costello,ryan a costello","R","PA","C001106",NA,"-","+","+",NA,NA,6,3,1,1,"NE",NA,NA,NA,NA,NA,NA,NA,NA,NA,NA
"Boyle","Brendan","brendan boyle,brendan f boyle","D","PA","B001296",NA,"+","+","+","+","+",13,5,0,0,"NE",NA,NA,NA,NA,NA,NA,NA,NA,NA,NA
"Ratcliffe","John","john ratcliffe","R","TX","R000601",NA,"-","-","-","-",NA,4,4,0,0,"SO",NA,NA,0,49950,0,46450,0,71000,0,22050
"Hurd","Will","will hurd","R","TX","H001073",NA,"-","-","-","-",NA,23,4,0,0,"SO",NA,NA,250,118473,2950,362489,3400,530194,250,90596
"Babin","Brian","brian babin","R","TX","B001291",NA,"-","-","-","-","-",36,5,0,0,"SO",NA,NA,0,43550,1000,66050,0,98157,0,79115
"Love","Mia","mia love,mia b love","R","UT","L000584",NA,"-","-","-",NA,NA,4,3,0,0,"WE",NA,NA,NA,NA,NA,NA,NA,NA,NA,NA
"Brat","David Alan","david alan brat","R","VA",NA,NA,"-","-","-",NA,NA,7,3,0,0,"SO",NA,NA,NA,NA,NA,NA,NA,NA,NA,NA
"Beyer","Donald","donald beyer,donald s beyer","D","VA","B001292",NA,"+","+","+","+","+",8,5,0,0,"SO",NA,NA,NA,NA,NA,NA,NA,NA,NA,NA
"Comstock","Barbara","barbara comstock","R","VA","C001105",NA,"-","-","-",NA,NA,10,3,0,0,"SO",NA,NA,500,99050,0,108875,0,139353,0,5400
"Newhouse","Dan","dan newhouse","R","WA","N000189",NA,"-","-","-","-","-",4,5,0,0,"WE",NA,NA,2250,8600,250,47550,0,22500,0,8010
"Mooney","Alex","alex mooney","R","WV",NA,NA,"-","-","-","-","-",2,5,0,0,"SO",NA,NA,NA,NA,NA,NA,NA,NA,NA,NA
"Jenkins","Evan","evan jenkins,evan h jenkins","R","WV","J000297",NA,"-","-","-",NA,NA,3,3,0,0,"SO",NA,NA,NA,NA,NA,NA,NA,NA,NA,NA
"Grothman","Glenn","glenn grothman","R","WI","G000576",NA,"-","-","-","-","-",6,5,0,0,"MW",NA,NA,0,8500,500,22150,1000,34950,50,36376
"O'Halleran","Tom","tom o halleran","D","AZ","O000171",NA,NA,"+","+","+","+",1,4,0,0,"WE",NA,NA,NA,NA,250,250,9820,12750,41491,51446
"Biggs","Andy","andy biggs","R","AZ","B001302",NA,NA,"-","-","-","-",5,4,0,0,"WE",NA,NA,NA,NA,0,14000,0,27500,2800,47903
"Khanna","Ro","ro khanna","D","CA","K000389",NA,NA,"+","+","+","+",17,4,0,0,"WE",6000,7000,1750,4200,6400,2700,5641,11311,21183,8698
"Panetta","Jimmy","jimmy panetta","D","CA","P000613",NA,NA,"+","+","+","+",20,4,0,0,"WE",NA,NA,NA,NA,17100,500,7400,30500,5325,4000
"Carbajal","Salud","salud carbajal,salud o carbajal","D","CA","C001112",NA,NA,"+","+","+","+",24,4,0,0,"WE",NA,NA,NA,NA,NA,NA,NA,NA,NA,NA
"Gomez","Jimmy","jimmy gomez","D","CA","G000585",NA,NA,"+","+","+","+",34,4,0,0,"WE",NA,NA,NA,NA,2000,3000,21009,6500,21208,1508
"Barragán","Nanette","nanette barrag n","D","CA",NA,NA,NA,"+","+","+","+",44,4,0,0,"WE",NA,NA,NA,NA,NA,NA,NA,NA,NA,NA
"Correa","J.","j correa","D","CA",NA,NA,NA,"+","+","+","+",46,4,0,0,"WE",NA,NA,NA,NA,NA,NA,NA,NA,NA,NA
"Blunt Rochester","Lisa","lisa blunt rochester","D","DE","B001303",NA,NA,"+","+","+","+",NA,4,0,0,"SO",NA,NA,NA,NA,8920,12,6223,10054,19220,12843
"Gaetz","Matt","matt gaetz","R","FL","G000578",NA,NA,"-",NA,"-","+",1,3,1,1,"SO",NA,NA,NA,NA,0,6000,0,6200,0,10610
"Dunn","Neal","neal dunn,neal p dunn","R","FL","D000628",NA,NA,"-","-","-","-",2,4,0,0,"SO",NA,NA,NA,NA,NA,NA,NA,NA,NA,NA
"Rutherford","John","john rutherford,john h rutherford","R","FL","R000609",NA,NA,"-","-","-","-",4,4,0,0,"SO",NA,NA,NA,NA,NA,NA,NA,NA,NA,NA
"Lawson","Al","al lawson","D","FL","L000586",NA,NA,NA,"+","+","+",5,3,0,0,"SO",10250,500,NA,NA,1012,0,1000,0,75,0
"Murphy","Stephanie","stephanie murphy,stephanie n murphy","D","FL","M001202",NA,NA,"+","+","+","+",7,4,0,0,"SO",NA,NA,NA,NA,NA,NA,NA,NA,NA,NA
"Soto","Darren","darren soto","D","FL","S001200",NA,NA,"+","+","+","+",9,4,0,0,"SO",NA,NA,NA,NA,8448,0,6620,2100,4125,4500
"Demings","Val","val demings","D","FL",NA,NA,NA,"+","+","+","+",10,4,0,0,"SO",NA,NA,NA,NA,NA,NA,NA,NA,NA,NA
"Crist","Charlie","charlie crist","D","FL","C001111",NA,NA,"+","+","+","+",13,4,0,0,"SO",NA,NA,NA,NA,25203,13500,16881,28505,23928,20125
"Mast","Brian","brian mast,brian j mast","R","FL","M001199",NA,NA,"+","+","+","+",18,4,0,0,"SO",NA,NA,NA,NA,NA,NA,NA,NA,NA,NA
"Rooney","Francis","francis rooney","R","FL","R000607",NA,NA,NA,"+","+",NA,19,2,0,0,"SO",NA,NA,NA,NA,0,21600,0,2700,NA,NA
"Ferguson","A. Drew","a drew ferguson","R","GA","F000465",NA,NA,"-","-","-","-",3,4,0,0,"SO",NA,NA,NA,NA,0,14250,0,20700,0,91175
"Handel","Karen","karen handel,karen c handel","R","GA","H001078",NA,NA,"-","-",NA,NA,6,2,0,0,"SO",NA,NA,NA,NA,NA,NA,NA,NA,NA,NA
"Krishnamoorthi","Raja","raja krishnamoorthi","D","IL","K000391",NA,NA,"+","+","+","+",8,4,0,0,"MW",1350,14500,NA,NA,31415,15475,16508,23175,17669,27174
"Banks","Jim","jim banks","R","IN","B001299",NA,NA,"-","-","-","-",3,4,0,0,"MW",NA,NA,NA,NA,57650,30535,0,16000,530,24005
"Hollingsworth","Trey","trey hollingsworth","R","IN","H001074",NA,NA,"-","-","-","-",9,4,0,0,"MW",NA,NA,NA,NA,0,19500,17000,51450,10000,26000
"Marshall","Roger","roger marshall","R","KS","M001198",NA,NA,"-","-","-",NA,1,3,0,0,"MW",NA,NA,NA,NA,25000,29000,48693,26082,NA,NA
"Estes","Ron","ron estes","R","KS","E000298",NA,NA,"-","-","-","-",4,4,0,0,"MW",NA,NA,NA,NA,NA,NA,41700,135675,42850,104924
"Comer","James","james comer","R","KY","C001108",NA,NA,"-","-","-","-",1,4,0,0,"SO",NA,NA,NA,NA,0,57852,11000,17250,0,26500
"Higgins","Clay","clay higgins","R","LA","H001077",NA,NA,"-","-","-","-",3,4,0,0,"SO",NA,NA,NA,NA,0,7750,0,87800,0,50489
"Johnson","Mike","mike johnson","R","LA","J000299",NA,NA,"-","-","-",NA,4,3,0,0,"SO",NA,NA,NA,NA,8100,68300,0,105150,0,90525
"Brown","Anthony","anthony brown,anthony g brown","D","MD","B001304",NA,NA,"+","+","+","+",4,4,0,0,"MD",NA,NA,NA,NA,NA,NA,NA,NA,NA,NA
"Raskin","Jamie","jamie raskin","D","MD","R000606",NA,NA,"+","+","+","+",8,4,0,0,"MD",NA,NA,NA,NA,25784,0,5665,0,13936,3
"Bergman","Jack","jack bergman","R","MI","B001301",NA,NA,"-","-","-","-",1,4,0,0,"MW",NA,NA,NA,NA,NA,NA,NA,NA,NA,NA
"Mitchell","Paul","paul mitchell","R","MI",NA,NA,NA,"-","-","-",NA,10,3,0,0,"MW",NA,NA,NA,NA,NA,NA,NA,NA,NA,NA
"Lewis","Jason","jason lewis","R","MN","L000587",NA,NA,"-","-",NA,NA,2,2,0,0,"MW",NA,NA,NA,NA,0,14900,2700,112327,NA,NA
"Gianforte","Greg","greg gianforte","R","MT","G000584",NA,NA,"-","-","-",NA,NA,3,0,0,"WE",NA,NA,NA,NA,NA,NA,350,283590,0,45033
"Bacon","Don","don bacon","R","NE","B001298",NA,NA,"-","-","-","-",2,4,0,0,"MW",NA,NA,NA,NA,NA,NA,NA,NA,NA,NA
"Rosen","Jacky","jacky rosen","D","NV","R000608",NA,NA,"+","+",NA,NA,3,2,0,0,"WE",NA,NA,NA,NA,38803,9600,NA,NA,NA,NA
"Kihuen","Ruben","ruben kihuen,ruben j kihuen","D","NV","K000390",NA,NA,"+","+",NA,NA,4,2,0,0,"WE",NA,NA,NA,NA,NA,NA,NA,NA,NA,NA
"Gottheimer","Josh","josh gottheimer","D","NJ","G000583",NA,NA,"+","+","+","+",5,4,0,0,"NE",NA,NA,NA,NA,46913,35703,52793,50855,39165,67657
"Suozzi","Thomas","thomas suozzi,thomas r suozzi","D","NY","S001201",NA,NA,"+","+","+","+",3,4,0,0,"NE",NA,NA,NA,NA,NA,NA,NA,NA,NA,NA
"Espaillat","Adriano","adriano espaillat","D","NY","E000297",NA,NA,"+","+","+","+",13,4,0,0,"NE",NA,NA,NA,NA,1022,500,4500,0,530,500
"Faso","John","john faso,john j faso","R","NY","F000464",NA,NA,"+","+",NA,NA,19,2,0,0,"NE",NA,NA,NA,NA,NA,NA,NA,NA,NA,NA
"Tenney","Claudia","claudia tenney","R","NY","T000478",NA,NA,"-","-",NA,"-",22,3,0,0,"NE",NA,NA,NA,NA,0,18950,0,141442,271,90384
"Budd","Ted","ted budd","R","NC","B001305",NA,NA,"-","-","-","-",13,4,0,0,"SO",NA,NA,NA,NA,NA,NA,0,39700,0,47470
"Evans","Dwight","dwight evans","D","PA","E000296",NA,NA,"+","+","+","+",2,4,0,0,"NE",NA,NA,NA,NA,8150,5400,5958,1100,5280,245
"Fitzpatrick","Brian","brian fitzpatrick,brian k fitzpatrick","R","PA","F000466",NA,NA,"+","+","+","+",8,4,0,0,"NE",NA,NA,NA,NA,NA,NA,NA,NA,NA,NA
"Smucker","Lloyd","lloyd smucker","R","PA","S001199",NA,NA,"-","-","-","-",16,4,0,0,"NE",NA,NA,NA,NA,0,22000,1000,99523,0,64035
"Norman","Ralph","ralph norman","R","SC","N000190",NA,NA,"-","-","-","-",5,4,0,0,"SO",NA,NA,NA,NA,NA,NA,1000,27400,6300,15828
"Kustoff","David","david kustoff","R","TN","K000392",NA,NA,"-","-","-","-",8,4,0,0,"SO",NA,NA,NA,NA,0,14100,1000,25000,0,21800
"Gonzalez","Vicente","vicente gonzalez","D","TX","G000581",NA,NA,"-","+","+","+",15,4,1,1,"SO",NA,NA,NA,NA,2500,1000,1000,60762,125,178000
"Arrington","Jodey","jodey arrington,jodey c arrington","R","TX","A000375",NA,NA,"-","-","-","-",19,4,0,0,"SO",NA,NA,NA,NA,NA,NA,NA,NA,NA,NA
"Taylor","Scott","scott taylor","R","VA","T000477",NA,NA,"-","-",NA,NA,2,2,0,0,"SO",NA,NA,NA,NA,0,12500,300,111821,3001,58990
"McEachin","A. Donald","a donald mceachin","D","VA","M001200",NA,NA,NA,"+","+","+",4,3,0,0,"SO",NA,NA,NA,NA,16505,6000,29605,7050,36075,31500
"Jayapal","Pramila","pramila jayapal","D","WA","J000298",NA,NA,"+","+","+","+",7,4,0,0,"WE",NA,NA,NA,NA,12650,3728,17746,2821,20799,498
"Gallagher","Mike","mike gallagher","R","WI","G000579",NA,NA,"-","-","-","-",8,4,0,0,"MW",NA,NA,NA,NA,1000,38900,0,58450,50,59375
"Cheney","Liz","liz cheney","R","WY","C001109",NA,NA,"-","-","-","-",NA,4,0,0,"WE",NA,NA,NA,NA,0,148275,0,137200,2016,245359
"Cloud","Michael","michael cloud","R","OH",NA,NA,NA,NA,"-","-","-",10,3,0,0,"MW",NA,NA,NA,NA,NA,NA,NA,NA,NA,NA
"Lesko","Debbie","debbie lesko","R","OH",NA,NA,NA,NA,"-","-","-",10,3,0,0,"MW",NA,NA,NA,NA,NA,NA,NA,NA,NA,NA
"Lamb","Conor","conor lamb","D","PA","L000588",NA,NA,NA,"+","+","+",18,3,0,0,"NE",NA,NA,NA,NA,NA,NA,12350,42023,25733,46236
"Curtis","John","john curtis,john r curtis","R","UT","C001114",NA,NA,NA,"-","-","-",3,3,0,0,"WE",NA,NA,NA,NA,NA,NA,NA,NA,NA,NA
"Stanton","Greg","greg stanton","D","AZ","S001211",NA,NA,NA,NA,"+","+",9,2,0,0,"WE",NA,NA,NA,NA,NA,NA,8688,10506,3150,42689
"Harder","Josh","josh harder","D","CA","H001090",NA,NA,NA,NA,"+","+",10,2,0,0,"WE",NA,NA,NA,NA,NA,NA,42929,4145,58185,6817
"Porter","Katie","katie porter","D","CA","P000618",NA,NA,NA,NA,"+","+",45,2,0,0,"WE",NA,NA,NA,NA,NA,NA,45359,2878,55858,13123
"Levin","Mike","mike levin","D","CA","L000593",NA,NA,NA,NA,"+","+",49,2,0,0,"WE",NA,NA,NA,NA,NA,NA,60837,14420,59930,1569
"Neguse","Joe","joe neguse","D","CO","N000191",NA,NA,NA,NA,"+","+",2,2,0,0,"WE",NA,NA,NA,NA,NA,NA,NA,NA,NA,NA
"Crow","Jason","jason crow","D","CO","C001121",NA,NA,NA,NA,"+","+",6,2,0,0,"WE",NA,NA,NA,NA,NA,NA,71565,13379,60781,18857
"Hayes","Jahana","jahana hayes","D","CT","H001081",NA,NA,NA,NA,"+","+",5,2,0,0,"NE",NA,NA,NA,NA,NA,NA,2861,523,17516,576
"Waltz","Michael","michael waltz","R","FL","W000823",NA,NA,NA,NA,"+","-",6,2,1,1,"SO",NA,NA,NA,NA,NA,NA,2700,17825,1100,29075
"Steube","Greg","greg steube","R","FL",NA,NA,NA,NA,NA,"-","-",17,2,0,0,"SO",NA,NA,NA,NA,NA,NA,NA,NA,NA,NA
"McBath","Lucy","lucy mcbath","D","GA","M001208",NA,NA,NA,NA,"+","+",6,2,0,0,"SO",NA,NA,NA,NA,NA,NA,11547,1537,49201,21845
"Case","Ed","ed case","D","HI","C001055",NA,NA,NA,NA,"+","+",1,2,0,0,"WE",NA,NA,NA,NA,NA,NA,1000,0,1250,0
"García","Jesús","jes s garc a","D","IL",NA,NA,NA,NA,NA,"+","+",4,2,0,0,"MW",NA,NA,NA,NA,NA,NA,NA,NA,NA,NA
"Casten","Sean","sean casten","D","IL","C001117",NA,NA,NA,NA,"+","+",6,2,0,0,"MW",NA,NA,NA,NA,NA,NA,70376,4451,72612,15269
"Underwood","Lauren","lauren underwood","D","IL","U000040",NA,NA,NA,NA,"+","+",14,2,0,0,"MW",NA,NA,NA,NA,NA,NA,25691,5317,50508,17279
"Baird","James","james baird,james r baird","R","IN","B001307",NA,NA,NA,NA,"-","-",4,2,0,0,"MW",NA,NA,NA,NA,NA,NA,NA,NA,NA,NA
"Pence","Greg","greg pence","R","IN","P000615",NA,NA,NA,NA,"-","-",6,2,0,0,"MW",NA,NA,NA,NA,NA,NA,20800,197656,8050,75954
"Axne","Cynthia","cynthia axne","D","IA","A000378",NA,NA,NA,NA,"+","+",3,2,0,0,"MW",NA,NA,NA,NA,NA,NA,NA,NA,NA,NA
"Davids","Sharice","sharice davids","D","KS","D000629",NA,NA,NA,NA,"+","+",3,2,0,0,"MW",NA,NA,NA,NA,NA,NA,30030,10990,58429,10106
"Golden","Jared","jared golden,jared f golden","D","ME","G000592",NA,NA,NA,NA,"+","+",2,2,0,0,"NE",NA,NA,NA,NA,NA,NA,NA,NA,NA,NA
"Trahan","Lori","lori trahan","D","MA","T000482",NA,NA,NA,NA,"+","+",3,2,0,0,"NE",NA,NA,NA,NA,NA,NA,11289,8000,2004,15
"Pressley","Ayanna","ayanna pressley","D","MA","P000617",NA,NA,NA,NA,"+","+",7,2,0,0,"NE",NA,NA,NA,NA,NA,NA,9024,3,2853,7093
"Slotkin","Elissa","elissa slotkin","D","MI","S001208",NA,NA,NA,NA,"+","+",8,2,0,0,"MW",NA,NA,NA,NA,NA,NA,60253,19417,66493,11765
"Levin","Andy","andy levin","D","MI","L000592",NA,NA,NA,NA,"+","+",9,2,0,0,"MW",NA,NA,NA,NA,NA,NA,9870,5,7033,4
"Stevens","Haley","haley stevens,haley m stevens","D","MI","S001215",NA,NA,NA,NA,"+","+",11,2,0,0,"MW",NA,NA,NA,NA,NA,NA,NA,NA,NA,NA
"Tlaib","Rashida","rashida tlaib","D","MI","T000481",NA,NA,NA,NA,"+","+",13,2,0,0,"MW",NA,NA,NA,NA,NA,NA,4034,-2357,8459,15221
"Hagedorn","Jim","jim hagedorn","R","MN","H001088",NA,NA,NA,NA,"-","-",1,2,0,0,"MW",NA,NA,NA,NA,0,2100,500,23400,1616,38168
"Craig","Angie","angie craig","D","MN","C001119",NA,NA,NA,NA,"+","+",2,2,0,0,"MW",NA,NA,NA,NA,34475,1779,44702,704,77489,1610
"Phillips","Dean","dean phillips","D","MN","P000616",NA,NA,NA,NA,"+","+",3,2,0,0,"MW",NA,NA,NA,NA,NA,NA,12605,948,2800,4060
"Omar","Ilhan","ilhan omar","D","MN","O000173",NA,NA,NA,NA,"+","+",5,2,0,0,"MW",NA,NA,NA,NA,NA,NA,7560,6468,19140,10473
"Stauber","Pete","pete stauber","R","MN","S001212",NA,NA,NA,NA,"-","-",8,2,0,0,"MW",NA,NA,NA,NA,NA,NA,0,48200,25,116141
"Guest","Michael","michael guest","R","MS","G000591",NA,NA,NA,NA,"-","-",3,2,0,0,"SO",NA,NA,NA,NA,NA,NA,0,37650,1002,66377
"Lee","Susie","susie lee","D","NV","L000590",NA,NA,NA,NA,"+","+",3,2,0,0,"WE",NA,NA,NA,NA,250,6450,45931,36458,65444,47164
"Pappas","Chris","chris pappas","D","NH","P000614",NA,NA,NA,NA,"+","+",1,2,0,0,"NE",NA,NA,NA,NA,NA,NA,9810,255,23101,2702
"Van Drew","Jefferson","jefferson van drew","R","NJ","V000133",NA,NA,NA,NA,"+","+",2,2,0,0,"NE",NA,NA,NA,NA,NA,NA,NA,NA,NA,NA
"Kim","Andy","andy kim","D","NJ","K000394",NA,NA,NA,NA,"+","+",3,2,0,0,"NE",NA,NA,NA,NA,NA,NA,36710,8241,82277,21430
"Malinowski","Tom","tom malinowski","D","NJ","M001203",NA,NA,NA,NA,"+","+",7,2,0,0,"NE",NA,NA,NA,NA,NA,NA,52565,27328,120980,31705
"Sherrill","Mikie","mikie sherrill","D","NJ","S001207",NA,NA,NA,NA,"+","+",11,2,0,0,"NE",NA,NA,NA,NA,NA,NA,26543,8603,35412,11224
"Ocasio-Cortez","Alexandria","alexandria ocasio cortez","D","NY",NA,NA,NA,NA,NA,"+","+",14,2,0,0,"NE",NA,NA,NA,NA,NA,NA,NA,NA,NA,NA
"Delgado","Antonio","antonio delgado","D","NY","D000630",NA,NA,NA,NA,"+","+",19,2,0,0,"NE",NA,NA,NA,NA,NA,NA,26075,7452,61396,1348
"Morelle","Joe","joe morelle","D","NY",NA,NA,NA,NA,NA,"+","+",25,2,0,0,"NE",NA,NA,NA,NA,NA,NA,NA,NA,NA,NA
"Armstrong","Kelly","kelly armstrong","R","ND","A000377",NA,NA,NA,NA,"-","-",NA,2,0,0,"MW",NA,NA,NA,NA,NA,NA,10500,316251,19800,239950
"Balderson","Troy","troy balderson","R","OH","B001306",NA,NA,NA,NA,"-","-",12,2,0,0,"MW",NA,NA,NA,NA,NA,NA,2700,155498,4,102132
"Gonzalez","Anthony","anthony gonzalez","R","OH","G000588",NA,NA,NA,NA,"-","-",16,2,0,0,"MW",NA,NA,NA,NA,NA,NA,3500,82500,8904,69512
"Dean","Madeleine","madeleine dean","D","PA","D000631",NA,NA,NA,NA,"+","+",4,2,0,0,"NE",NA,NA,NA,NA,NA,NA,4787,1003,3665,2053
"Scanlon","Mary Gay","mary gay scanlon","D","PA","S001205",NA,NA,NA,NA,"+","+",5,2,0,0,"NE",NA,NA,NA,NA,NA,NA,6997,6451,13385,3715
"Houlahan","Chrissy","chrissy houlahan","D","PA","H001085",NA,NA,NA,NA,"+","+",6,2,0,0,"NE",NA,NA,NA,NA,NA,NA,24341,2038,24884,2766
"Wild","Susan","susan wild","D","PA","W000826",NA,NA,NA,NA,"+","+",7,2,0,0,"NE",NA,NA,NA,NA,NA,NA,18583,97,43464,1718
"Meuser","Daniel","daniel meuser","R","PA","M001204",NA,NA,NA,NA,"-","-",9,2,0,0,"NE",NA,NA,NA,NA,NA,NA,NA,NA,NA,NA
"Keller","Fred","fred keller","R","PA","K000395",NA,NA,NA,NA,"-","-",12,2,0,0,"NE",NA,NA,NA,NA,NA,NA,NA,NA,0,58608
"Joyce","John","john joyce","R","PA","J000302",NA,NA,NA,NA,"-","-",13,2,0,0,"NE",NA,NA,NA,NA,NA,NA,0,15500,0,35000
"Reschenthaler","Guy","guy reschenthaler","R","PA","R000610",NA,NA,NA,NA,"-","-",14,2,0,0,"NE",NA,NA,NA,NA,NA,NA,0,106100,0,150104
"Timmons","William","william timmons,william r timmons","R","SC","T000480",NA,NA,NA,NA,"-","-",4,2,0,0,"SO",NA,NA,NA,NA,NA,NA,NA,NA,NA,NA
"Johnson","Dusty","dusty johnson","R","SD","J000301",NA,NA,NA,NA,"-","-",NA,2,0,0,"MW",NA,NA,NA,NA,NA,NA,13400,30850,20500,52336
"Burchett","Tim","tim burchett","R","TN","B001309",NA,NA,NA,NA,"-","-",2,2,0,0,"SO",NA,NA,NA,NA,NA,NA,0,11550,0,15380
"Rose","John","john rose,john w rose","R","TN","R000612",NA,NA,NA,NA,"-","-",6,2,0,0,"SO",NA,NA,NA,NA,NA,NA,NA,NA,NA,NA
"Green","Mark","mark green,mark e green","R","TN","G000590",NA,NA,NA,NA,"-","-",7,2,0,0,"SO",NA,NA,NA,NA,NA,NA,NA,NA,NA,NA
"Crenshaw","Dan","dan crenshaw","R","TX","C001120",NA,NA,NA,NA,"-","-",2,2,0,0,"SO",NA,NA,NA,NA,NA,NA,2855,149358,5755,561045
"Taylor","Van","van taylor","R","TX","T000479",NA,NA,NA,NA,"-","-",3,2,0,0,"SO",NA,NA,NA,NA,NA,NA,0,125469,160,168879
"Gooden","Lance","lance gooden","R","TX","G000589",NA,NA,NA,NA,"-","-",5,2,0,0,"SO",NA,NA,NA,NA,NA,NA,0,74150,0,115300
"Fletcher","Lizzie","lizzie fletcher","D","TX","F000468",NA,NA,NA,NA,"+","+",7,2,0,0,"SO",NA,NA,NA,NA,NA,NA,19543,109613,28497,380950
"Escobar","Veronica","veronica escobar","D","TX","E000299",NA,NA,NA,NA,"+","+",16,2,0,0,"SO",NA,NA,NA,NA,NA,NA,3299,15409,2230,10966
"Roy","Chip","chip roy","R","TX","R000614",NA,NA,NA,NA,"-","-",21,2,0,0,"SO",NA,NA,NA,NA,NA,NA,500,142800,520,280618
"Garcia","Sylvia","sylvia garcia,sylvia r garcia","D","TX","G000587",NA,NA,NA,NA,"+","+",29,2,0,0,"SO",NA,NA,NA,NA,NA,NA,NA,NA,NA,NA
"Allred","Colin","colin allred,colin z allred","D","TX","A000376",NA,NA,NA,NA,"+","+",32,2,0,0,"SO",NA,NA,NA,NA,NA,NA,NA,NA,NA,NA
"Luria","Elaine","elaine luria,elaine g luria","D","VA","L000591",NA,NA,NA,NA,"+","+",2,2,0,0,"SO",NA,NA,NA,NA,NA,NA,NA,NA,NA,NA
"Cline","Ben","ben cline","R","VA","C001118",NA,NA,NA,NA,"-","-",6,2,0,0,"SO",NA,NA,NA,NA,NA,NA,0,15150,0,27907
"Spanberger","Abigail","abigail spanberger","D","VA",NA,NA,NA,NA,NA,"+","+",7,2,0,0,"SO",NA,NA,NA,NA,NA,NA,NA,NA,NA,NA
"Wexton","Jennifer","jennifer wexton","D","VA","W000825",NA,NA,NA,NA,"+","+",10,2,0,0,"SO",NA,NA,NA,NA,NA,NA,42159,8527,28405,17635
"Schrier","Kim","kim schrier","D","WA","S001216",NA,NA,NA,NA,"+","+",8,2,0,0,"WE",NA,NA,NA,NA,NA,NA,65047,9071,70806,399
"Miller","Carol","carol miller,carol d miller","R","WV","M001205",NA,NA,NA,NA,"-","-",3,2,0,0,"SO",NA,NA,NA,NA,NA,NA,NA,NA,NA,NA
"Steil","Bryan","bryan steil","R","WI","S001213",NA,NA,NA,NA,"-","-",1,2,0,0,"MW",NA,NA,NA,NA,NA,NA,900,66500,500,68165
