"last_name","first_name","name","party","state","member_id","Vote3","Vote4","Vote51","Vote52","Vote6","Vote7","District","Vote_count","Vote_change","oil_sum","coal_sum","gas_sum","mining_sum","env_sum","alt_en_sum"
"Roby","Martha","martha roby","R","AL","R000591","-","-","-","-","-",NA,"AL-02",5,0,67550,16600,8500,19600,0,0
"Rogers","Mike D.","mike d rogers","R","AL","R000575","-","-","-","-","-","-","AL-03",6,0,53250,51250,4000,52250,1000,0
"Aderholt","Robert B.","robert b aderholt","R","AL","A000055","-","-","-","-","-","-","AL-04",6,0,94708,44508,0,54257,0,2500
"Brooks","Mo","mo brooks","R","AL","B001274","-","-","-","-","-","-","AL-05",6,0,16503,5000,0,19500,500,4000
"Bachus","Spencer","spencer bachus","R","AL","B000013","-",NA,NA,NA,NA,NA,"AL-06",1,0,39500,19000,4000,26000,0,0
"Sewell","Terri","terri sewell,terri a sewell","D","AL","S001185","+","+","+","+","+","+","AL-07",6,0,0,0,0,0,0,0
"Young","Don","don young","R","AK","Y000033","-","-","-","-","-","-","AK-AL",6,0,316781,8250,18610,76894,7500,6
"Kirkpatrick","Ann","ann kirkpatrick","D","AZ","K000368","+","+",NA,NA,NA,"+","AZ-01,AZ-02",3,0,17996,0,1681,16512,25918,4459
"Barber","Ron","ron barber","D","AZ","B001279","+",NA,NA,NA,NA,NA,"AZ-02",1,0,6450,0,4700,3750,37246,18800
"Grijalva","Raul","raul grijalva","D","AZ",NA,"+","+","+","+","+","+","AZ-03",6,0,0,0,0,0,0,0
"Gosar","Paul","paul gosar,paul a gosar","R","AZ","G000565","-","-","-","-","-",NA,"AZ-04",5,0,0,0,0,0,0,0
"Salmon","Matt","matt salmon","R","AZ","S000018","-","-",NA,NA,NA,NA,"AZ-05",2,0,73689,4500,25639,31750,0,18700
"Schweikert","David","david schweikert","R","AZ","S001183","-","-","-","-","-","-","AZ-06",6,0,119779,1000,14599,34850,0,18450
"Pastor","Ed","ed pastor","D","AZ","P000099","+",NA,NA,NA,NA,NA,"AZ-07",1,0,9500,0,7000,8500,1500,0
"Franks","Trent","trent franks","R","AZ","F000448","-","-","-",NA,NA,NA,"AZ-08",3,0,33350,0,14100,13500,0,0
"Sinema","Kyrsten","kyrsten sinema","I","AZ","S001191","+","+","+",NA,NA,NA,"AZ-09",3,0,0,0,0,0,0,0
"Crawford","Rick","rick crawford","R","AR",NA,"-","-","-","-","-","-","AR-01",6,0,0,0,0,0,0,0
"Griffin","Tim","tim griffin","R","AR","G000567","-",NA,NA,NA,NA,NA,"AR-02",1,0,127800,2000,8500,2000,0,2000
"Womack","Steve","steve womack","R","AR","W000809","-","-","-","-","-","-","AR-03",6,0,135950,0,6750,1000,0,0
"Cotton","Tom","tom cotton","R","AR","C001095","-",NA,NA,NA,NA,NA,"AR-04",1,0,114025,0,500,4100,0,2500
"LaMalfa","Doug","doug lamalfa","R","CA","L000578","-","-","-","-","-","-","CA-01",6,0,142906,2700,39479,9300,6750,4250
"Huffman","Jared","jared huffman","D","CA","H001068","+","+","+","+","+","+","CA-02",6,0,18401,120,17000,120,151997,7054
"Garamendi","John","john garamendi","D","CA","G000559","+","+","+","+","+","+","CA-03",6,0,9000,0,6500,1000,59956,19500
"McClintock","Tom","tom mcclintock","R","CA","M001177","-","-","-","-","-","-","CA-04",6,0,164026,0,19599,13000,450,3750
"Thompson","Mike","mike thompson","D","CA","T000460","+","+","+","+","+","+","CA-05",6,0,79200,0,6000,1000,24975,47988
"Matsui","Doris O.","doris o matsui","D","CA","M001163","+","+","+","+","+","+","CA-06",6,0,72000,0,8000,1000,15237,8000
"Bera","Ami","ami bera","D","CA","B001287","+","+","+","+","+","+","CA-07",6,0,41473,0,6755,0,198214,18960
"Cook","Paul","paul cook","R","CA","C001094","-","-","-","-","-",NA,"CA-08",5,0,46600,0,28500,11650,0,27700
"McNerney","Jerry","jerry mcnerney","D","CA","M001166","+","+","+","+","+","+","CA-09",6,0,27900,0,11500,0,153157,96652
"Denham","Jeff","jeff denham","R","CA","D000612","-","-","-","-",NA,NA,"CA-10",4,0,620738,9500,121051,36900,0,6500
"Miller","George","george miller","D","CA","M000725","+",NA,NA,NA,NA,NA,"CA-11",1,0,5500,250,0,250,7300,0
"Pelosi","Nancy","nancy pelosi","D","CA","P000197","+","+","+","+",NA,NA,"CA-12",4,0,75284,154,6512,5998,126294,54915
"Lee","Barbara J.","barbara j lee,barbara lee","D","CA","L000551","+","+","+","+","+","+","CA-13",6,0,0,0,0,0,0,0
"Speier","Jackie","jackie speier","D","CA","S001175","+","+","+",NA,"+","+","CA-14",5,0,500,0,0,0,20775,3000
"Swalwell","Eric","eric swalwell","D","CA","S001193","+","+","+","+",NA,"+","CA-15",5,0,61093,101,6035,1606,21596,20685
"Costa","Jim","jim costa","D","CA","C001059","-","+",NA,"+","-","+","CA-16",5,3,464709,17250,80249,46250,11500,9250
"Honda","Mike","mike honda","D","CA",NA,"+","+",NA,NA,NA,NA,"CA-17",2,0,0,0,0,0,0,0
"Eshoo","Anna G.","anna g eshoo","D","CA","E000215","+",NA,"+","+","+","+","CA-18",5,0,5000,0,1000,0,26660,61700
"Lofgren","Zoe","zoe lofgren","D","CA","L000397","+","+","+","+","+","+","CA-19",6,0,20700,0,0,0,30101,62000
"Farr","Sam","sam farr","D","CA","F000030","+","+",NA,NA,NA,NA,"CA-20",2,0,250,0,0,0,33250,500
"Valadao","David G.","david g valadao","R","CA","V000129","-","-","-","-",NA,"-","CA-21",5,0,397735,10600,26401,21330,0,8868
"Nunes","Devin G.","devin g nunes,devin nunes","R","CA","N000181","-","-","-","-","-","-","CA-22",6,0,0,0,0,0,0,0
"McCarthy","Kevin","kevin mccarthy","R","CA","M001165","-","-","-","-","-","-","CA-23",6,0,2046634,144101,240387,299120,17500,105674
"Capps","Lois","lois capps","D","CA","C001036","+","+",NA,NA,NA,NA,"CA-24",2,0,8500,500,0,500,98606,2750
"McKeon","Buck P.","buck p mckeon","R","CA",NA,"-",NA,NA,NA,NA,NA,"CA-25",1,0,0,0,0,0,0,0
"Brownley","Julia","julia brownley","D","CA","B001285","+","+","+","+","+","+","CA-26",6,0,3880,90,50,90,137005,4630
"Chu","Judy M.","judy m chu,judy chu","D","CA","C001080","+","+","+","+","+","+","CA-27",6,0,0,0,0,0,0,0
"Schiff","Adam B.","adam b schiff","D","CA","S001150","+","+","+","+","+","+","CA-28",6,0,34571,58,2929,823,49704,8117
"Cárdenas","Tony","tony c rdenas","D","CA","C001097","+","+","+",NA,"+","+","CA-29",5,0,97830,0,22300,0,13304,5750
"Sherman","Brad J.","brad j sherman,brad sherman","D","CA","S000344","+","+","+","+","+","+","CA-30",6,0,0,0,0,0,0,0
"Miller","Gary G.","gary g miller","R","CA","M001139","-",NA,NA,NA,NA,NA,"CA-31",1,0,21900,0,5200,555,0,7500
"Napolitano","Grace","grace napolitano,grace f napolitano","D","CA","N000179","+","+","+","+","+","+","CA-32",6,0,0,0,0,0,0,0
"Waxman","Henry A.","henry a waxman","D","CA","W000215","+",NA,NA,NA,NA,NA,"CA-33",1,0,3600,0,1000,0,37449,9600
"Becerra","Xavier","xavier becerra","D","CA","B000287","+","+",NA,NA,NA,NA,"CA-34",2,0,16000,0,4500,0,9200,7500
"Negrete McLeod","Gloria","gloria negrete mcleod","D","CA","N000187","+",NA,NA,NA,NA,NA,"CA-35",1,0,0,0,0,0,0,0
"Ruiz","Raul","raul ruiz","D","CA","R000599","+","+","+","+","+","+","CA-36",6,0,21679,280,7500,285,91274,47313
"Bass","Karen","karen bass","D","CA","B001270","+","+","+",NA,"+","+","CA-37",5,0,21525,0,750,9500,15526,11250
"Sanchez","Linda","linda sanchez","D","CA",NA,"+","+","+","+","+","+","CA-38",6,0,0,0,0,0,0,0
"Royce","Ed","ed royce","R","CA",NA,"-","-","-","-",NA,NA,"CA-39",4,0,0,0,0,0,0,0
"Roybal-Allard","Lucille","lucille roybal allard","D","CA",NA,"+","+","+","+","+","+","CA-40",6,0,0,0,0,0,0,0
"Takano","Mark","mark takano","D","CA","T000472","+","+","+","+","+","+","CA-41",6,0,250,0,0,0,26642,5991
"Calvert","Ken S.","ken s calvert,ken calvert","R","CA","C000059","-","-","-","-","-","-","CA-42",6,0,0,0,0,0,0,0
"Waters","Maxine","maxine waters","D","CA","W000187","+","+","+","+","+","+","CA-43",6,0,18535,10400,0,10400,9591,1000
"Hahn","Janice","janice hahn","D","CA","H001063","+","+",NA,NA,NA,NA,"CA-44",2,0,19050,0,300,0,8750,2000
"Campbell","John","john campbell","R","CA","C001064",NA,NA,NA,NA,NA,NA,"CA-45",0,0,14000,0,0,0,0,0
"Sanchez","Loretta L.","loretta l sanchez,loretta sanchez","D","CA","S000030","+","+",NA,NA,NA,NA,"CA-46",2,0,0,0,0,0,0,0
"Lowenthal","Alan S.","alan s lowenthal","D","CA","L000579","+","+","+","+","+","+","CA-47",6,0,50875,0,8600,8500,46973,4850
"Rohrabacher","Dana T.","dana t rohrabacher,dana rohrabacher","R","CA","R000409","-","-","-","-",NA,NA,"CA-48",4,0,0,0,0,0,0,0
"Issa","Darrell","darrell issa","R","CA","I000056","-","-","-","-",NA,NA,"CA-49,CA-49,CA-50",4,0,257102,5885,49952,23369,0,6952
"Hunter","Duncan D.","duncan d hunter,duncan hunter","R","CA","H000981","-","-","-","-","-",NA,"CA-50",5,0,0,0,0,0,0,0
"Hunter","Duncan D.","duncan d hunter","R","CA","H001048","-","-","-","-","-",NA,"CA-50",5,0,28250,1000,4400,4600,3000,1500
"Vargas","Juan","juan vargas","D","CA","V000130","+","+","+","+","+","+","CA-51",6,0,28000,0,0,0,2500,3500
"Peters","Scott H.","scott h peters","D","CA","P000608","+","+","+",NA,"+","+","CA-52",5,0,63603,0,34600,10000,114550,27088
"Davis","Susan A.","susan a davis","D","CA","D000598","+","+","+","+","+",NA,"CA-53",5,0,0,0,0,0,14700,4000
"DeGette","Diana L.","diana l degette,diana degette","D","CO","D000197","+","+","+","+","+","+","CO-01",6,0,0,0,0,0,0,0
"Polis","Jared","jared polis","D","CO","P000598","+","+","+","+",NA,NA,"CO-02",4,0,21200,0,0,0,35625,0
"Tipton","Scott","scott tipton,scott r tipton","R","CO","T000470","-","-","-","-","-",NA,"CO-03",5,0,0,0,0,0,0,0
"Gardner","Cory","cory gardner","R","CO","G000562","-",NA,NA,NA,NA,NA,"CO-04",1,0,224500,17000,27750,35000,0,6000
"Lamborn","Doug","doug lamborn","R","CO","L000564","-","-","-","-","-","-","CO-05",6,0,227668,40999,26000,104499,3000,0
"Coffman","Mike","mike coffman","R","CO","C001077","-","-","-","+",NA,NA,"CO-06",4,1,1003322,50850,40450,141231,4350,5950
"Perlmutter","Ed","ed perlmutter","D","CO","P000593","+","+","+","+","+","+","CO-07",6,0,103762,0,12000,24800,40033,7900
"Larson","John B.","john b larson","D","CT","L000557","+","+","+","+","+","+","CT-01",6,0,45350,3000,11600,3000,9900,1000
"Courtney","Joe","joe courtney","D","CT","C001069","+","+","+","+","+","+","CT-02",6,0,10150,0,2000,0,15900,0
"DeLauro","Rosa L.","rosa l delauro","D","CT","D000216","+","+",NA,"+","+","+","CT-03",5,0,12350,0,0,6800,15401,1510
"Himes","Jim","jim himes","D","CT",NA,"+","+","+","+","+","+","CT-04",6,0,0,0,0,0,0,0
"Esty","Elizabeth H.","elizabeth h esty","D","CT","E000293","+","+","+","+",NA,NA,"CT-05",4,0,18150,750,16900,3500,147442,17200
"Carney","John","john carney,john c carney","D","DE","C001083","+","+",NA,NA,NA,NA,"DE-AL",2,0,0,0,0,0,0,0
"Miller","Jeff","jeff miller","R","FL","M001144","-","-",NA,NA,NA,NA,"FL-01",2,0,4500,0,1000,0,14100,0
"Southerland","Steve","steve southerland","R","FL",NA,"-",NA,NA,NA,NA,NA,"FL-02",1,0,0,0,0,0,0,0
"Yoho","Ted S.","ted s yoho","R","FL","Y000065","-","-","-","-","-",NA,"FL-03",5,0,25650,0,6750,500,0,0
"Crenshaw","Ander","ander crenshaw","R","FL","C001045","-","-",NA,NA,NA,NA,"FL-04",2,0,9500,0,0,0,0,0
"Brown","Corrine","corrine brown","D","FL","B000911","+","+",NA,NA,NA,NA,"FL-05",2,0,6500,0,0,0,0,0
"DeSantis","Ron","ron desantis","R","FL","D000621","-","-","-",NA,NA,NA,"FL-06",3,0,132970,0,5175,3000,25,50
"Mica","John L.","john l mica","R","FL","M000689","-","-",NA,NA,NA,NA,"FL-07",2,0,136000,1500,22500,11050,0,500
"Posey","Bill","bill posey","R","FL","P000599","-","-",NA,"-","-","-","FL-08",5,0,83100,0,0,0,2000,0
"Grayson","Alan","alan grayson","D","FL","G000556","+","+",NA,NA,NA,NA,"FL-09",2,0,12446,0,190,0,16751,85
"Webster","Daniel","daniel webster","R","FL","W000806","-","-","-","-","-","-","FL-10,FL-11,FL-11",6,0,50675,5000,1250,5905,0,0
"Nugent","Rich","rich nugent","R","FL",NA,"-","-",NA,NA,NA,NA,"FL-11",2,0,0,0,0,0,0,0
"Bilirakis","Gus","gus bilirakis,gus m bilirakis","R","FL","B001257","-","-","-","-","-","-","FL-12",6,0,0,0,0,0,0,0
"Castor","Kathy","kathy castor","D","FL","C001066","+","+",NA,"+","+","+","FL-14",5,0,2671,0,2000,5600,16808,8320
"Ross","Dennis","dennis ross,dennis a ross","R","FL","R000593","-","-",NA,"-",NA,NA,"FL-15",3,0,0,0,0,0,0,0
"Buchanan","Vern","vern buchanan","R","FL","B001260","-","-","-","-","-","-","FL-16",6,0,107526,0,14599,0,13500,15000
"Rooney","Tom","tom rooney","R","FL",NA,"-","-","-","-",NA,NA,"FL-17",4,0,0,0,0,0,0,0
"Murphy","Patrick","patrick murphy","D","FL","M001191","+","+",NA,NA,NA,NA,"FL-18",2,0,17250,2750,0,2750,39805,4750
"Radel","Trey","trey radel","R","FL","R000596",NA,NA,NA,NA,NA,NA,"FL-19",0,0,34200,1000,0,1000,0,3700
"Hastings","Alcee L.","alcee l hastings","D","FL","H000324","+",NA,"+","+",NA,NA,"FL-20",3,0,0,0,0,0,2300,0
"Deutch","Ted","ted deutch","D","FL",NA,"+","+","+","+","+","+","FL-21,FL-22,FL-22",6,0,0,0,0,0,0,0
"Frankel","Lois","lois frankel","D","FL","F000462","+","+","+","+","+","+","FL-22,FL-21,FL-21",6,0,20772,0,0,5,20990,306
"Wasserman Schultz","Debbie","debbie wasserman schultz","D","FL","W000797",NA,"+","+","+","+","+","FL-23",5,0,9695,0,1250,0,75592,17335
"Wilson","Frederica","frederica wilson,frederica s wilson","D","FL","W000808","+","+","+","+","+","+","FL-24",6,0,0,0,0,0,0,0
"Díaz-Balart","Mario","mario d az balart","R","FL",NA,"-","-",NA,"-","-","-","FL-25",5,0,0,0,0,0,0,0
"Garcia","Joe","joe garcia","D","FL","G000573","+",NA,NA,NA,NA,NA,"FL-26",1,0,17650,0,1000,0,51576,9700
"Ros-Lehtinen","Ileana","ileana ros lehtinen","R","FL",NA,"-","+",NA,"+",NA,NA,"FL-27",3,1,0,0,0,0,0,0
"Kingston","Jack","jack kingston","R","GA","K000220","-",NA,NA,NA,NA,NA,"GA-01",1,0,17500,0,3500,5000,4500,2500
"Bishop","Sanford D.","sanford d bishop","D","GA","B000490","+","-","+","-","+","+","GA-02",6,4,57750,7750,8000,32750,0,3000
"Westmoreland","Lynn A.","lynn a westmoreland","R","GA","W000796","-","-",NA,NA,NA,NA,"GA-03",2,0,31800,0,9000,4000,0,0
"Johnson","Hank","hank johnson","D","GA",NA,"+","+","+","+","+","+","GA-04",6,0,0,0,0,0,0,0
"Lewis","John R.","john r lewis,john lewis","D","GA","L000287","+","+","+","+","+",NA,"GA-05",5,0,0,0,0,0,0,0
"Price","Tom","tom price","R","GA","P000591","-","-",NA,NA,NA,NA,"GA-06",2,0,94750,0,8500,6000,0,0
"Woodall","Rob","rob woodall","R","GA","W000810","-","-","-","-","-",NA,"GA-07",5,0,69250,0,11750,2000,1000,0
"Scott","Austin","austin scott","R","GA","S001189","-","-","-","-","-","-","GA-08",6,0,27500,0,9500,10500,4885,0
"Collins","Doug","doug collins","R","GA","C001093","-","-","-","-","-",NA,"GA-09",5,0,102750,500,8350,4500,0,0
"Broun","Paul C.","paul c broun","R","GA","B001262","-",NA,NA,NA,NA,NA,"GA-10",1,0,23000,1500,2500,7400,0,0
"Gingrey","Phil","phil gingrey","R","GA","G000550","-",NA,NA,NA,NA,NA,"GA-11",1,0,49500,0,8500,3500,1000,0
"Barrow","John","john barrow","D","GA","B001252","-",NA,NA,NA,NA,NA,"GA-12",1,0,240050,14500,42900,31500,2500,0
"Scott","David","david scott","D","GA","S001157","+","+","+","+","+","+","GA-13",6,0,21750,0,8000,250,0,0
"Graves","Tom","tom graves","R","GA","G000560","-","-","-","-","-",NA,"GA-14",5,0,157850,0,13500,63500,0,0
"Hanabusa","Colleen","colleen hanabusa","D","HI","H001050","+",NA,"+",NA,NA,NA,"HI-01",2,0,6000,0,0,0,1000,4500
"Gabbard","Tulsi","tulsi gabbard","D","HI","G000571","+","+","+","+","+",NA,"HI-02",5,0,16493,0,1010,15,13951,40314
"Labrador","Raul","raul labrador,raul r labrador","R","ID","L000573","-","-","-","-",NA,NA,"ID-01",4,0,0,0,0,0,0,0
"Simpson","Mike","mike simpson","R","ID",NA,"-","-","-","-","-","-","ID-02",6,0,0,0,0,0,0,0
"Rush","Bobby L.","bobby l rush","D","IL","R000515",NA,"+","+","+","+","+","IL-01",5,0,67500,0,39000,1000,9000,9000
"Kelly","Robin","robin kelly,robin l kelly","D","IL","K000385","+","+","+","+","+","+","IL-02",6,0,0,0,0,0,0,0
"Lipinski","Dan","dan lipinski","D","IL",NA,"+","+","+","+","+",NA,"IL-03",5,0,0,0,0,0,0,0
"Gutierrez","Luis V.","luis v gutierrez","D","IL","G000535","+","+","+","+",NA,NA,"IL-04",4,0,0,0,0,1000,3117,1500
"Quigley","Mike","mike quigley","D","IL","Q000023","+","+","+","+","+","+","IL-05",6,0,7450,0,0,0,18525,0
"Roskam","Peter J.","peter j roskam","R","IL","R000580","-","-","-","+",NA,NA,"IL-06",4,1,282650,8200,47450,23200,0,5000
"Davis","Danny K.","danny k davis","D","IL","D000096","+","+","+","+","+","+","IL-07",6,0,11500,0,1500,500,2000,16000
"Duckworth","Tammy","tammy duckworth","D","IL","D000622","+","+",NA,NA,NA,NA,"IL-08",2,0,9500,0,3500,250,68292,16850
"Schakowsky","Jan","jan schakowsky","D","IL",NA,"+","+","+","+","+","+","IL-09",6,0,0,0,0,0,0,0
"Schneider","Brad","brad schneider","D","IL",NA,"+",NA,"+","+","+","+","IL-10",5,0,0,0,0,0,0,0
"Foster","Bill","bill foster","D","IL","F000454","+","+","+","+","+","+","IL-11",6,0,56240,0,12000,0,112546,30880
"Enyart","Bill","bill enyart","D","IL",NA,"+",NA,NA,NA,NA,NA,"IL-12",1,0,0,0,0,0,0,0
"Davis","Rodney","rodney davis","R","IL","D000619","-","-","-","-","-","-","IL-13",6,0,349272,106665,73337,171851,1000,89606
"Hultgren","Randy","randy hultgren","R","IL","H001059","-","-","-","-",NA,NA,"IL-14",4,0,73200,5500,31500,8000,0,2750
"Shimkus","John M.","john m shimkus,john shimkus","R","IL","S000364","-","-","-","-","-",NA,"IL-15",5,0,0,0,0,0,0,0
"Kinzinger","Adam","adam kinzinger","R","IL","K000378","-","-","-","-","-","-","IL-16",6,0,316481,7500,72002,33509,0,66750
"Bustos","Cheri","cheri bustos","D","IL","B001286","+","+","+","+","+","+","IL-17",6,0,33749,43,9133,68,74432,106543
"Schock","Aaron","aaron schock","R","IL","S001179","-",NA,NA,NA,NA,NA,"IL-18",1,0,85950,7750,15500,13750,0,29450
"Visclosky","Peter J.","peter j visclosky","D","IN","V000108","+","+","+","+","+",NA,"IN-01",5,0,0,0,0,0,0,0
"Walorski","Jackie","jackie walorski","R","IN","W000813","-","-","-","-","-","-","IN-02",6,0,234576,22667,10099,44419,2000,33002
"Stutzman","Marlin","marlin stutzman,marlin a stutzman","R","IN","S001188","-","-",NA,NA,NA,NA,"IN-03",2,0,0,0,0,0,0,0
"Rokita","Todd","todd rokita","R","IN","R000592","-","-","-","-",NA,NA,"IN-04",4,0,66700,34150,0,78600,0,7000
"Brooks","Susan W.","susan w brooks","R","IN","B001284","-","-","-","-","-",NA,"IN-05",5,0,106750,5500,2500,16000,2250,17500
"Messer","Luke","luke messer","R","IN","M001189","-","-","-","-",NA,NA,"IN-06",4,0,105400,3000,2000,47500,0,7500
"Carson","Andre","andre carson,andr carson","D","IN","C001072","+","+","+","+","+","+","IN-07",6,0,0,0,0,0,0,0
"Bucshon","Larry","larry bucshon","R","IN","B001275","-","-","-","-","-","-","IN-08",6,0,98405,154550,4500,229000,0,7750
"Young","Todd","todd young","R","IN","Y000064","-","-",NA,NA,NA,NA,"IN-09",2,0,57650,32700,11300,52650,0,1000
"Braley","Bruce","bruce braley,bruce l braley","D","IA","B001259","+",NA,NA,NA,NA,NA,"IA-01",1,0,0,0,0,0,0,0
"Loebsack","Dave W.","dave w loebsack","D","IA",NA,"+","+","+","+","+",NA,"IA-02",5,0,0,0,0,0,0,0
"Latham","Tom","tom latham","R","IA","L000111","-",NA,NA,NA,NA,NA,"IA-03",1,0,41250,1044,4250,1599,0,26500
"King","Steve A.","steve a king,steve king","R","IA","K000362","-","-","-","-","-",NA,"IA-04",5,0,0,0,0,0,0,0
"Huelskamp","Tim","tim huelskamp","R","KS","H001057","-","-",NA,NA,NA,NA,"KS-01",2,0,190650,0,9750,0,0,17650
"Jenkins","Lynn M.","lynn m jenkins,lynn jenkins","R","KS","J000290","-","-","-","-",NA,NA,"KS-02",4,0,0,0,0,0,0,0
"Yoder","Kevin","kevin yoder","R","KS","Y000063","-","-","-","-",NA,NA,"KS-03",4,0,278125,20900,12900,70900,0,130600
"Pompeo","Mike","mike pompeo","R","KS","P000602","-","-",NA,NA,NA,NA,"KS-04",2,0,891725,14500,71500,24000,0,18900
"Whitfield","Ed","ed whitfield","R","KY","W000413","-","-",NA,NA,NA,NA,"KY-01",2,0,322850,115875,40000,180900,0,21000
"Guthrie","Brett","brett guthrie","R","KY","G000558","-","-","-","-","-","-","KY-02",6,0,265555,60299,32750,81049,0,0
"Yarmuth","John","john yarmuth,john a yarmuth","D","KY","Y000062","+","+","+","+","+","+","KY-03",6,0,0,0,0,0,0,0
"Massie","Thomas","thomas massie","R","KY","M001184","-","-","-","-","-","-","KY-04",6,0,91101,28600,2750,42100,0,2750
"Rogers","Harold","harold rogers","R","KY","R000395","-","-","-","-","-","-","KY-05",6,0,0,0,0,0,0,0
"Barr","Garland","garland barr","R","KY",NA,"-","-","-","-","-",NA,"KY-06",5,0,0,0,0,0,0,0
"Scalise","Steve","steve scalise","R","LA","S001176","-","-",NA,"-","-","-","LA-01",5,0,1550356,17810,130295,53931,14160,15546
"Richmond","Cedric L","cedric l richmond","D","LA","R000588","+","+","+",NA,"+",NA,"LA-02",4,0,357350,0,53000,1500,15050,1000
"Boustany","Charles","charles boustany,charles w boustany","R","LA","B001255","-","-",NA,NA,NA,NA,"LA-03",2,0,0,0,0,0,0,0
"Fleming","John","john fleming","R","LA","F000456","-","-",NA,NA,NA,NA,"LA-04",2,0,408500,0,9500,11100,29600,0
"Cassidy","Bill","bill cassidy","R","LA","C001075","-",NA,NA,NA,NA,NA,"LA-06",1,0,123350,0,10500,2000,7800,0
"Pingree","Chellie M.","chellie m pingree,chellie pingree","D","ME","P000597","+","+","+","+","+","+","ME-01",6,0,0,0,0,0,0,0
"Michaud","Michael H.","michael h michaud","D","ME","M001149","+",NA,NA,NA,NA,NA,"ME-02",1,0,0,0,0,0,0,0
"Harris","Andy","andy harris","R","MD","H001052","-","-","-","-","-","-","MD-01",6,0,125318,14750,5250,35750,7150,0
"Ruppersberger","C.A. Dutch","c a dutch ruppersberger","D","MD","R000576","+","+","+","+","+","+","MD-02",6,0,0,0,0,0,0,0
"Sarbanes","John P.","john p sarbanes","D","MD","S001168","+","+","+","+","+","+","MD-03",6,0,9112,0,0,0,100,15650
"Edwards","Donna","donna edwards,donna f edwards","D","MD","E000290","+","+",NA,NA,NA,NA,"MD-04",2,0,0,0,0,0,0,0
"Hoyer","Steny H.","steny h hoyer","D","MD","H000874","+","+","+",NA,"+","+","MD-05",5,0,228000,0,69500,2500,22663,29000
"Delaney","John K.","john k delaney","D","MD","D000620","+","+","+","+",NA,NA,"MD-06",4,0,6000,0,6000,0,35683,1750
"Cummings","Elijah E.","elijah e cummings","D","MD","C000984","+","+","+","+","+",NA,"MD-07",5,0,19786,0,1000,0,12657,0
"Van Hollen","Chris","chris van hollen","D","MD","V000128","+","+",NA,NA,NA,NA,"MD-08",2,0,0,0,0,0,0,0
"Neal","Richard E.","richard e neal","D","MA","N000015","+","+","+","+","+","+","MA-01",6,0,103500,0,36750,0,4500,76925
"McGovern","Jim","jim mcgovern","D","MA",NA,"+","+","+","+","+","+","MA-02",6,0,0,0,0,0,0,0
"Tsongas","Niki","niki tsongas","D","MA","T000465","+","+","+","+",NA,NA,"MA-03",4,0,6201,0,1000,0,24308,5500
"Kennedy","Joseph P.","joseph p kennedy","D","MA","K000110","+","+","+","+","+",NA,"MA-04",5,0,0,0,0,0,0,0
"Kennedy","Joseph P.","joseph p kennedy","D","MA","K000379","+","+","+","+","+",NA,"MA-04",5,0,0,0,0,0,0,0
"Tierney","John F.","john f tierney","D","MA","T000266","+",NA,NA,NA,NA,NA,"MA-06",1,0,5750,0,10200,0,13393,500
"Capuano","Michael E.","michael e capuano","D","MA","C001037","+","+","+","+",NA,NA,"MA-07",4,0,101075,0,28600,5700,2500,0
"Lynch","Stephen F.","stephen f lynch","D","MA","L000562","+","+","+","+","+","+","MA-08",6,0,9000,0,1000,3200,0,7700
"Keating","Bill","bill keating","D","MA",NA,"+","+","+","+","+","+","MA-09",6,0,0,0,0,0,0,0
"Benishek","Dan","dan benishek","R","MI","B001271","-","-",NA,NA,NA,NA,"MI-01",2,0,253025,8000,3000,55599,4500,1500
"Huizenga","Bill","bill huizenga","R","MI","H001058","-","-","-","-","-","-","MI-02",6,0,146201,0,6099,2250,0,0
"Amash","Justin","justin amash","R","MI",NA,"-","-","-","-","-",NA,"MI-03",5,0,0,0,0,0,0,0
"Camp","Dave","dave camp","R","MI","C000071","-",NA,NA,NA,NA,NA,"MI-04",1,0,341999,23000,85299,50500,0,32000
"Kildee","Daniel T.","daniel t kildee","D","MI","K000380","+","+","+","+","+","+","MI-05",6,0,0,0,0,0,0,0
"Upton","Fred","fred upton","R","MI","U000031","-","-","-","+","+","+","MI-06",6,1,953538,75700,237570,152852,0,22026
"Walberg","Tim","tim walberg","R","MI","W000798","-","-","-","-","-","-","MI-07",6,0,263526,36500,16099,96400,1525,0
"Rogers","Mike J.","mike j rogers","R","MI","R000572","-",NA,NA,NA,NA,NA,"MI-08",1,0,82800,3500,6000,7500,0,0
"Levin","Sander M.","sander m levin","D","MI","L000263","+","+","+","+",NA,NA,"MI-09",4,0,15750,0,5000,4000,15095,7000
"Miller","Candice S.","candice s miller","R","MI","M001150","-","-",NA,NA,NA,NA,"MI-10",2,0,38500,0,4000,2500,0,13500
"Bentivolio","Kerry L.","kerry l bentivolio","R","MI","B001280","-",NA,NA,NA,NA,NA,"MI-11",1,0,18250,1000,0,1000,0,0
"Dingell","John D.","john d dingell","D","MI","D000355","+",NA,NA,NA,NA,NA,"MI-12",1,0,23500,0,3000,-1000,250,550
"Conyers","John","john conyers","D","MI","C000714","+","+","+",NA,NA,NA,"MI-13",3,0,0,0,0,0,0,0
"Peters","Gary C.","gary c peters","D","MI","P000595","+",NA,NA,NA,NA,NA,"MI-14",1,0,500,0,500,0,3500,2000
"Walz","Tim","tim walz","D","MN",NA,"+","+","+",NA,NA,NA,"MN-01",3,0,0,0,0,0,0,0
"Kline","John P.","john p kline,john kline","R","MN","K000363","-","-",NA,NA,NA,NA,"MN-02",2,0,0,0,0,0,0,0
"Paulsen","Erik","erik paulsen","R","MN","P000594","-","-","-",NA,NA,NA,"MN-03",3,0,272069,5000,17702,6250,6250,4000
"McCollum","Betty","betty mccollum","D","MN","M001143","+","+","+","+","+","+","MN-04",6,0,1,0,0,0,26401,1571
"Ellison","Keith M.","keith m ellison,keith ellison","D","MN","E000288","+","+","+","+",NA,NA,"MN-05",4,0,0,0,0,0,0,0
"Bachmann","Michele","michele bachmann","R","MN","B001256","-",NA,NA,NA,NA,NA,"MN-06",1,0,125223,1250,5000,11000,0,5450
"Peterson","Collin C.","collin c peterson","D","MN","P000258","-","-","-",NA,"+",NA,"MN-07",4,0,135853,8750,7500,29750,1508,104055
"Nolan","Rick","rick nolan","D","MN",NA,"+","+","+","+",NA,NA,"MN-08",4,0,0,0,0,0,0,0
"Nunnelee","Alan","alan nunnelee","R","MS","N000186","-",NA,NA,NA,NA,NA,"MS-01",1,0,136900,5500,7100,18200,0,500
"Thompson","Bennie G.","bennie g thompson","D","MS","T000193","+","+","+","+","+","+","MS-02",6,0,99180,0,46980,0,7500,0
"Harper","Gregg","gregg harper","R","MS","H001045","-","-","-","-",NA,NA,"MS-03",4,0,299260,5500,33500,7500,0,0
"Palazzo","Steven","steven palazzo,steven m palazzo","R","MS","P000601","-","-","-","-","-","-","MS-04",6,0,0,0,0,0,0,0
"Clay","William Lacy","william lacy clay","D","MO",NA,"+","+","+","+","+",NA,"MO-01",5,0,0,0,0,0,0,0
"Wagner","Ann","ann wagner","R","MO","W000812","-","-","-","-","-","-","MO-02",6,0,204366,151117,18696,166303,8,4066
"Luetkemeyer","Blaine","blaine luetkemeyer","R","MO","L000569","-","-","-","-","-","-","MO-03",6,0,35000,16400,12000,20150,0,29000
"Hartzler","Vicky","vicky hartzler","R","MO","H001053","-","-","-","-","-","-","MO-04",6,0,71554,20950,6509,21961,0,17616
"Cleaver","Emanuel","emanuel cleaver","D","MO","C001061","+","+","+","+","+","+","MO-05",6,0,6430,0,0,0,13025,0
"Graves","Sam","sam graves","R","MO","G000546","-","-",NA,"-","-","-","MO-06",5,0,195850,6000,44000,17500,0,37700
"Long","Billy","billy long","R","MO","L000576","-","-","-","-","-","-","MO-07",6,0,197350,21000,26500,28500,0,7000
"Smith","Jason T.","jason t smith,jason smith","R","MO","S001195","-","-","-","-","-","-","MO-08",6,0,0,0,0,0,0,0
"Daines","Steve","steve daines","R","MT","D000618","-",NA,NA,NA,NA,NA,"MT-AL",1,0,126675,14800,750,22800,0,0
"Fortenberry","Jeff","jeff fortenberry","R","NE","F000449","-","-","-","-","-","-","NE-01",6,0,18325,0,2500,0,18500,9250
"Terry","Lee R.","lee r terry,lee terry","R","NE","T000459","-",NA,NA,NA,NA,NA,"NE-02",1,0,0,0,0,0,0,0
"Smith","Adrian M.","adrian m smith,adrian smith","R","NE","S001172","-","-","-","-","-","-","NE-03",6,0,0,0,0,0,0,0
"Titus","Dina","dina titus","D","NV","T000468","+","+","+","+","+","+","NV-01",6,0,14100,0,5000,65000,21353,12255
"Amodei","Mark E.","mark e amodei","R","NV","A000369","-","-","-","-","-","-","NV-02",6,0,94250,1000,22500,174150,0,3000
"Heck","Joe","joe heck","R","NV",NA,"-","-",NA,NA,NA,NA,"NV-03",2,0,0,0,0,0,0,0
"Horsford","Steven A.","steven a horsford,steven horsford","D","NV","H001066","+",NA,NA,NA,"+","+","NV-04",3,0,0,0,0,0,0,0
"Shea-Porter","Carol","carol shea porter","D","NH",NA,"+",NA,"+",NA,NA,NA,"NH-01",2,0,0,0,0,0,0,0
"Kuster","Ann M.","ann m kuster","D","NH","K000382","+","+","+","+","+","+","NH-02",6,0,7266,0,250,0,188422,36119
"Andrews","Robert E.","robert e andrews","D","NJ","A000210","+",NA,NA,NA,NA,NA,"NJ-01",1,0,23350,0,250,0,0,0
"LoBiondo","Frank A.","frank a lobiondo","R","NJ","L000554","-","-","-","-",NA,NA,"NJ-02",4,0,31750,0,6000,0,21740,1200
"Runyan","Jon","jon runyan","R","NJ","R000594","-",NA,NA,NA,NA,NA,"NJ-03",1,0,29000,0,4500,1000,4000,4500
"Smith","Christopher H.","christopher h smith","R","NJ","S000522","-","-","+","+","+","-","NJ-04",6,2,0,0,0,0,0,0
"Garrett","E. Scott","e scott garrett,scott garrett","R","NJ","G000548","-","-",NA,NA,NA,NA,"NJ-05",2,0,0,0,0,0,0,0
"Pallone","Frank J.","frank j pallone,frank pallone","D","NJ","P000034","+","+","+","+","+","+","NJ-06",6,0,0,0,0,0,0,0
"Lance","Leonard","leonard lance","R","NJ","L000567","-","-","-","+",NA,NA,"NJ-07",4,1,116150,0,26000,0,4000,250
"Sires","Albio","albio sires","D","NJ","S001165","+","+","+","+","+","+","NJ-08",6,0,13900,0,9000,0,500,2500
"Pascrell","Bill","bill pascrell","D","NJ","P000096","+","+","+","+","+","+","NJ-09",6,0,0,0,0,0,0,0
"Payne","Donald M.","donald m payne","D","NJ","P000604","+","+","+","+","+","+","NJ-10",6,0,0,0,0,0,0,0
"Frelinghuysen","Rodney P.","rodney p frelinghuysen","R","NJ","F000372","-","-","-","-",NA,NA,"NJ-11",4,0,65200,5000,13000,10500,0,1000
"Holt","Rush D.","rush d holt,rush holt","D","NJ","H001032","+",NA,NA,NA,NA,NA,"NJ-12",1,0,0,0,0,0,0,0
"Lujan Grisham","Michelle","michelle lujan grisham","D","NM","L000580","+","+","+","+",NA,NA,"NM-01",4,0,38350,0,0,5000,27990,4500
"Pearce","Steve","steve pearce,stevan pearce","R","NM","P000588","-",NA,"-","-",NA,NA,"NM-02",3,0,0,0,0,0,0,0
"Luján","Ben Ray","ben ray luj n,ben ray lujan","D","NM","L000570","+","+","+","+","+",NA,"NM-03",5,0,0,0,0,0,0,0
"Bishop","Timothy H.","timothy h bishop","D","NY","B001242","+",NA,NA,NA,NA,NA,"NY-01",1,0,19200,0,1000,0,56428,8200
"King","Peter T.","peter t king","R","NY","K000210","-","-","-","-","-",NA,"NY-02",5,0,0,0,0,0,0,0
"Israel","Steve J.","steve j israel,steve israel","D","NY","I000057","+","+",NA,NA,NA,NA,"NY-03",2,0,0,0,0,0,0,0
"McCarthy","Carolyn","carolyn mccarthy","D","NY","M000309",NA,NA,NA,NA,NA,NA,"NY-04",0,0,3000,0,1000,0,1000,0
"Meeks","Gregory W.","gregory w meeks","D","NY","M001137","+","+","+","+","+","+","NY-05",6,0,25350,0,2000,0,1000,0
"Meng","Grace","grace meng","D","NY","M001188","+","+","+","+","+","+","NY-06",6,0,2505,0,0,0,4881,3200
"Velázquez","Nydia","nydia vel zquez,nydia m vel zquez","D","NY","V000081","+","+","+","+","+","+","NY-07",6,0,0,0,0,0,0,0
"Jeffries","Hakeem S.","hakeem s jeffries","D","NY","J000294","+","+","+","+","+","+","NY-08",6,0,23270,0,5,0,19364,4025
"Clarke","Yvette D.","yvette d clarke","D","NY","C001067","+","+","+","+","+","+","NY-09",6,0,8250,0,3000,0,6530,0
"Nadler","Jerrold L.","jerrold l nadler,jerrold nadler","D","NY","N000002","+","+","+","+","+","+","NY-10",6,0,0,0,0,0,0,0
"Grimm","Michael","michael grimm,michael g grimm","R","NY","G000569","-",NA,NA,NA,NA,NA,"NY-11",1,0,0,0,0,0,0,0
"Maloney","Carolyn B.","carolyn b maloney","D","NY","M000087","+","+","+","+","+","+","NY-12",6,0,52309,0,1005,3000,14102,6500
"Rangel","Charles","charles rangel,charles b rangel","D","NY","R000053","+","+",NA,NA,NA,NA,"NY-13",2,0,0,0,0,0,0,0
"Crowley","Joseph","joseph crowley","D","NY","C001038","+","+","+","+",NA,NA,"NY-14",4,0,37750,0,21250,500,16450,11360
"Serrano","Jose","jose serrano,jose e serrano","D","NY","S000248","+","+","+","+","+",NA,"NY-15",5,0,0,0,0,0,0,0
"Engel","Eliot L.","eliot l engel","D","NY","E000179","+","+","+","+","+",NA,"NY-16",5,0,23600,400,0,9700,7250,6820
"Lowey","Nita M.","nita m lowey","D","NY","L000480","+","+","+","+","+",NA,"NY-17",5,0,4500,0,0,500,27819,2800
"Maloney","Sean Patrick","sean patrick maloney","D","NY","M001185","+","+","+","+","+","+","NY-18",6,0,15826,0,4500,0,58224,5205
"Gibson","Chris","chris gibson","R","NY",NA,"+","+",NA,NA,NA,NA,"NY-19",2,0,0,0,0,0,0,0
"Tonko","Paul D.","paul d tonko,paul tonko","D","NY","T000469","+","+","+","+","+","+","NY-20",6,0,0,0,0,0,0,0
"Owens","Bill","bill owens","D","NY",NA,"+",NA,NA,NA,NA,NA,"NY-21",1,0,0,0,0,0,0,0
"Hanna","Richard","richard hanna,richard l hanna","R","NY","H001051","-","+",NA,NA,NA,NA,"NY-22",2,1,0,0,0,0,0,0
"Reed","Tom","tom reed","R","NY","R000585","-","-","-","-","-","+","NY-23",6,1,690508,1000,157299,5655,5514,97575
"Maffei","Dan","dan maffei","D","NY",NA,"+",NA,NA,NA,NA,NA,"NY-24",1,0,0,0,0,0,0,0
"Slaughter","Louise","louise slaughter","D","NY",NA,"+","+","+",NA,NA,NA,"NY-25",3,0,0,0,0,0,0,0
"Higgins","Brian M.","brian m higgins,brian higgins","D","NY","H001038","+","+","+","+","+","+","NY-26",6,0,0,0,0,0,0,0
"Collins","Chris","chris collins","R","NY","C001092","-","-","-","-","-",NA,"NY-27",5,0,201900,0,69550,0,0,8000
"Butterfield","G.K.","g k butterfield","D","NC","B001251","+","+","+","+","+","+","NC-01",6,0,74500,0,9000,0,7763,8000
"Ellmers","Renee","renee ellmers,renee l ellmers","R","NC","E000291","-","-",NA,NA,NA,NA,"NC-02",2,0,0,0,0,0,0,0
"Jones","Jr.","jr jones","R","NC",NA,"-","-","-","-",NA,NA,"NC-03",4,0,0,0,0,0,0,0
"Price","David","david price,david e price","D","NC","P000523","+","+","+","+","+","+","NC-04",6,0,0,0,0,0,0,0
"Foxx","Virginia","virginia foxx","R","NC","F000450","-","-","-","-","-","-","NC-05",6,0,97504,35250,17509,89838,0,16
"Coble","Howard","howard coble","R","NC","C000556","-",NA,NA,NA,NA,NA,"NC-06",1,0,8000,0,4000,1000,0,0
"McIntyre","Mike","mike mcintyre","D","NC","M000485","+",NA,NA,NA,NA,NA,"NC-07",1,0,44700,0,9000,7500,0,0
"Hudson","Richard","richard hudson","R","NC","H001067","-","-","-","-","-","-","NC-08",6,0,440929,5300,55302,21311,1450,2751
"Pittenger","Robert","robert pittenger","R","NC","P000606","-","-","-","-",NA,NA,"NC-09",4,0,75100,500,34100,3000,0,0
"McHenry","Patrick T.","patrick t mchenry","R","NC","M001156","-","-","-","-","-","-","NC-10",6,0,259358,0,30000,2,5600,27700
"Meadows","Mark","mark meadows","R","NC","M001187","-","-","-","-","-",NA,"NC-11",5,0,90955,500,2000,3000,0,0
"Watt","Mel","mel watt","D","NC",NA,"+",NA,NA,NA,NA,NA,"NC-12",1,0,0,0,0,0,0,0
"Holding","George","george holding","R","NC","H001065","-","-","-","-","-",NA,"NC-13,NC-02,NC-02",5,0,178205,1000,18099,1000,0,49100
"Cramer","Kevin","kevin cramer","R","ND","C001096","-","-","-","-",NA,NA,"ND-AL",4,0,707250,57900,56000,71900,0,28750
"Chabot","Steve","steve chabot","R","OH","C000266","-","-","-","-","-","-","OH-01",6,0,93403,10092,8637,55304,750,310
"Wenstrup","Brad R.","brad r wenstrup","R","OH","W000815","-","-","-","-","-","-","OH-02",6,0,87375,32825,1000,36339,5600,4
"Beatty","Joyce","joyce beatty","D","OH","B001281","+","+","+","+","+","+","OH-03",6,0,21900,0,2000,0,1975,525
"Jordan","Jim","jim jordan","R","OH","J000289","-","-","-","-","-","-","OH-04",6,0,145076,4025,12220,18365,325,1299
"Latta","Bob","bob latta","R","OH",NA,"-","-","-","-","-","-","OH-05",6,0,0,0,0,0,0,0
"Johnson","Bill","bill johnson","R","OH","J000292","-","-","-","-","-","-","OH-06",6,0,681563,246871,147300,439789,2000,19529
"Gibbs","Bob","bob gibbs","R","OH","G000563","-","-","-","-","-","-","OH-07",6,0,258858,68800,60100,127100,2500,4504
"Boehner","John","john boehner,john a boehner","R","OH","B000589",NA,NA,NA,NA,NA,NA,"OH-08",0,0,0,0,0,0,0,0
"Kaptur","Marcy","marcy kaptur","D","OH","K000009","+","+","+","+","+","+","OH-09",6,0,25750,0,10500,24500,11200,28025
"Turner","Michael R.","michael r turner","R","OH","T000463","-","-","-","-","-","-","OH-10",6,0,101906,0,12372,1000,0,4
"Fudge","Marcia L.","marcia l fudge","D","OH","F000455","+","+","+","+","+",NA,"OH-11",5,0,14350,0,2250,0,4000,2500
"Tiberi","Pat","pat tiberi","R","OH",NA,"-","-",NA,NA,NA,NA,"OH-12",2,0,0,0,0,0,0,0
"Ryan","Tim","tim ryan","D","OH","R000577","+","+","+","+",NA,"+","OH-13",5,0,90417,18500,42632,25511,22257,2799
"Joyce","David P.","david p joyce","R","OH","J000295","-","-","-","-","-","-","OH-14",6,0,197254,94464,36322,172739,13500,11604
"Stivers","Steve","steve stivers","R","OH","S001187","-","-","-","-","-",NA,"OH-15",5,0,297955,91825,37000,153500,0,4000
"Renacci","Jim","jim renacci","R","OH",NA,"-","-","-","-",NA,NA,"OH-16",4,0,0,0,0,0,0,0
"Bridenstine","Jim","jim bridenstine","R","OK","B001283","-","-",NA,NA,NA,NA,"OK-01",2,0,0,0,0,0,0,0
"Mullin","Markwayne","markwayne mullin","R","OK","M001190","-","-","-","-","-","-","OK-02",6,0,837365,41600,115025,51600,0,4500
"Lucas","Frank D.","frank d lucas","R","OK","L000491","-","-","-","-","-","-","OK-03",6,0,385225,1500,55025,4500,0,18000
"Cole","Tom","tom cole","R","OK","C001053","-","-","-","-","-","-","OK-04",6,0,626000,23800,105600,30050,5600,24993
"Lankford","James","james lankford","R","OK","L000575","-",NA,NA,NA,NA,NA,"OK-05",1,0,182600,0,12250,4500,0,600
"Bonamici","Suzanne","suzanne bonamici","D","OR","B001278","+","+","+","+","+","+","OR-01",6,0,16329,0,10164,0,36952,5750
"Walden","Greg P.","greg p walden,greg walden","R","OR","W000791","-","-","-","-","-",NA,"OR-02",5,0,0,0,0,0,0,0
"Blumenauer","Earl","earl blumenauer","D","OR","B000574","+","+","+","+","+","+","OR-03",6,0,13632,0,12597,0,37039,84058
"DeFazio","Peter A.","peter a defazio","D","OR","D000191","+","+","+","+","+","+","OR-04",6,0,39361,1,1705,6,61455,5516
"Schrader","Kurt","kurt schrader","D","OR","S001180","+","+","+","+","+","+","OR-05",6,0,235500,4000,59750,6500,3000,12449
"Brady","Robert A.","robert a brady","D","PA","B001227","+","+","+","+",NA,NA,"PA-01",4,0,56200,0,5000,0,0,0
"Fattah","Chaka","chaka fattah","D","PA","F000043","+",NA,NA,NA,NA,NA,"PA-02",1,0,4000,0,3000,1000,1500,0
"Kelly","Mike","mike kelly","R","PA","K000376","-","-","-","-","-","-","PA-03,PA-03,PA-16",6,0,382438,154050,131961,187900,0,2000
"Perry","Scott","scott perry","R","PA","P000605","-","-","-","-","-","-","PA-04,PA-04,PA-10",6,0,161201,0,30711,4634,0,6500
"Perry","Scott","scott perry","R","PA","P000605","-","-","-","-","-","-","PA-04,PA-04,PA-10",6,0,8400,0,3000,0,0,0
"Thompson","Glenn W.","glenn w thompson,glenn thompson","R","PA","T000467","-","-","-","-","-","-","PA-05,PA-05,PA-15",6,0,0,0,0,0,0,0
"Gerlach","Jim","jim gerlach","R","PA","G000549","-",NA,NA,NA,NA,NA,"PA-06",1,0,53750,1000,14250,3000,0,4000
"Meehan","Patrick","patrick meehan","R","PA","M001181","-","-","+",NA,NA,NA,"PA-07",3,1,233350,3000,75400,7000,0,12870
"Fitzpatrick","Michael","michael fitzpatrick,michael g fitzpatrick","R","PA","F000451","-","-",NA,NA,NA,NA,"PA-08",2,0,0,0,0,0,0,0
"Shuster","Bill","bill shuster","R","PA","S001154",NA,"-","-",NA,NA,NA,"PA-09",2,0,591072,105865,209000,188840,0,2000
"Marino","Tom","tom marino","R","PA","M001179","-","-","-","-",NA,NA,"PA-10",4,0,77500,11150,14750,13650,0,10000
"Barletta","Lou","lou barletta","R","PA","B001269","-","-","-","-",NA,NA,"PA-11",4,0,107020,7450,14000,11200,0,0
"Rothfus","Keith J.","keith j rothfus","R","PA","R000598","-","-","-","-",NA,NA,"PA-12",4,0,258411,199190,57450,352579,0,0
"Schwartz","Allyson Y.","allyson y schwartz","D","PA","S001162","+",NA,NA,NA,NA,NA,"PA-13",1,0,13000,0,3000,0,1500,500
"Doyle","Mike","mike doyle","D","PA",NA,"+","+","+","+","+","+","PA-14,PA-14,PA-18",6,0,0,0,0,0,0,0
"Dent","Charlie","charlie dent","R","PA",NA,"-","-","-",NA,NA,NA,"PA-15",3,0,0,0,0,0,0,0
"Pitts","Joe","joe pitts","R","PA",NA,"-","-",NA,NA,NA,NA,"PA-16",2,0,0,0,0,0,0,0
"Cartwright","Matt A.","matt a cartwright,matt cartwright","D","PA","C001090","+","+","+","+","+","+","PA-17,PA-17,PA-08",6,0,0,0,0,0,0,0
"Murphy","Tim","tim murphy","R","PA","M001151","-","-","-",NA,NA,NA,"PA-18",3,0,302250,118408,114300,197183,0,0
"Cicilline","David","david cicilline,david n cicilline","D","RI","C001084","+","+","+","+","+","+","RI-01",6,0,0,0,0,0,0,0
"Langevin","Jim","jim langevin","D","RI",NA,"+","+","+","+","+","+","RI-02",6,0,0,0,0,0,0,0
"Sanford","Mark","mark sanford","R","SC","S000051","-","-","+","+",NA,NA,"SC-01",4,1,37750,0,3000,0,0,8700
"Wilson","Joe","joe wilson","R","SC","W000795","-","-","-","-","-","-","SC-02",6,0,97028,0,3250,1014,0,5225
"Duncan","Jeff","jeff duncan","R","SC","D000615","-","-","-","-","-","-","SC-03",6,0,285763,2000,51000,5000,19463,2400
"Gowdy","Trey","trey gowdy","R","SC","G000566","-","-","-","-",NA,NA,"SC-04",4,0,72675,2700,9500,3950,0,0
"Mulvaney","Mick","mick mulvaney","R","SC","M001182","-","-",NA,NA,NA,NA,"SC-05",2,0,58500,0,3250,0,0,1000
"Clyburn","James E.","james e clyburn","D","SC","C000537","+","+",NA,"+","+","+","SC-06",5,0,114510,0,38500,1003,12000,15225
"Rice","Tom","tom rice","R","SC","R000597","-","-","-","-","-","-","SC-07",6,0,75950,1000,2500,4750,6100,2000
"Noem","Kristi","kristi noem,kristi l noem","R","SD","N000184",NA,"-","-","-",NA,NA,"SD-AL",3,0,0,0,0,0,0,0
"Roe","Phil","phil roe","R","TN",NA,"-","-","-","-","-",NA,"TN-01",5,0,0,0,0,0,0,0
"Duncan","Jr.","jr duncan","R","TN",NA,"-","-","-","-",NA,NA,"TN-02",4,0,0,0,0,0,0,0
"Fleischmann","Chuck","chuck fleischmann","R","TN",NA,"-","-","-","-","-","-","TN-03",6,0,0,0,0,0,0,0
"DesJarlais","Scott","scott desjarlais","R","TN","D000616","-","-","-","-","-","-","TN-04",6,0,38650,1800,0,1800,0,0
"Cooper","Jim","jim cooper","D","TN","C000754","+","+","+","+","+","+","TN-05",6,0,26200,0,3000,0,3700,4950
"Black","Diane","diane black","R","TN","B001273","-","-","-",NA,NA,NA,"TN-06",3,0,168530,3000,14000,5000,1000,4000
"Blackburn","Marsha","marsha blackburn","R","TN","B001243","-","-","-",NA,NA,NA,"TN-07",3,0,284000,3500,43500,9500,0,0
"Fincher","Stephen","stephen fincher","R","TN",NA,"-","-",NA,NA,NA,NA,"TN-08",2,0,0,0,0,0,0,0
"Cohen","Steve","steve cohen","D","TN","C001068","+","+","+","+","+","+","TN-09",6,0,6000,0,2500,0,14005,1500
"Gohmert","Louie","louie gohmert","R","TX","G000552","-","-","-","-","-","-","TX-01",6,0,0,0,0,0,0,0
"Poe","Ted","ted poe","R","TX","P000592","-",NA,NA,"-",NA,NA,"TX-02",2,0,260500,0,40650,0,0,8700
"Johnson","Sam","sam johnson","R","TX","J000174","-","-","-","-",NA,NA,"TX-03",4,0,126450,0,19950,0,0,1000
"Hall","Ralph","ralph hall,ralph m hall","R","TX","H000067","-",NA,NA,NA,NA,NA,"TX-04",1,0,0,0,0,0,0,0
"Hensarling","Jeb","jeb hensarling","R","TX","H001036","-","-","-","-",NA,NA,"TX-05",4,0,347150,0,36350,16900,0,0
"Barton","Joe","joe barton","R","TX","B000213","-","-","-","-",NA,NA,"TX-06",4,0,614132,17000,58350,34500,0,1000
"Culberson","John A.","john a culberson","R","TX",NA,"-","-","-","-",NA,NA,"TX-07",4,0,0,0,0,0,0,0
"Brady","Kevin P.","kevin p brady,kevin brady","R","TX","B000755","-",NA,"-","-","-","-","TX-08",5,0,0,0,0,0,0,0
"Green","Al","al green","D","TX","G000553","+","+","+","+","+","+","TX-09",6,0,49989,0,300,2515,65,1500
"McCaul","Michael T.","michael t mccaul","R","TX","M001157","-","-","-","-","-","-","TX-10",6,0,571441,1000,68332,18134,0,2611
"Conaway","K. Michael","k michael conaway","R","TX","C001062","-","-","-","-","-",NA,"TX-11",5,0,0,0,0,0,0,0
"Granger","Kay","kay granger","R","TX","G000377","-","-","-","-","-","-","TX-12",6,0,386854,1000,14009,3011,8600,2016
"Thornberry","Mac","mac thornberry","R","TX","T000238","-","-","-","-","-",NA,"TX-13",5,0,351250,0,0,0,0,13750
"Weber","Randy K.","randy k weber","R","TX","W000814","-","-","-","-","-","-","TX-14",6,0,399953,0,51300,12800,3600,250
"Hinojosa","Ruben","ruben hinojosa","D","TX","H000636","+","+",NA,NA,NA,NA,"TX-15",2,0,38250,0,6000,0,0,0
"O'Rourke","Beto","beto o rourke","D","TX","O000170","+","+","+","+",NA,NA,"TX-16",4,0,25750,0,250,0,1000,0
"Flores","Bill","bill flores","R","TX","F000461","-","-","-","-","-",NA,"TX-17",5,0,914045,1500,90500,17333,5500,10650
"Jackson Lee","Sheila","sheila jackson lee","D","TX","J000032","+","+","+","+","+","+","TX-18",6,0,0,0,0,0,0,0
"Neugebauer","Randy","randy neugebauer","R","TX","N000182","-","-",NA,NA,NA,NA,"TX-19",2,0,194850,0,5000,5100,0,2500
"Castro","Joaquin","joaquin castro","D","TX","C001091","+","+","+","+","+","+","TX-20",6,0,148578,0,6040,0,12073,8340
"Smith","Lamar S.","lamar s smith,lamar smith","R","TX","S000583","-","-","-","-",NA,NA,"TX-21",4,0,0,0,0,0,0,0
"Olson","Pete","pete olson","R","TX","O000168","-","-","-","-","-",NA,"TX-22",5,0,905351,3000,174649,13100,1000,8700
"Gallego","Pete P.","pete p gallego","D","TX","G000572","-",NA,NA,NA,NA,NA,"TX-23",1,0,68300,3000,7600,4250,70509,1250
"Marchant","Kenny E.","kenny e marchant,kenny marchant","R","TX","M001158","-","-","-","-","-",NA,"TX-24",5,0,0,0,0,0,0,0
"Williams","Roger","roger williams","R","TX","W000816","-","-","-","-","-","-","TX-25",6,0,958779,0,28449,10100,0,10
"Burgess","Michael C.","michael c burgess","R","TX","B001248","-","-","-","-","-","-","TX-26",6,0,293881,0,21300,1000,2800,6200
"Farenthold","Blake","blake farenthold","R","TX","F000460","-","-","-",NA,NA,NA,"TX-27",3,0,332327,0,44500,4333,6600,0
"Cuellar","Henry","henry cuellar","D","TX","C001063","-","-","-","-","+","+","TX-28",6,1,799964,3750,95500,35550,0,500
"Green","Gene","gene green","D","TX","G000410","-","+","+","+",NA,NA,"TX-29",4,1,330750,1000,92800,1000,0,0
"Johnson","Eddie Bernice","eddie bernice johnson","D","TX","J000126","+","+","+","+","+","+","TX-30",6,0,47526,0,6500,0,10800,1000
"Carter","John R.","john r carter","R","TX","C001051","-","-","-","-","-","-","TX-31",6,0,255928,317,23470,4744,13,5426
"Sessions","Pete","pete sessions","R","TX","S000250","-","-","-","-",NA,"-","TX-32,TX-32,TX-17",5,0,740425,3500,94300,15000,0,0
"Veasey","Marc A.","marc a veasey","D","TX","V000131","+","-","+","+","+","+","TX-33",6,2,396605,0,36500,0,9200,2350
"Vela","Filemon","filemon vela","D","TX","V000132","-","+","+","+","+","+","TX-34",6,1,174856,0,29500,0,1000,3500
"Doggett","Lloyd A.","lloyd a doggett,lloyd doggett","D","TX","D000399","+","+","+","+","+","+","TX-35",6,0,0,0,0,0,0,0
"Stockman","Steve","steve stockman","R","TX","S000937","-",NA,NA,NA,NA,NA,"TX-36",1,0,20500,1000,0,1000,0,0
"Bishop","Rob","rob bishop","R","UT","B001250","-","-","-","-","-",NA,"UT-01",5,0,437304,40250,49500,96250,26200,5599
"Stewart","Chris","chris stewart","R","UT","S001192","-","-","-","-","-","-","UT-02",6,0,317979,17956,25650,44459,0,7800
"Chaffetz","Jason","jason chaffetz","R","UT","C001076","-","-",NA,NA,NA,NA,"UT-03",2,0,128050,12000,6250,18000,0,0
"Matheson","Jim","jim matheson","D","UT","M001142","-",NA,NA,NA,NA,NA,"UT-04",1,0,153650,17000,38900,32000,0,0
"Welch","Peter F.","peter f welch,peter welch","D","VT","W000800","+","+","+","+","+","+","VT-AL",6,0,0,0,0,0,0,0
"Wittman","Rob","rob wittman","R","VA",NA,"-","-","-","-","-","-","VA-01",6,0,0,0,0,0,0,0
"Rigell","Scott","scott rigell,e scott rigell","R","VA","R000589","-","-",NA,NA,NA,NA,"VA-02",2,0,0,0,0,0,0,0
"Scott","Robert C.","robert c scott","D","VA",NA,"+","+","+","+","+","+","VA-03",6,0,0,0,0,0,0,0
"Forbes","J. Randy","j randy forbes","R","VA","F000445","-","-",NA,NA,NA,NA,"VA-04",2,0,17750,0,4000,5200,0,0
"Hurt","Robert","robert hurt","R","VA","H001060",NA,"-",NA,NA,NA,NA,"VA-05",1,0,67775,26600,15500,35500,0,0
"Goodlatte","Bob","bob goodlatte","R","VA","G000289","-","-","-","-",NA,NA,"VA-06",4,0,108950,0,11700,3000,0,0
"Cantor","Eric","eric cantor","R","VA","C001046","-",NA,NA,NA,NA,NA,"VA-07",1,0,427401,101997,37000,192040,0,5300
"Moran","James P.","james p moran","D","VA","M000933","+",NA,NA,NA,NA,NA,"VA-08",1,0,0,0,0,0,0,0
"Griffith","Morgan","morgan griffith,h morgan griffith","R","VA","G000568","-","-","-","-","-","-","VA-09",6,0,0,0,0,0,0,0
"Wolf","Frank","frank wolf,frank r wolf","R","VA","W000672","-",NA,NA,NA,NA,NA,"VA-10",1,0,0,0,0,0,0,0
"Connolly","Gerald E.","gerald e connolly","D","VA","C001078","+","+","+","+","+","+","VA-11",6,0,0,0,0,0,0,0
"DelBene","Suzan K.","suzan k delbene","D","WA","D000617","+","+","+","+","+","+","WA-01",6,0,38316,0,500,0,145845,3075
"Larsen","Rick","rick larsen","D","WA","L000560","+","+","+","+","+","+","WA-02",6,0,161552,12000,60500,13000,10165,290
"Herrera-Beutler","Jaime","jaime herrera beutler","R","WA","H001056",NA,"-","-","-",NA,"-","WA-03",4,0,153883,3700,19388,13418,10854,1198
"Hastings","Doc","doc hastings","R","WA","H000329","-",NA,NA,NA,NA,NA,"WA-04",1,0,200299,40353,17500,127178,12000,5250
"McMorris Rodgers","Cathy","cathy mcmorris rodgers","R","WA","M001159","-","-","-","-","-","-","WA-05",6,0,542838,6567,56108,122132,1000,11836
"Kilmer","Derek","derek kilmer","D","WA","K000381","+","+","+","+","+","+","WA-06",6,0,31955,0,0,135,141844,8401
"McDermott","Jim","jim mcdermott","D","WA","M000404","+","+",NA,NA,NA,NA,"WA-07",2,0,2500,0,0,0,12600,1500
"McDermott","Jim","jim mcdermott","D","WA","M000404","+","+",NA,NA,NA,NA,"WA-07",2,0,500,0,0,0,2950,0
"Reichert","Dave","dave reichert","R","WA",NA,"-","-","+","+",NA,NA,"WA-08",4,1,0,0,0,0,0,0
"Smith","Adam","adam smith","D","WA","S000510","+","+","+","+","+","+","WA-09",6,0,2500,0,0,0,11575,11950
"Heck","Denny","denny heck","D","WA","H001064","+","+","+","+","+",NA,"WA-10",5,0,8100,0,100,0,46700,13750
"McKinley","David","david mckinley,david b mckinley","R","WV","M001180","-","-","-","-","-","-","WV-01",6,0,0,0,0,0,0,0
"Capito","Shelley Moore","shelley moore capito","R","WV","C001047","-",NA,NA,NA,NA,NA,"WV-02",1,0,65200,102636,7500,177936,0,0
"Rahall","Nick","nick rahall,nick j rahall","D","WV","R000011","+",NA,NA,NA,NA,NA,"WV-03",1,0,0,0,0,0,0,0
"Ryan","Paul","paul ryan,paul d ryan","R","WI","R000570","-",NA,NA,NA,NA,NA,"WI-01",1,0,0,0,0,0,0,0
"Pocan","Mark","mark pocan","D","WI","P000607","+","+","+","+","+","+","WI-02",6,0,16918,0,4012,36,21902,8701
"Kind","Ron","ron kind","D","WI","K000188","+","+","+","+","+","+","WI-03",6,0,49332,0,11800,0,32900,37100
"Moore","Gwen","gwen moore","D","WI","M001160","+","+","+","+","+","+","WI-04",6,0,50,0,0,0,6575,0
"Sensenbrenner","James F.","james f sensenbrenner","R","WI",NA,"-","-","-","-","-",NA,"WI-05",5,0,0,0,0,0,0,0
"Petri","Tom","tom petri","R","WI",NA,"-",NA,NA,NA,NA,NA,"WI-06",1,0,0,0,0,0,0,0
"Duffy","Sean","sean duffy,sean p duffy","R","WI","D000614","-","-","-","-","-",NA,"WI-07",5,0,0,0,0,0,0,0
"Ribble","Reid","reid ribble,reid j ribble","R","WI","R000587","-","-",NA,NA,NA,NA,"WI-08",2,0,0,0,0,0,0,0
"Lummis","Cynthia M.","cynthia m lummis","R","WY","L000571",NA,"-",NA,NA,NA,NA,"WY-AL",1,0,229650,68800,22500,102900,0,0
"Byrne","Bradley","bradley byrne","R","AL","B001289",NA,"-","-","-","-",NA,"AL-01",4,0,87900,30400,10000,32900,3700,0
"Palmer","Gary","gary palmer,gary j palmer","R","AL","P000609",NA,"-","-","-","-","-","AL-06",5,0,0,0,0,0,0,0
"McSally","Martha","martha mcsally","R","AZ","M001197",NA,"-","-","-",NA,NA,"AZ-02",3,0,150611,13600,2500,28925,525,1700
"Gallego","Ruben","ruben gallego","D","AZ","G000574",NA,"+","+","+","+","+","AZ-07",5,0,7223,0,2565,2045,21124,45848
"Hill","French","french hill,j french hill","R","AR","H001072",NA,"-","-","-","-","-","AR-02",5,0,0,0,0,0,0,0
"Westerman","Bruce","bruce westerman","R","AR","W000821",NA,"-","-","-","-","-","AR-04",5,0,246650,7200,20000,14200,0,2750
"DeSaulnier","Mark","mark desaulnier","D","CA","D000623",NA,"+","+","+","+","+","CA-11",5,0,29875,0,0,0,13590,1550
"Knight","Steve","steve knight","R","CA",NA,NA,"-","+","-",NA,NA,"CA-25",3,2,0,0,0,0,0,0
"Aguilar","Pete","pete aguilar","D","CA","A000371",NA,"+","+",NA,"+","+","CA-31",4,0,16868,0,2186,4,84583,2558
"Lieu","Ted","ted lieu","D","CA","L000582",NA,"+","+","+","+","+","CA-33",5,0,8053,0,6300,0,30018,8180
"Torres","Norma","norma torres,norma j torres","D","CA","T000474",NA,"+","+","+","+","+","CA-35",5,0,0,0,0,0,0,0
"Walters","Mimi","mimi walters","R","CA","W000820",NA,"-","-","-",NA,NA,"CA-45",3,0,267350,5000,36400,10200,0,6700
"Buck","Ken","ken buck","R","CO","B001297",NA,"-","-","-","-","-","CO-04",5,0,261600,4300,31350,17400,0,4000
"Graham","Gwen","gwen graham","D","FL","G000575",NA,"+",NA,NA,NA,NA,"FL-02",1,0,11250,0,1000,300,68120,0
"Jolly","David W.","david w jolly","R","FL","J000296",NA,"+",NA,NA,NA,NA,"FL-13",1,0,43000,0,3500,0,1250,1000
"Clawson","Curtis","curtis clawson,curt clawson","R","FL","C001102",NA,"-",NA,NA,NA,NA,"FL-19",1,0,0,0,0,0,0,0
"Curbelo","Carlos","carlos curbelo","R","FL","C001107",NA,"+",NA,"+",NA,NA,"FL-26",2,0,190661,2700,19800,2700,29042,11700
"Carter","Buddy","buddy carter","R","GA",NA,NA,"-","-","-","-",NA,"GA-01",4,0,0,0,0,0,0,0
"Hice","Jody","jody hice,jody b hice","R","GA","H001071",NA,"-","-","-","-","-","GA-10",5,0,0,0,0,0,0,0
"Loudermilk","Barry","barry loudermilk","R","GA","L000583",NA,"-",NA,"-","-","-","GA-11",4,0,67855,0,7000,500,0,0
"Allen","Rick","rick allen,rick w allen","R","GA","A000372",NA,"-","-","-","-","-","GA-12",5,0,0,0,0,0,0,0
"Takai","Mark","mark takai","D","HI","T000473",NA,NA,NA,NA,NA,NA,"HI-01",0,0,2250,0,0,0,7700,15600
"Dold","Robert","robert dold,robert j dold","R","IL","D000613",NA,"+",NA,NA,NA,NA,"IL-10",1,0,0,0,0,0,0,0
"Bost","Mike","mike bost","R","IL","B001295",NA,"-","-","-","-","-","IL-12",5,0,154221,109600,18498,173525,0,25500
"LaHood","Darin","darin lahood","R","IL","L000585",NA,"-","-","-","-","-","IL-18",5,0,190750,9200,31500,18700,0,98300
"Blum","Rod","rod blum","R","IA","B001294",NA,"-","-","-",NA,NA,"IA-01",3,0,98426,5000,8952,5000,0,38800
"Young","David","david young","R","IA","Y000066",NA,"-","-","-",NA,NA,"IA-03",3,0,118984,10610,25662,10680,204,94871
"Abraham","Ralph","ralph abraham","R","LA",NA,NA,"-","-","-","-",NA,"LA-05",4,0,0,0,0,0,0,0
"Graves","Garret","garret graves","R","LA","G000577",NA,"-","-","-","-",NA,"LA-06",4,0,679895,2000,154451,25250,52250,6500
"Poliquin","Bruce","bruce poliquin","R","ME","P000611",NA,"-","-","-",NA,NA,"ME-02",3,0,159670,9600,10500,9700,0,7293
"Clark","Katherine M.","katherine m clark","D","MA","C001101",NA,"+","+","+","+","+","MA-05",5,0,34415,0,13400,300,26103,6560
"Moulton","Seth","seth moulton","D","MA","M001196",NA,"+","+","+","+","+","MA-06",5,0,20193,5,5008,506,37393,4043
"Moolenaar","John","john moolenaar,john r moolenaar","R","MI","M001194",NA,"-","-","-","-","-","MI-04",5,0,0,0,0,0,0,0
"Bishop","Mike","mike bishop","R","MI","B001293",NA,"-","-","-",NA,NA,"MI-08",3,0,167554,5000,13052,6800,0,0
"Trott","Dave","dave trott","R","MI",NA,NA,"-","-","-",NA,NA,"MI-11",3,0,0,0,0,0,0,0
"Dingell","Debbie","debbie dingell","D","MI","D000624",NA,"+","+","+","+","+","MI-12",5,0,45464,0,14500,4500,30968,1500
"Lawrence","Brenda","brenda lawrence,brenda l lawrence","D","MI","L000581",NA,"+","+","+","+","+","MI-14",5,0,0,0,0,0,0,0
"Emmer","Tom","tom emmer","R","MN","E000294",NA,"-","-","-",NA,"-","MN-06",4,0,131504,500,6813,5052,0,64228
"Kelly","Trent","trent kelly","R","MS","K000388",NA,"-","-","-","-","-","MS-01",5,0,81452,5550,4000,5550,0,0
"Zinke","Ryan","ryan zinke,ryan k zinke","R","MT","Z000018",NA,"-",NA,NA,NA,NA,"MT-AL",1,0,0,0,0,0,0,0
"Ashford","Brad","brad ashford","D","NE","A000373",NA,"-",NA,NA,NA,NA,"NE-02",1,0,34250,2000,2250,3000,8990,8000
"Hardy","Cresent","cresent hardy","R","NV","H001070",NA,"-",NA,NA,NA,NA,"NV-04",1,0,66600,0,12000,25000,0,2000
"Guinta","Frank","frank guinta,frank c guinta","R","NH","G000570",NA,"-",NA,NA,NA,NA,"NH-01",1,0,0,0,0,0,0,0
"Norcross","Donald W.","donald w norcross,donald norcross","D","NJ","N000188",NA,"+","+","+","+",NA,"NJ-01",4,0,0,0,0,0,0,0
"MacArthur","Tom","tom macarthur","R","NJ",NA,NA,"-","-","-",NA,NA,"NJ-03",3,0,0,0,0,0,0,0
"Watson Coleman","Bonnie","bonnie watson coleman","D","NJ","W000822",NA,"+",NA,"+","+","+","NJ-12",4,0,2012,0,0,0,22094,1000
"Zeldin","Lee","lee zeldin,lee m zeldin","R","NY","Z000017",NA,"-","-","-","-","-","NY-01",5,0,0,0,0,0,0,0
"Rice","Kathleen","kathleen rice,kathleen m rice","D","NY","R000602",NA,"+","+",NA,"+","+","NY-04",4,0,0,0,0,0,0,0
"Donovan","Daniel M.","daniel m donovan","R","NY","D000625",NA,"-","-","-",NA,NA,"NY-11",3,0,0,0,0,0,0,0
"Stefanik","Elise","elise stefanik,elise m stefanik","R","NY","S001196",NA,"+","+","+","+","-","NY-21",5,1,0,0,0,0,0,0
"Katko","John","john katko","R","NY","K000386",NA,"+","+","+","+","+","NY-24",5,0,303028,0,51184,60,1000,2019
"Walker","Bradley Mark","bradley mark walker","R","NC",NA,NA,"-","-","-","-",NA,"NC-06",4,0,0,0,0,0,0,0
"Rouzer","David","david rouzer","R","NC","R000603",NA,"-","-","-","-","-","NC-07",5,0,159906,0,12349,2,1700,3500
"Adams","Alma","alma adams,alma s adams","D","NC","A000370",NA,"+","+","+","+","+","NC-12",5,0,0,0,0,0,0,0
"Davidson","Warren","warren davidson","R","OH","D000626",NA,"-","-","-","-","-","OH-08",5,0,30932,0,525,1002,100,4
"Russell","Steve","steve russell","R","OK","R000604",NA,"-","-","-",NA,NA,"OK-05",3,0,266150,0,21500,8000,0,0
"Costello","Ryan","ryan costello,ryan a costello","R","PA","C001106",NA,"-","+","+",NA,NA,"PA-06",3,1,0,0,0,0,0,0
"Boyle","Brendan","brendan boyle,brendan f boyle","D","PA","B001296",NA,"+","+","+","+","+","PA-13,PA-13,PA-02",5,0,0,0,0,0,0,0
"Ratcliffe","John","john ratcliffe","R","TX","R000601",NA,"-","-","-","-",NA,"TX-04",4,0,170550,0,17900,1000,0,0
"Hurd","Will","will hurd","R","TX","H001073",NA,"-","-","-","-",NA,"TX-23",4,0,990619,9267,89849,12017,0,6850
"Babin","Brian","brian babin","R","TX","B001291",NA,"-","-","-","-","-","TX-36",5,0,248858,0,27900,10114,1000,0
"Love","Mia","mia love,mia b love","R","UT","L000584",NA,"-","-","-",NA,NA,"UT-04",3,0,0,0,0,0,0,0
"Brat","David Alan","david alan brat","R","VA",NA,NA,"-","-","-",NA,NA,"VA-07",3,0,0,0,0,0,0,0
"Beyer","Donald","donald beyer,donald s beyer","D","VA","B001292",NA,"+","+","+","+","+","VA-08",5,0,0,0,0,0,0,0
"Comstock","Barbara","barbara comstock","R","VA","C001105",NA,"-","-","-",NA,NA,"VA-10",3,0,240428,19650,60950,31650,500,0
"Newhouse","Dan","dan newhouse","R","WA","N000189",NA,"-","-","-","-","-","WA-04",5,0,63210,4000,8450,11000,2250,250
"Mooney","Alex","alex mooney","R","WV",NA,NA,"-","-","-","-","-","WV-02",5,0,0,0,0,0,0,0
"Jenkins","Evan","evan jenkins,evan h jenkins","R","WV","J000297",NA,"-","-","-",NA,NA,"WV-03",3,0,0,0,0,0,0,0
"Grothman","Glenn","glenn grothman","R","WI","G000576",NA,"-","-","-","-","-","WI-06",5,0,95743,67,5599,567,0,1550
"O'Halleran","Tom","tom o halleran","D","AZ","O000171",NA,NA,"+","+","+","+","AZ-01",4,0,26272,5000,15150,18024,38769,12792
"Biggs","Andy","andy biggs","R","AZ","B001302",NA,NA,"-","-","-","-","AZ-05",4,0,52353,0,13000,24050,0,2800
"Khanna","Ro","ro khanna","D","CA","K000389",NA,NA,"+","+","+","+","CA-17",4,0,25697,40,2507,5665,26107,14867
"Panetta","Jimmy","jimmy panetta","D","CA","P000613",NA,NA,"+","+","+","+","CA-20",4,0,20500,0,14500,0,26575,3250
"Carbajal","Salud","salud carbajal,salud o carbajal","D","CA","C001112",NA,NA,"+","+","+","+","CA-24",4,0,0,0,0,0,0,0
"Gomez","Jimmy","jimmy gomez","D","CA","G000585",NA,NA,"+","+","+","+","CA-34",4,0,6258,0,4750,0,19667,24550
"Barragán","Nanette","nanette barrag n","D","CA",NA,NA,NA,"+","+","+","+","CA-44",4,0,0,0,0,0,0,0
"Correa","J.","j correa","D","CA",NA,NA,NA,"+","+","+","+","CA-46",4,0,0,0,0,0,0,0
"Blunt Rochester","Lisa","lisa blunt rochester","D","DE","B001303",NA,NA,"+","+","+","+","DE-AL",4,0,14723,0,8186,0,34063,300
"Gaetz","Matt","matt gaetz","R","FL","G000578",NA,NA,"-",NA,"-","+","FL-01",3,1,22810,0,0,0,0,0
"Dunn","Neal","neal dunn,neal p dunn","R","FL","D000628",NA,NA,"-","-","-","-","FL-02",4,0,0,0,0,0,0,0
"Rutherford","John","john rutherford,john h rutherford","R","FL","R000609",NA,NA,"-","-","-","-","FL-04",4,0,0,0,0,0,0,0
"Lawson","Al","al lawson","D","FL","L000586",NA,NA,NA,"+","+","+","FL-05",3,0,500,0,0,0,12337,0
"Murphy","Stephanie","stephanie murphy,stephanie n murphy","D","FL","M001202",NA,NA,"+","+","+","+","FL-07",4,0,0,0,0,0,0,0
"Soto","Darren","darren soto","D","FL","S001200",NA,NA,"+","+","+","+","FL-09",4,0,750,0,750,5100,16693,2500
"Demings","Val","val demings","D","FL",NA,NA,NA,"+","+","+","+","FL-10",4,0,0,0,0,0,0,0
"Crist","Charlie","charlie crist","D","FL","C001111",NA,NA,"+","+","+","+","FL-13",4,0,62130,0,0,0,54010,12002
"Mast","Brian","brian mast,brian j mast","R","FL","M001199",NA,NA,"+","+","+","+","FL-18",4,0,0,0,0,0,0,0
"Rooney","Francis","francis rooney","R","FL","R000607",NA,NA,NA,"+","+",NA,"FL-19",2,0,24300,0,0,0,0,0
"Ferguson","A. Drew","a drew ferguson","R","GA","F000465",NA,NA,"-","-","-","-","GA-03",4,0,94490,7800,15035,8800,0,0
"Handel","Karen","karen handel,karen c handel","R","GA","H001078",NA,NA,"-","-",NA,NA,"GA-06",2,0,0,0,0,0,0,0
"Krishnamoorthi","Raja","raja krishnamoorthi","D","IL","K000391",NA,NA,"+","+","+","+","IL-08",4,0,75924,500,2400,1500,32915,34027
"Banks","Jim","jim banks","R","IN","B001299",NA,NA,"-","-","-","-","IN-03",4,0,66040,0,500,4000,58150,30
"Hollingsworth","Trey","trey hollingsworth","R","IN","H001074",NA,NA,"-","-","-","-","IN-09",4,0,67950,13000,0,16000,0,27000
"Marshall","Roger","roger marshall","R","KS","M001198",NA,NA,"-","-","-",NA,"KS-01",3,0,48082,0,7000,0,0,73693
"Estes","Ron","ron estes","R","KS","E000298",NA,NA,"-","-","-","-","KS-04",4,0,233599,0,7000,0,0,84550
"Comer","James","james comer","R","KY","C001108",NA,NA,"-","-","-","-","KY-01",4,0,43100,25751,3000,29751,0,11000
"Higgins","Clay","clay higgins","R","LA","H001077",NA,NA,"-","-","-","-","LA-03",4,0,115876,0,30150,13,0,0
"Johnson","Mike","mike johnson","R","LA","J000299",NA,NA,"-","-","-",NA,"LA-04",3,0,224575,0,23400,16000,8100,0
"Brown","Anthony","anthony brown,anthony g brown","D","MD","B001304",NA,NA,"+","+","+","+","MD-04",4,0,0,0,0,0,0,0
"Raskin","Jamie","jamie raskin","D","MD","R000606",NA,NA,"+","+","+","+","MD-08",4,0,3,0,0,0,42885,2500
"Bergman","Jack","jack bergman","R","MI","B001301",NA,NA,"-","-","-","-","MI-01",4,0,0,0,0,0,0,0
"Mitchell","Paul","paul mitchell","R","MI",NA,NA,NA,"-","-","-",NA,"MI-10",3,0,0,0,0,0,0,0
"Lewis","Jason","jason lewis","R","MN","L000587",NA,NA,"-","-",NA,NA,"MN-02",2,0,104675,5000,10552,7000,0,2700
"Gianforte","Greg","greg gianforte","R","MT","G000584",NA,NA,"-","-","-",NA,"MT-AL",3,0,239151,39425,6622,43425,0,350
"Bacon","Don","don bacon","R","NE","B001298",NA,NA,"-","-","-","-","NE-02",4,0,0,0,0,0,0,0
"Rosen","Jacky","jacky rosen","D","NV","R000608",NA,NA,"+","+",NA,NA,"NV-03",2,0,2600,0,0,7000,38553,250
"Kihuen","Ruben","ruben kihuen,ruben j kihuen","D","NV","K000390",NA,NA,"+","+",NA,NA,"NV-04",2,0,0,0,0,0,0,0
"Gottheimer","Josh","josh gottheimer","D","NJ","G000583",NA,NA,"+","+","+","+","NJ-05",4,0,140065,0,12900,1250,109872,28999
"Suozzi","Thomas","thomas suozzi,thomas r suozzi","D","NY","S001201",NA,NA,"+","+","+","+","NY-03",4,0,0,0,0,0,0,0
"Espaillat","Adriano","adriano espaillat","D","NY","E000297",NA,NA,"+","+","+","+","NY-13",4,0,1000,0,0,0,3552,2500
"Faso","John","john faso,john j faso","R","NY","F000464",NA,NA,"+","+",NA,NA,"NY-19",2,0,0,0,0,0,0,0
"Tenney","Claudia","claudia tenney","R","NY","T000478",NA,NA,"-","-",NA,"-","NY-22",3,0,220958,5025,18930,5863,4,267
"Budd","Ted","ted budd","R","NC","B001305",NA,NA,"-","-","-","-","NC-13",4,0,79569,0,5599,2002,0,0
"Evans","Dwight","dwight evans","D","PA","E000296",NA,NA,"+","+","+","+","PA-02,PA-03",4,0,6745,0,0,0,13988,5400
"Fitzpatrick","Brian","brian fitzpatrick,brian k fitzpatrick","R","PA","F000466",NA,NA,"+","+","+","+","PA-08,PA-01",4,0,0,0,0,0,0,0
"Smucker","Lloyd","lloyd smucker","R","PA","S001199",NA,NA,"-","-","-","-","PA-16,PA-11",4,0,138606,5000,29552,12400,0,1000
"Norman","Ralph","ralph norman","R","SC","N000190",NA,NA,"-","-","-","-","SC-05",4,0,42628,0,350,250,0,7300
"Kustoff","David","david kustoff","R","TN","K000392",NA,NA,"-","-","-","-","TN-08",4,0,60900,0,0,0,0,1000
"Gonzalez","Vicente","vicente gonzalez","D","TX","G000581",NA,NA,"-","+","+","+","TX-15",4,1,200262,0,38500,1000,3625,0
"Arrington","Jodey","jodey arrington,jodey c arrington","R","TX","A000375",NA,NA,"-","-","-","-","TX-19",4,0,0,0,0,0,0,0
"Taylor","Scott","scott taylor","R","VA","T000477",NA,NA,"-","-",NA,NA,"VA-02",2,0,118911,24100,12769,27531,800,2501
"McEachin","A. Donald","a donald mceachin","D","VA","M001200",NA,NA,NA,"+","+","+","VA-04",3,0,28050,0,16500,0,51335,30850
"Garrett","Thomas","thomas garrett,thomas a garrett","R","VA","G000580",NA,NA,NA,"-",NA,NA,"VA-05",1,0,0,0,0,0,0,0
"Jayapal","Pramila","pramila jayapal","D","WA","J000298",NA,NA,"+","+","+","+","WA-07",4,0,1870,2500,21,2656,50018,1177
"Gallagher","Mike","mike gallagher","R","WI","G000579",NA,NA,"-","-","-","-","WI-08",4,0,144221,0,10500,2004,50,1000
"Cheney","Liz","liz cheney","R","WY","C001109",NA,NA,"-","-","-","-","WY-AL",4,0,380859,54650,14009,81316,2000,16
"Cloud","Michael","michael cloud","R","OH",NA,NA,NA,NA,"-","-","-","OH-10,TX-27",3,0,0,0,0,0,0,0
"Lesko","Debbie","debbie lesko","R","OH",NA,NA,NA,NA,"-","-","-","OH-10,AZ-08",3,0,0,0,0,0,0,0
"Lamb","Conor","conor lamb","D","PA","L000588",NA,NA,NA,"+","+","+","PA-18,PA-17",3,0,43285,17700,9064,18210,27555,10528
"Curtis","John","john curtis,john r curtis","R","UT","C001114",NA,NA,NA,"-","-","-","UT-03",3,0,0,0,0,0,0,0
"Radewagen","Amata Coleman","amata coleman radewagen","R","AS",NA,NA,NA,NA,NA,"-",NA,"AS-AL",1,0,0,0,0,0,0,0
"Stanton","Greg","greg stanton","D","AZ","S001211",NA,NA,NA,NA,"+","+","AZ-09",2,0,17865,0,17525,17805,11333,505
"Harder","Josh","josh harder","D","CA","H001090",NA,NA,NA,NA,"+","+","CA-10",2,0,10458,0,395,109,72928,28186
"Cox","TJ","tj cox","D","CA","C001124",NA,NA,NA,NA,"+",NA,"CA-21",1,0,13035,3,2812,304,58063,31064
"Hill","Katie","katie hill","D","CA","H001087",NA,NA,NA,NA,"+",NA,"CA-25",1,0,9556,0,278,110,43027,12678
"Cisneros","Gilbert","gilbert cisneros","D","CA",NA,NA,NA,NA,NA,"+",NA,"CA-39",1,0,0,0,0,0,0,0
"Porter","Katie","katie porter","D","CA","P000618",NA,NA,NA,NA,"+","+","CA-45",2,0,14820,12,1006,163,78789,22428
"Rouda","Harley","harley rouda","D","CA","R000616",NA,NA,NA,NA,"+",NA,"CA-48",1,0,15480,0,2120,1,75876,22755
"Levin","Mike","mike levin","D","CA","L000593",NA,NA,NA,NA,"+","+","CA-49",2,0,10078,0,5909,2,87534,33233
"Neguse","Joe","joe neguse","D","CO","N000191",NA,NA,NA,NA,"+","+","CO-02",2,0,0,0,0,0,0,0
"Crow","Jason","jason crow","D","CO","C001121",NA,NA,NA,NA,"+","+","CO-06",2,0,27052,0,4652,532,118750,13596
"Hayes","Jahana","jahana hayes","D","CT","H001081",NA,NA,NA,NA,"+","+","CT-05",2,0,841,0,257,1,19010,1367
"Norton","Eleanor Holmes","eleanor holmes norton","D","DC","N000147",NA,NA,NA,NA,"+",NA,"DC-AL",1,0,0,0,0,0,0,0
"Waltz","Michael","michael waltz","R","FL","W000823",NA,NA,NA,NA,"+","-","FL-06",2,1,45896,0,0,1004,250,3550
"Spano","Ross","ross spano","R","FL","S001210",NA,NA,NA,NA,"-",NA,"FL-15",1,0,17884,67,2810,76,0,25
"Steube","Greg","greg steube","R","FL",NA,NA,NA,NA,NA,"-","-","FL-17",2,0,0,0,0,0,0,0
"Mucarsel-Powell","Debbie","debbie mucarsel powell","D","FL",NA,NA,NA,NA,NA,"+",NA,"FL-26",1,0,0,0,0,0,0,0
"Shalala","Donna","donna shalala,donna e shalala","D","FL","S001206",NA,NA,NA,NA,"+",NA,"FL-27",1,0,0,0,0,0,0,0
"McBath","Lucy","lucy mcbath","D","GA","M001208",NA,NA,NA,NA,"+","+","GA-06",2,0,21830,0,1522,30,52957,7791
"San Nicolas","Michael","michael san nicolas","D","GU",NA,NA,NA,NA,NA,"+",NA,"GU-AL",1,0,0,0,0,0,0,0
"Case","Ed","ed case","D","HI","C001055",NA,NA,NA,NA,"+","+","HI-01",2,0,0,0,0,0,1750,500
"Fulcher","Russ","russ fulcher","R","ID","F000469",NA,NA,NA,NA,"-",NA,"ID-01",1,0,27700,0,0,6750,0,1500
"García","Jesús","jes s garc a","D","IL",NA,NA,NA,NA,NA,"+","+","IL-04",2,0,0,0,0,0,0,0
"Casten","Sean","sean casten","D","IL","C001117",NA,NA,NA,NA,"+","+","IL-06",2,0,18340,0,1077,303,80446,62542
"Underwood","Lauren","lauren underwood","D","IL","U000040",NA,NA,NA,NA,"+","+","IL-14",2,0,22030,0,556,10,67810,8389
"Baird","James","james baird,james r baird","R","IN","B001307",NA,NA,NA,NA,"-","-","IN-04",2,0,0,0,0,0,0,0
"Pence","Greg","greg pence","R","IN","P000615",NA,NA,NA,NA,"-","-","IN-06",2,0,133209,41500,2700,96201,0,28850
"Finkenauer","Abby","abby finkenauer","D","IA","F000467",NA,NA,NA,NA,"+",NA,"IA-01",1,0,24661,700,11,717,74184,66430
"Axne","Cynthia","cynthia axne","D","IA","A000378",NA,NA,NA,NA,"+","+","IA-03",2,0,0,0,0,0,0,0
"Watkins","Steven","steven watkins,steve watkins","R","KS","W000824",NA,NA,NA,NA,"-",NA,"KS-02",1,0,0,0,0,0,0,0
"Davids","Sharice","sharice davids","D","KS","D000629",NA,NA,NA,NA,"+","+","KS-03",2,0,16661,0,2807,1628,63346,25113
"Golden","Jared","jared golden,jared f golden","D","ME","G000592",NA,NA,NA,NA,"+","+","ME-02",2,0,0,0,0,0,0,0
"Trone","David","david trone,david j trone","D","MD","T000483",NA,NA,NA,NA,"+",NA,"MD-06",1,0,0,0,0,0,0,0
"Trahan","Lori","lori trahan","D","MA","T000482",NA,NA,NA,NA,"+","+","MA-03",2,0,2615,0,0,5400,7264,6029
"Pressley","Ayanna","ayanna pressley","D","MA","P000617",NA,NA,NA,NA,"+","+","MA-07",2,0,7035,0,36,25,8830,3047
"Slotkin","Elissa","elissa slotkin","D","MI","S001208",NA,NA,NA,NA,"+","+","MI-08",2,0,23229,0,7953,0,121758,4988
"Levin","Andy","andy levin","D","MI","L000592",NA,NA,NA,NA,"+","+","MI-09",2,0,7,0,2,0,10778,6125
"Stevens","Haley","haley stevens,haley m stevens","D","MI","S001215",NA,NA,NA,NA,"+","+","MI-11",2,0,0,0,0,0,0,0
"Tlaib","Rashida","rashida tlaib","D","MI","T000481",NA,NA,NA,NA,"+","+","MI-13",2,0,11635,29,1146,54,8642,3851
"Hagedorn","Jim","jim hagedorn","R","MN","H001088",NA,NA,NA,NA,"-","-","MN-01",2,0,50585,3200,5645,4238,0,2116
"Craig","Angie","angie craig","D","MN","C001119",NA,NA,NA,NA,"+","+","MN-02",2,0,4090,0,2,1,120810,35856
"Phillips","Dean","dean phillips","D","MN","P000616",NA,NA,NA,NA,"+","+","MN-03",2,0,5008,0,0,0,9368,6037
"Omar","Ilhan","ilhan omar","D","MN","O000173",NA,NA,NA,NA,"+","+","MN-05",2,0,15917,5,857,162,20495,6205
"Stauber","Pete","pete stauber","R","MN","S001212",NA,NA,NA,NA,"-","-","MN-08",2,0,109361,6200,17099,31681,0,25
"Guest","Michael","michael guest","R","MS","G000591",NA,NA,NA,NA,"-","-","MS-03",2,0,98719,0,5301,7,0,1002
"Lee","Susie","susie lee","D","NV","L000590",NA,NA,NA,NA,"+","+","NV-03",2,0,31211,0,22650,36211,96060,15565
"Pappas","Chris","chris pappas","D","NH","P000614",NA,NA,NA,NA,"+","+","NH-01",2,0,2952,0,5,0,31673,1238
"Van Drew","Jefferson","jefferson van drew","R","NJ","V000133",NA,NA,NA,NA,"+","+","NJ-02",2,0,0,0,0,0,0,0
"Kim","Andy","andy kim","D","NJ","K000394",NA,NA,NA,NA,"+","+","NJ-03",2,0,28766,0,905,0,108849,10138
"Malinowski","Tom","tom malinowski","D","NJ","M001203",NA,NA,NA,NA,"+","+","NJ-07",2,0,58923,0,107,3,157512,16033
"Sherrill","Mikie","mikie sherrill","D","NJ","S001207",NA,NA,NA,NA,"+","+","NJ-11",2,0,19574,0,253,0,55933,6022
"Haaland","Debra","debra haaland,debra a haaland","D","NM","H001080",NA,NA,NA,NA,"+",NA,"NM-01",1,0,0,0,0,0,0,0
"Torres Small","Xochitl","xochitl torres small","D","NM","T000484",NA,NA,NA,NA,"+",NA,"NM-02",1,0,39061,0,2924,69,175017,10703
"Rose","Max","max rose","D","NY","R000613",NA,NA,NA,NA,"+",NA,"NY-11",1,0,14504,0,115,3501,64448,1274
"Ocasio-Cortez","Alexandria","alexandria ocasio cortez","D","NY",NA,NA,NA,NA,NA,"+","+","NY-14",2,0,0,0,0,0,0,0
"Delgado","Antonio","antonio delgado","D","NY","D000630",NA,NA,NA,NA,"+","+","NY-19",2,0,7400,0,1400,0,72263,15208
"Brindisi","Anthony","anthony brindisi","D","NY","B001308",NA,NA,NA,NA,"+",NA,"NY-22",1,0,34385,0,2812,1004,72765,4929
"Morelle","Joe","joe morelle","D","NY",NA,NA,NA,NA,NA,"+","+","NY-25",2,0,0,0,0,0,0,0
"Armstrong","Kelly","kelly armstrong","R","ND","A000377",NA,NA,NA,NA,"-","-","ND-AL",2,0,390551,58300,30000,77350,2800,27500
"Sablan","Gregorio Kilili Camacho","gregorio kilili camacho sablan","D","MP","S001177",NA,NA,NA,NA,"+",NA,"MP-AL",1,0,0,0,0,0,0,0
"Balderson","Troy","troy balderson","R","OH","B001306",NA,NA,NA,NA,"-","-","OH-12",2,0,213131,11200,19099,14200,0,2704
"Gonzalez","Anthony","anthony gonzalez","R","OH","G000588",NA,NA,NA,NA,"-","-","OH-16",2,0,66752,34300,3410,47550,5600,6804
"Hern","Kevin","kevin hern","R","OK","H001082",NA,NA,NA,NA,"-",NA,"OK-01",1,0,237706,12750,24160,12750,0,100
"Horn","Kendra","kendra horn,kendra s horn","D","OK","H001083",NA,NA,NA,NA,"+",NA,"OK-05",1,0,0,0,0,0,0,0
"Dean","Madeleine","madeleine dean","D","PA","D000631",NA,NA,NA,NA,"+","+","PA-04",2,0,1555,0,1501,0,8327,125
"Scanlon","Mary Gay","mary gay scanlon","D","PA","S001205",NA,NA,NA,NA,"+","+","PA-05",2,0,10166,0,0,0,20372,10
"Houlahan","Chrissy","chrissy houlahan","D","PA","H001085",NA,NA,NA,NA,"+","+","PA-06",2,0,4789,0,15,0,40349,8876
"Wild","Susan","susan wild","D","PA","W000826",NA,NA,NA,NA,"+","+","PA-07",2,0,1411,0,2,402,58485,3562
"Meuser","Daniel","daniel meuser","R","PA","M001204",NA,NA,NA,NA,"-","-","PA-09",2,0,0,0,0,0,0,0
"Keller","Fred","fred keller","R","PA","K000395",NA,NA,NA,NA,"-","-","PA-12",2,0,28158,8100,14250,8100,0,0
"Joyce","John","john joyce","R","PA","J000302",NA,NA,NA,NA,"-","-","PA-13",2,0,41000,1000,7500,1000,0,0
"Reschenthaler","Guy","guy reschenthaler","R","PA","R000610",NA,NA,NA,NA,"-","-","PA-14",2,0,129500,41925,37550,47229,0,0
"González-Colón","Jenniffer","jenniffer gonz lez col n","R","PR",NA,NA,NA,NA,NA,"-",NA,"PR-AL",1,0,0,0,0,0,0,0
"Cunningham","Joe","joe cunningham","D","SC","C001122",NA,NA,NA,NA,"+",NA,"SC-01",1,0,2281,0,5,0,74454,10558
"Timmons","William","william timmons,william r timmons","R","SC","T000480",NA,NA,NA,NA,"-","-","SC-04",2,0,0,0,0,0,0,0
"Johnson","Dusty","dusty johnson","R","SD","J000301",NA,NA,NA,NA,"-","-","SD-AL",2,0,73886,0,3250,6050,0,33900
"Burchett","Tim","tim burchett","R","TN","B001309",NA,NA,NA,NA,"-","-","TN-02",2,0,24630,1150,0,1150,0,0
"Rose","John","john rose,john w rose","R","TN","R000612",NA,NA,NA,NA,"-","-","TN-06",2,0,0,0,0,0,0,0
"Green","Mark","mark green,mark e green","R","TN","G000590",NA,NA,NA,NA,"-","-","TN-07",2,0,0,0,0,0,0,0
"Crenshaw","Dan","dan crenshaw","R","TX","C001120",NA,NA,NA,NA,"-","-","TX-02",2,0,631612,1900,67633,9258,300,8310
"Taylor","Van","van taylor","R","TX","T000479",NA,NA,NA,NA,"-","-","TX-03",2,0,283665,67,5849,4767,0,160
"Gooden","Lance","lance gooden","R","TX","G000589",NA,NA,NA,NA,"-","-","TX-05",2,0,162650,0,26800,0,0,0
"Wright","Ron","ron wright","R","TX","W000827",NA,NA,NA,NA,"-",NA,"TX-06",1,0,85146,67,5599,1067,0,0
"Fletcher","Lizzie","lizzie fletcher","D","TX","F000468",NA,NA,NA,NA,"+","+","TX-07",2,0,381922,0,108136,505,26287,21753
"Escobar","Veronica","veronica escobar","D","TX","E000299",NA,NA,NA,NA,"+","+","TX-16",2,0,26159,0,216,0,5433,96
"Roy","Chip","chip roy","R","TX","R000614",NA,NA,NA,NA,"-","-","TX-21",2,0,385551,67,29123,8677,500,520
"Garcia","Sylvia","sylvia garcia,sylvia r garcia","D","TX","G000587",NA,NA,NA,NA,"+","+","TX-29",2,0,0,0,0,0,0,0
"Allred","Colin","colin allred,colin z allred","D","TX","A000376",NA,NA,NA,NA,"+","+","TX-32",2,0,0,0,0,0,0,0
"McAdams","Ben","ben mcadams","D","UT","M001209",NA,NA,NA,NA,"+",NA,"UT-04",1,0,58308,100,3980,9626,41688,23573
"Plaskett","Stacey","stacey plaskett,stacey e plaskett","D","VI","P000610",NA,NA,NA,NA,"+",NA,"VI-AL",1,0,0,0,0,0,0,0
"Luria","Elaine","elaine luria,elaine g luria","D","VA","L000591",NA,NA,NA,NA,"+","+","VA-02",2,0,0,0,0,0,0,0
"Riggleman","Denver","denver riggleman","R","VA","R000611",NA,NA,NA,NA,"-",NA,"VA-05",1,0,53200,3767,3807,3770,0,7703
"Cline","Ben","ben cline","R","VA","C001118",NA,NA,NA,NA,"-","-","VA-06",2,0,24657,2000,13400,3000,0,0
"Spanberger","Abigail","abigail spanberger","D","VA",NA,NA,NA,NA,NA,"+","+","VA-07",2,0,0,0,0,0,0,0
"Wexton","Jennifer","jennifer wexton","D","VA","W000825",NA,NA,NA,NA,"+","+","VA-10",2,0,17019,0,9131,12,57279,13285
"Schrier","Kim","kim schrier","D","WA","S001216",NA,NA,NA,NA,"+","+","WA-08",2,0,6649,0,2716,105,124069,11784
"Miller","Carol","carol miller,carol d miller","R","WV","M001205",NA,NA,NA,NA,"-","-","WV-03",2,0,0,0,0,0,0,0
"Steil","Bryan","bryan steil","R","WI","S001213",NA,NA,NA,NA,"-","-","WI-01",2,0,106166,7700,10599,10200,0,1400
"Carl","Jerry","jerry carl,jerry l carl","R","AL","C001054",NA,NA,NA,NA,NA,"-","AL-01",1,0,0,0,0,0,0,0
"Moore","Barry","barry moore","R","AL","M001212",NA,NA,NA,NA,NA,"-","AL-02",1,0,754,5000,0,5000,0,11
"Obernolte","Jay","jay obernolte","R","CA","O000019",NA,NA,NA,NA,NA,"-","CA-08",1,0,1390,0,0,475,1000,0
"Garcia","Mike","mike garcia","R","CA","G000061",NA,NA,NA,NA,NA,"-","CA-25",1,0,70269,1250,3071,1791,0,7034
"Kim","Young","young kim","R","CA","K000397",NA,NA,NA,NA,NA,"+","CA-39",1,0,66516,8360,3466,8657,10,1277
"Steel","Michelle","michelle steel","R","CA","S001135",NA,NA,NA,NA,NA,"-","CA-48",1,0,38717,5600,3229,5652,0,2226
"Jacobs","Sara","sara jacobs","D","CA","J000305",NA,NA,NA,NA,NA,"+","CA-53",1,0,0,0,0,0,4180,0
"Boebert","Lauren","lauren boebert","R","CO","B000825",NA,NA,NA,NA,NA,"-","CO-03",1,0,48984,2550,5136,3593,0,2495
"Cammack","Kat","kat cammack","R","FL","C001039",NA,NA,NA,NA,NA,"-","FL-03",1,0,15737,0,1900,0,0,11
"Franklin","Scott","scott franklin,c scott franklin","R","FL","F000472",NA,NA,NA,NA,NA,"-","FL-15",1,0,0,0,0,0,0,0
"Donalds","Byron","byron donalds","R","FL","D000032",NA,NA,NA,NA,NA,"-","FL-19",1,0,18063,0,50,50,0,35
"Giménez","Carlos","carlos gim nez","R","FL",NA,NA,NA,NA,NA,NA,"-","FL-26",1,0,0,0,0,0,0,0
"Salazar","María  Elvira","mar a elvira salazar,maria elvira salazar","R","FL","S000168",NA,NA,NA,NA,NA,"+","FL-27",1,0,0,0,0,0,0,0
"Williams","Nikema","nikema williams","D","GA","W000788",NA,NA,NA,NA,NA,"+","GA-05",1,0,0,0,0,0,0,0
"Bourdeaux","Carolyn","carolyn bourdeaux","D","GA","B001312",NA,NA,NA,NA,NA,"+","GA-07",1,0,4593,0,3533,0,54519,11794
"Clyde","Andrew","andrew clyde,andrew s clyde","R","GA","C001116",NA,NA,NA,NA,NA,"-","GA-09",1,0,0,0,0,0,0,0
"Greene","Marjorie Taylor","marjorie taylor greene","R","GA","G000596",NA,NA,NA,NA,NA,"-","GA-14",1,0,6575,0,0,250,0,100
"Kahele","Kaialiʻi","kaiali i kahele","D","HI","K000396",NA,NA,NA,NA,NA,"+","HI-02",1,0,0,0,0,0,0,0
"Newman","Marie","marie newman","D","IL","N000192",NA,NA,NA,NA,NA,"+","IL-03",1,0,1732,200,597,224,18688,2581
"Miller","Mary","mary miller,mary e miller","R","IL","M001211",NA,NA,NA,NA,NA,"-","IL-15",1,0,0,0,0,0,0,0
"Mrvan","Frank","frank mrvan,frank j mrvan","D","IN","M001214",NA,NA,NA,NA,NA,"+","IN-01",1,0,0,0,0,0,0,0
"Spartz","Victoria","victoria spartz","R","IN","S000929",NA,NA,NA,NA,NA,"-","IN-05",1,0,13307,2500,0,2605,1000,0
"Hinson","Ashley","ashley hinson","R","IA","H001091",NA,NA,NA,NA,NA,"-","IA-01",1,0,66884,13710,16635,13741,4,701
"Miller-Meeks","Mariannette","mariannette miller meeks","R","IA",NA,NA,NA,NA,NA,NA,"-","IA-02",1,0,0,0,0,0,0,0
"Feenstra","Randy","randy feenstra","R","IA","F000446",NA,NA,NA,NA,NA,"-","IA-04",1,0,38625,0,2500,0,0,35300
"Mann","Tracey","tracey mann","R","KS","M000871",NA,NA,NA,NA,NA,"-","KS-01",1,0,32050,0,1000,11200,0,42600
"LaTurner","Jake","jake laturner","R","KS","L000266",NA,NA,NA,NA,NA,"-","KS-02",1,0,149530,0,2000,14500,0,48565
"Carter","Troy","troy carter,troy a carter","D","LA","C001125",NA,NA,NA,NA,NA,"+","LA-02",1,0,0,0,0,0,0,0
"Letlow","Julia","julia letlow","R","LA","L000595",NA,NA,NA,NA,NA,"-","LA-05",1,0,0,0,0,0,0,0
"Mfume","Kweisi","kweisi mfume","D","MD","M000687",NA,NA,NA,NA,NA,"+","MD-07",1,0,1250,0,0,0,1000,0
"Auchincloss","Jake","jake auchincloss","D","MA","A000148",NA,NA,NA,NA,NA,"+","MA-04",1,0,5600,0,0,0,150,200
"Meijer","Peter","peter meijer","R","MI","M001186",NA,NA,NA,NA,NA,"+","MI-03",1,0,18050,0,5300,0,1000,0
"McClain","Lisa","lisa mcclain,lisa c mcclain","R","MI","M001136",NA,NA,NA,NA,NA,"-","MI-10",1,0,0,0,0,0,0,0
"Fischbach","Michelle","michelle fischbach","R","MN","F000470",NA,NA,NA,NA,NA,"-","MN-07",1,0,14146,0,2807,8,8,5076
"Bush","Cori","cori bush","D","MO","B001224",NA,NA,NA,NA,NA,"+","MO-01",1,0,1995,179,308,294,12903,1769
"Rosendale","Matt","matt rosendale","R","MT",NA,NA,NA,NA,NA,NA,"-","MT-AL",1,0,0,0,0,0,0,0
"Stansbury","Melanie","melanie stansbury,melanie a stansbury","D","NM","S001218",NA,NA,NA,NA,NA,"+","NM-01",1,0,0,0,0,0,0,0
"Herrell","Yvette","yvette herrell","R","NM","H001084",NA,NA,NA,NA,NA,"-","NM-02",1,0,267531,0,13211,8974,0,10
"Leger Fernández","Teresa","teresa leger fern ndez,teresa leger fernandez","D","NM","L000273",NA,NA,NA,NA,NA,"+","NM-03",1,0,0,0,0,0,0,0
"Garbarino","Andrew","andrew garbarino,andrew r garbarino","R","NY","G000597",NA,NA,NA,NA,NA,"+","NY-02",1,0,0,0,0,0,0,0
"Malliotakis","Nicole","nicole malliotakis","R","NY","M000317",NA,NA,NA,NA,NA,"-","NY-11",1,0,88105,2500,7810,2502,0,76
"Torres","Ritchie","ritchie torres","D","NY","T000486",NA,NA,NA,NA,NA,"+","NY-15",1,0,3647,0,325,0,4941,536
"Bowman","Jamaal","jamaal bowman","D","NY","B001223",NA,NA,NA,NA,NA,"+","NY-16",1,0,2667,9,1062,51,15110,7783
"Jones","Mondaire","mondaire jones","D","NY","J000306",NA,NA,NA,NA,NA,"+","NY-17",1,0,128,4,27,121,2767,1320
"Jacobs","Chris","chris jacobs","R","NY","J000020",NA,NA,NA,NA,NA,"-","NY-27",1,0,39964,0,15500,0,0,0
"Ross","Deborah","deborah ross,deborah k ross","D","NC","R000305",NA,NA,NA,NA,NA,"+","NC-02",1,0,0,0,0,0,0,0
"Murphy","Greg","greg murphy","R","NC",NA,NA,NA,NA,NA,NA,"-","NC-03",1,0,0,0,0,0,0,0
"Manning","Kathy","kathy manning,kathy e manning","D","NC","M001135",NA,NA,NA,NA,NA,"+","NC-06",1,0,0,0,0,0,0,0
"Bishop","Dan","dan bishop","R","NC","B001311",NA,NA,NA,NA,NA,"-","NC-09",1,0,40422,2525,8113,2645,0,123
"Cawthorn","Madison","madison cawthorn","R","NC","C001104",NA,NA,NA,NA,NA,"-","NC-11",1,0,19484,2900,595,3297,0,3100
"Bice","Stephanie","stephanie bice,stephanie i bice","R","OK","B000740",NA,NA,NA,NA,NA,"-","OK-05",1,0,0,0,0,0,0,0
"Bentz","Cliff","cliff bentz","R","OR","B000668",NA,NA,NA,NA,NA,"-","OR-02",1,0,36770,0,6000,0,0,11600
"Mace","Nancy","nancy mace","R","SC","M000194",NA,NA,NA,NA,NA,"+","SC-01",1,0,46948,6125,4075,6328,0,4151
"Harshbarger","Diana","diana harshbarger","R","TN","H001086",NA,NA,NA,NA,NA,"-","TN-01",1,0,8650,0,0,0,0,0
"Fallon","Pat","pat fallon","R","TX","F000246",NA,NA,NA,NA,NA,"-","TX-04",1,0,0,0,0,0,0,0
"Pfluger","August","august pfluger","R","TX","P000048",NA,NA,NA,NA,NA,"-","TX-11",1,0,540601,0,31416,5650,0,5611
"Jackson","Ronny","ronny jackson","R","TX","J000304",NA,NA,NA,NA,NA,"-","TX-13",1,0,68468,0,4225,50,25,2055
"Nehls","Troy","troy nehls,troy e nehls","R","TX","N000026",NA,NA,NA,NA,NA,"-","TX-22",1,0,0,0,0,0,0,0
"Gonzales","Tony","tony gonzales","R","TX","G000594",NA,NA,NA,NA,NA,"-","TX-23",1,0,246893,8,38551,642,0,140
"Van Duyne","Beth","beth van duyne","R","TX","V000134",NA,NA,NA,NA,NA,"-","TX-24",1,0,0,0,0,0,0,0
"Moore","Blake","blake moore,blake d moore","R","UT","M001213",NA,NA,NA,NA,NA,"-","UT-01",1,0,0,0,0,0,0,0
"Owens","Burgess","burgess owens","R","UT","O000086",NA,NA,NA,NA,NA,"-","UT-04",1,0,47422,3360,6943,3757,0,335
"Good","Robert","robert good","R","VA",NA,NA,NA,NA,NA,NA,"-","VA-05",1,0,0,0,0,0,0,0
"Strickland","Marilyn","marilyn strickland","D","WA","S001159",NA,NA,NA,NA,NA,"+","WA-10",1,0,60,0,0,0,5835,0
"Fitzgerald","Scott","scott fitzgerald","R","WI","F000471",NA,NA,NA,NA,NA,"-","WI-05",1,0,14600,0,2500,0,0,0
"Tiffany","Tom","tom tiffany","R","WI",NA,NA,NA,NA,NA,NA,"-","WI-07",1,0,0,0,0,0,0,0
